Registro_HR;ID_Empleado;Fecha_de_Nacimiento;ID_Salida_Renuncia_a_fin_de_año;ID_Tipo_de_trabajo_por_viaje;ID_Área_de_trabajo;Distancia_del_hogar_al_trabajo_millas;ID Nivel_de_Educación;ID_Campo_Educativo;ID_Participación_en_el_trabajo;ID_Puesto;ID_Satisfacción_laboral;Salario_Mensual;N_de_empresas_en_las_que_trabajo;ID_Horas_extra;ID_Calificación_de_rendimiento;Total_de_años_de_trabajo;N_capacitaciones_que_recibió_el_año_pasado;ID_Balance_Vida_Trabajo;Fecha_de_contrato;Años_en_la_empresa;Años_en_el_puesto_actual;Años_desde_el_ultimo_ascenso;Años_con_el_gerente_actual
34;42;lunes, 3 de octubre de 1983;NO;VIAJA RARAMENTE;VENTAS;5;LICENCIATURA;TITULO TECNICO;ALTA;REPRESENTATE DE VENTAS;MUY ALTA;2086;3;SI;EXCELENTE;19;6;EXCELENTE;viernes, 19 de marzo de 2021;1;0;0;0
41;53;sábado, 28 de febrero de 1987;SI;VIAJA RARAMENTE;INVESTIGACIOÓN Y DESARROLLO;4;UNIVERSITARIO;OTRO;ALTA;TECNICO DE LABORATORIO;MUY ALTA;1951;1;SI;EXCELENTE;1;3;MUY BUENO;lunes, 19 de julio de 2021;1;0;0;0
42;54;miércoles, 13 de diciembre de 1995;SI;VIAJA RARAMENTE;INVESTIGACIOÓN Y DESARROLLO;2;MAESTRIA;CIENCIAS DE LA VIDA;ALTA;TECNICO DE LABORATORIO;BAJA;2341;1;SI;EXCELENTE;1;6;MUY BUENO;viernes, 2 de abril de 2021;1;0;0;0
51;64;jueves, 14 de noviembre de 1974;NO;VIAJA RARAMENTE;INVESTIGACIOÓN Y DESARROLLO;1;UNIVERSITARIO;CIENCIAS DE LA VIDA;MEDIA;TECNICO DE LABORATORIO;ALTA;5381;9;NO;EXCELENTE;23;2;MUY BUENO;viernes, 3 de septiembre de 2021;1;0;0;0
68;86;martes, 22 de noviembre de 1977;SI;VIAJA RARAMENTE;INVESTIGACIOÓN Y DESARROLLO;7;LICENCIATURA;CIENCIAS DE LA VIDA;ALTA;CIENTIFICO DE INVESTIGACION;BAJA;9724;2;SI;EXCELENTE;25;2;MUY BUENO;viernes, 6 de agosto de 2021;1;0;0;0
70;90;viernes, 27 de junio de 1986;NO;VIAJA RARAMENTE;INVESTIGACIOÓN Y DESARROLLO;9;LICENCIATURA;MEDICO;MEDIA;CIENTIFICO DE INVESTIGACION;ALTA;3388;0;NO;EXCELENTE;2;0;BUENO;jueves, 5 de agosto de 2021;1;0;0;0
75;97;jueves, 27 de febrero de 1986;SI;VIAJA RARAMENTE;INVESTIGACIOÓN Y DESARROLLO;6;LICENCIATURA;CIENCIAS DE LA VIDA;MUY ALTA;TECNICO DE LABORATORIO;MUY ALTA;3038;3;SI;EXCELENTE;5;3;MUY BUENO;jueves, 15 de abril de 2021;1;0;0;0
102;134;sábado, 24 de marzo de 1990;SI;VIAJA RARAMENTE;INVESTIGACIOÓN Y DESARROLLO;1;POR DEBAJO DE LA UNIVERSIDAD;CIENCIAS DE LA VIDA;ALTA;CIENTIFICO DE INVESTIGACION;BAJA;2956;1;SI;EXCELENTE;1;2;MUY BUENO;miércoles, 15 de septiembre de 2021;1;0;0;0
115;151;jueves, 19 de mayo de 1988;SI;VIAJA RARAMENTE;INVESTIGACIOÓN Y DESARROLLO;6;MAESTRIA;CIENCIAS DE LA VIDA;MEDIA;CIENTIFICO DE INVESTIGACION;MEDIA;4505;6;SI;EXCELENTE;12;3;MUY BUENO;miércoles, 15 de septiembre de 2021;1;0;0;0
150;201;viernes, 28 de noviembre de 2003;SI;VIAJA RARAMENTE;INVESTIGACIOÓN Y DESARROLLO;3;POR DEBAJO DE LA UNIVERSIDAD;MEDICO;ALTA;TECNICO DE LABORATORIO;MEDIA;1483;1;SI;EXCELENTE;1;3;MUY BUENO;domingo, 25 de julio de 2021;1;0;0;0
157;211;domingo, 25 de abril de 1971;SI;VIAJA RARAMENTE;INVESTIGACIOÓN Y DESARROLLO;7;MAESTRIA;MEDICO;MEDIA;DIRECTOR DE MANUFACTURA;ALTA;6132;2;SI;EXCELENTE;10;2;MUY BUENO;miércoles, 17 de noviembre de 2021;1;0;0;0
199;271;miércoles, 7 de marzo de 1984;SI;VIAJA RARAMENTE;INVESTIGACIOÓN Y DESARROLLO;2;MAESTRIA;CIENCIAS DE LA VIDA;ALTA;DIRECTOR DE MANUFACTURA;ALTA;6553;9;SI;EXCELENTE;14;3;MUY BUENO;sábado, 13 de febrero de 2021;1;0;0;0
205;282;viernes, 12 de octubre de 1984;NO;VIAJA RARAMENTE;INVESTIGACIOÓN Y DESARROLLO;29;POR DEBAJO DE LA UNIVERSIDAD;MEDICO;ALTA;REPRESENTANTE DE ATENCION MEDICA;BAJA;6673;7;NO;EXCELENTE;17;2;MUY BUENO;martes, 28 de diciembre de 2021;1;0;0;0
216;298;sábado, 8 de agosto de 1981;SI;VIAJA RARAMENTE;VENTAS;6;LICENCIATURA;CIENCIAS DE LA VIDA;ALTA;GERENTE DE EJECUTIVO DE VENTAS;MUY ALTA;13591;3;NO;EXCELENTE;16;3;MUY BUENO;domingo, 3 de enero de 2021;1;0;0;0
226;309;miércoles, 24 de abril de 1963;SI;VIAJA RARAMENTE;INVESTIGACIOÓN Y DESARROLLO;3;LICENCIATURA;CIENCIAS DE LA VIDA;MEDIA;CIENTIFICO DE INVESTIGACION;MUY ALTA;2177;3;SI;EXCELENTE;7;6;MUY BUENO;martes, 14 de septiembre de 2021;1;0;0;0
243;334;viernes, 2 de enero de 1981;SI;VIAJA RARAMENTE;INVESTIGACIOÓN Y DESARROLLO;19;UNIVERSITARIO;CIENCIAS DE LA VIDA;ALTA;CIENTIFICO DE INVESTIGACION;BAJA;3072;2;SI;EXCELENTE;17;2;BUENO;viernes, 17 de septiembre de 2021;1;0;0;0
259;353;martes, 9 de noviembre de 1971;SI;VIAJA RARAMENTE;INVESTIGACIOÓN Y DESARROLLO;1;LICENCIATURA;CIENCIAS DE LA VIDA;ALTA;CIENTIFICO DE INVESTIGACION;MUY ALTA;2723;1;SI;EXCELENTE;1;0;BUENO;viernes, 17 de septiembre de 2021;1;0;0;0
328;445;domingo, 27 de febrero de 1983;NO;VIAJA RARAMENTE;VENTAS;3;UNIVERSITARIO;MEDICO;ALTA;EJECUTIVO DE VENTAS;ALTA;5238;4;NO;EXCELENTE;12;3;BUENO;domingo, 19 de septiembre de 2021;1;0;0;0
334;451;martes, 21 de agosto de 1979;SI;VIAJA RARAMENTE;INVESTIGACIOÓN Y DESARROLLO;7;LICENCIATURA;CIENCIAS DE LA VIDA;ALTA;REPRESENTANTE DE ATENCION MEDICA;BAJA;9985;8;SI;EXCELENTE;10;1;BUENO;sábado, 30 de octubre de 2021;1;0;0;0
349;468;jueves, 9 de octubre de 1980;SI;VIAJA RARAMENTE;INVESTIGACIOÓN Y DESARROLLO;23;DOCTORADO;CIENCIAS DE LA VIDA;ALTA;DIRECTOR INVESTIGACION Y DESARROLLO;MUY ALTA;15992;2;SI;EXCELENTE;16;2;MUY BUENO;viernes, 29 de enero de 2021;1;0;0;0
364;485;miércoles, 23 de agosto de 1989;NO;VIAJA RARAMENTE;VENTAS;5;LICENCIATURA;MARKETING;ALTA;REPRESENTATE DE VENTAS;ALTA;2851;1;NO;EXCELENTE;1;2;MUY BUENO;viernes, 19 de marzo de 2021;1;0;0;0
371;494;viernes, 23 de marzo de 2001;NO;VIAJA RARAMENTE;VENTAS;12;LICENCIATURA;CIENCIAS DE LA VIDA;MUY ALTA;REPRESENTATE DE VENTAS;MEDIA;2716;1;SI;EXCELENTE;1;0;MUY BUENO;viernes, 19 de marzo de 2021;1;0;0;0
382;508;domingo, 26 de enero de 1992;SI;VIAJA RARAMENTE;VENTAS;2;POR DEBAJO DE LA UNIVERSIDAD;TITULO TECNICO;ALTA;REPRESENTATE DE VENTAS;MEDIA;2476;1;SI;EXCELENTE;1;3;MUY BUENO;viernes, 14 de mayo de 2021;1;0;0;0
423;566;miércoles, 27 de agosto de 2003;NO;VIAJA RARAMENTE;RRHH;2;UNIVERSITARIO;TITULO TECNICO;MEDIA;RRHH;MUY ALTA;2564;1;SI;EXCELENTE;1;3;EXCELENTE;martes, 18 de mayo de 2021;1;0;0;0
425;568;viernes, 21 de mayo de 1965;NO;VIAJA RARAMENTE;VENTAS;29;LICENCIATURA;MARKETING;MEDIA;GERENTE DE EJECUTIVO DE VENTAS;MUY ALTA;14118;3;SI;EXCELENTE;32;3;BUENO;martes, 17 de agosto de 2021;1;0;0;0
432;578;sábado, 19 de octubre de 1968;SI;VIAJA RARAMENTE;INVESTIGACIOÓN Y DESARROLLO;8;MAESTRIA;CIENCIAS DE LA VIDA;ALTA;TECNICO DE LABORATORIO;ALTA;3780;7;SI;EXCELENTE;19;3;MUY BUENO;lunes, 18 de enero de 2021;1;0;0;0
464;622;jueves, 11 de enero de 1996;NO;VIAJA RARAMENTE;INVESTIGACIOÓN Y DESARROLLO;24;LICENCIATURA;TITULO TECNICO;BAJA;TECNICO DE LABORATORIO;MUY ALTA;2340;1;NO;EXCELENTE;1;3;MALO;lunes, 7 de junio de 2021;1;0;0;0
472;634;jueves, 18 de octubre de 1984;SI;VIAJA RARAMENTE;INVESTIGACIOÓN Y DESARROLLO;10;LICENCIATURA;MEDICO;ALTA;REPRESENTANTE DE ATENCION MEDICA;ALTA;9824;3;SI;EXCELENTE;18;4;MUY BUENO;lunes, 17 de mayo de 2021;1;0;0;0
488;657;sábado, 9 de noviembre de 2002;SI;VIAJA RARAMENTE;INVESTIGACIOÓN Y DESARROLLO;1;LICENCIATURA;CIENCIAS DE LA VIDA;MEDIA;CIENTIFICO DE INVESTIGACION;MEDIA;2836;1;SI;EXCELENTE;1;0;EXCELENTE;viernes, 6 de agosto de 2021;1;0;0;0
490;661;miércoles, 9 de mayo de 1979;SI;VIAJA RARAMENTE;INVESTIGACIOÓN Y DESARROLLO;6;MAESTRIA;OTRO;MEDIA;DIRECTOR INVESTIGACION Y DESARROLLO;MUY ALTA;16627;4;NO;EXCELENTE;21;3;BUENO;domingo, 10 de octubre de 2021;1;0;0;0
523;715;domingo, 28 de abril de 1985;SI;VIAJA RARAMENTE;INVESTIGACIOÓN Y DESARROLLO;10;UNIVERSITARIO;CIENCIAS DE LA VIDA;MUY ALTA;CIENTIFICO DE INVESTIGACION;MUY ALTA;4680;3;SI;EXCELENTE;4;2;MUY BUENO;miércoles, 13 de octubre de 2021;1;0;0;0
543;743;viernes, 28 de septiembre de 1984;SI;VIAJA RARAMENTE;INVESTIGACIOÓN Y DESARROLLO;1;LICENCIATURA;CIENCIAS DE LA VIDA;ALTA;DIRECTOR DE MANUFACTURA;ALTA;7861;4;NO;EXCELENTE;10;4;EXCELENTE;martes, 21 de septiembre de 2021;1;0;0;0
547;749;viernes, 8 de octubre de 1993;SI;VIAJA RARAMENTE;VENTAS;10;LICENCIATURA;CIENCIAS DE LA VIDA;ALTA;REPRESENTATE DE VENTAS;ALTA;2642;1;SI;EXCELENTE;1;6;MUY BUENO;viernes, 14 de mayo de 2021;1;0;0;0
590;816;martes, 7 de septiembre de 1993;NO;VIAJA RARAMENTE;INVESTIGACIOÓN Y DESARROLLO;1;UNIVERSITARIO;CIENCIAS DE LA VIDA;MEDIA;TECNICO DE LABORATORIO;BAJA;2319;1;NO;EXCELENTE;1;1;MUY BUENO;jueves, 2 de septiembre de 2021;1;0;0;0
604;834;jueves, 24 de noviembre de 1977;SI;VIAJA RARAMENTE;INVESTIGACIOÓN Y DESARROLLO;2;LICENCIATURA;CIENCIAS DE LA VIDA;MEDIA;CIENTIFICO DE INVESTIGACION;ALTA;2274;1;SI;EXCELENTE;1;3;MUY BUENO;viernes, 15 de enero de 2021;1;0;0;0
629;868;domingo, 4 de agosto de 1985;NO;VIAJA RARAMENTE;VENTAS;16;MAESTRIA;MARKETING;MEDIA;EJECUTIVO DE VENTAS;ALTA;6334;4;SI;EXCELENTE;9;2;MUY BUENO;jueves, 16 de diciembre de 2021;1;0;0;0
664;923;lunes, 5 de noviembre de 2001;NO;VIAJA RARAMENTE;INVESTIGACIOÓN Y DESARROLLO;18;POR DEBAJO DE LA UNIVERSIDAD;OTRO;ALTA;CIENTIFICO DE INVESTIGACION;MUY ALTA;2693;1;SI;EXCELENTE;1;3;BUENO;viernes, 15 de enero de 2021;1;0;0;0
684;952;miércoles, 16 de abril de 1997;NO;VIAJA RARAMENTE;VENTAS;19;UNIVERSITARIO;MARKETING;MEDIA;REPRESENTATE DE VENTAS;MEDIA;2413;1;NO;EXCELENTE;1;2;MUY BUENO;domingo, 1 de agosto de 2021;1;0;0;0
685;954;martes, 25 de mayo de 1982;SI;VIAJA RARAMENTE;VENTAS;10;MAESTRIA;MARKETING;MEDIA;EJECUTIVO DE VENTAS;MEDIA;9705;2;SI;EXCELENTE;11;2;BUENO;lunes, 23 de agosto de 2021;1;0;0;0
689;959;sábado, 27 de diciembre de 2003;NO;VIAJA RARAMENTE;VENTAS;21;LICENCIATURA;OTRO;MEDIA;REPRESENTATE DE VENTAS;MEDIA;2121;1;NO;EXCELENTE;1;3;EXCELENTE;lunes, 2 de agosto de 2021;1;0;0;0
690;960;domingo, 10 de noviembre de 2002;NO;VIAJA RARAMENTE;INVESTIGACIOÓN Y DESARROLLO;4;LICENCIATURA;TITULO TECNICO;ALTA;TECNICO DE LABORATORIO;BAJA;2973;1;SI;EXCELENTE;1;2;MUY BUENO;martes, 7 de septiembre de 2021;1;0;0;0
732;1016;lunes, 25 de febrero de 2002;NO;VIAJA RARAMENTE;INVESTIGACIOÓN Y DESARROLLO;11;LICENCIATURA;MEDICO;MEDIA;CIENTIFICO DE INVESTIGACION;BAJA;2600;1;NO;EXCELENTE;1;2;MUY BUENO;jueves, 5 de agosto de 2021;1;0;0;0
742;1029;martes, 26 de agosto de 1980;SI;VIAJA RARAMENTE;VENTAS;5;UNIVERSITARIO;MARKETING;ALTA;GERENTE DE EJECUTIVO DE VENTAS;ALTA;18303;6;SI;EXCELENTE;21;3;EXCELENTE;domingo, 3 de octubre de 2021;1;0;0;0
743;1030;miércoles, 16 de agosto de 1972;SI;VIAJA RARAMENTE;INVESTIGACIOÓN Y DESARROLLO;9;LICENCIATURA;CIENCIAS DE LA VIDA;ALTA;TECNICO DE LABORATORIO;MUY ALTA;2380;4;SI;EXCELENTE;8;5;MUY BUENO;sábado, 4 de septiembre de 2021;1;0;0;0
745;1033;viernes, 19 de julio de 1985;NO;VIAJA RARAMENTE;INVESTIGACIOÓN Y DESARROLLO;11;UNIVERSITARIO;MEDICO;BAJA;REPRESENTANTE DE ATENCION MEDICA;MEDIA;4777;5;SI;EXCELENTE;15;2;MALO;viernes, 25 de junio de 2021;1;0;0;0
748;1036;miércoles, 20 de junio de 1984;SI;VIAJA RARAMENTE;VENTAS;3;MAESTRIA;CIENCIAS DE LA VIDA;ALTA;EJECUTIVO DE VENTAS;MUY ALTA;6861;8;NO;EXCELENTE;19;1;MUY BUENO;lunes, 23 de agosto de 2021;1;0;0;0
762;1052;domingo, 12 de enero de 1986;NO;VIAJA RARAMENTE;INVESTIGACIOÓN Y DESARROLLO;15;LICENCIATURA;OTRO;ALTA;TECNICO DE LABORATORIO;ALTA;4834;7;SI;EXCELENTE;9;3;BUENO;lunes, 15 de marzo de 2021;1;0;0;0
776;1076;lunes, 22 de enero de 1979;SI;VIAJA RARAMENTE;VENTAS;25;LICENCIATURA;MEDICO;MEDIA;EJECUTIVO DE VENTAS;MUY ALTA;10798;5;SI;EXCELENTE;18;5;MUY BUENO;martes, 24 de agosto de 2021;1;0;0;0
796;1105;martes, 22 de octubre de 1985;SI;VIAJA RARAMENTE;VENTAS;10;MAESTRIA;CIENCIAS DE LA VIDA;MEDIA;EJECUTIVO DE VENTAS;MUY ALTA;6694;2;NO;EXCELENTE;8;5;MUY BUENO;martes, 14 de septiembre de 2021;1;0;0;0
812;1125;jueves, 5 de enero de 1984;SI;VIAJA RARAMENTE;VENTAS;2;UNIVERSITARIO;MARKETING;ALTA;EJECUTIVO DE VENTAS;MEDIA;7351;7;SI;EXCELENTE;10;2;MUY BUENO;lunes, 13 de septiembre de 2021;1;0;0;0
825;1148;lunes, 11 de febrero de 1980;SI;VIAJA RARAMENTE;INVESTIGACIOÓN Y DESARROLLO;29;LICENCIATURA;MEDICO;BAJA;TECNICO DE LABORATORIO;MUY ALTA;4272;4;SI;EXCELENTE;16;3;MUY BUENO;sábado, 4 de septiembre de 2021;1;0;0;0
831;1158;lunes, 24 de agosto de 1981;SI;VIAJA RARAMENTE;INVESTIGACIOÓN Y DESARROLLO;12;MAESTRIA;CIENCIAS DE LA VIDA;ALTA;TECNICO DE LABORATORIO;MUY ALTA;4766;3;NO;EXCELENTE;6;4;MUY BUENO;sábado, 24 de abril de 2021;1;0;0;0
872;1219;miércoles, 11 de marzo de 1998;NO;VIAJA RARAMENTE;INVESTIGACIOÓN Y DESARROLLO;17;UNIVERSITARIO;CIENCIAS DE LA VIDA;ALTA;TECNICO DE LABORATORIO;MEDIA;2210;1;SI;EXCELENTE;1;3;MALO;lunes, 6 de diciembre de 2021;1;0;0;0
900;1256;sábado, 13 de enero de 1973;SI;VIAJA RARAMENTE;INVESTIGACIOÓN Y DESARROLLO;4;UNIVERSITARIO;MEDICO;MEDIA;GERENTE INVESTIGACION Y DESARROLLO;ALTA;18711;2;SI;EXCELENTE;23;2;EXCELENTE;viernes, 5 de marzo de 2021;1;0;0;0
902;1258;domingo, 5 de mayo de 1974;SI;VIAJA RARAMENTE;INVESTIGACIOÓN Y DESARROLLO;2;UNIVERSITARIO;TITULO TECNICO;MUY ALTA;TECNICO DE LABORATORIO;MEDIA;2559;5;SI;EXCELENTE;7;4;BUENO;miércoles, 28 de abril de 2021;1;0;0;0
905;1263;viernes, 24 de mayo de 1974;SI;VIAJA RARAMENTE;INVESTIGACIOÓN Y DESARROLLO;1;LICENCIATURA;CIENCIAS DE LA VIDA;MEDIA;DIRECTOR INVESTIGACION Y DESARROLLO;MUY ALTA;18265;6;SI;EXCELENTE;25;3;EXCELENTE;martes, 14 de septiembre de 2021;1;0;0;0
907;1265;jueves, 8 de diciembre de 1988;SI;VIAJA RARAMENTE;INVESTIGACIOÓN Y DESARROLLO;20;LICENCIATURA;TITULO TECNICO;MUY ALTA;CIENTIFICO DE INVESTIGACION;ALTA;2585;0;SI;EXCELENTE;2;5;BUENO;domingo, 8 de agosto de 2021;1;0;0;0
926;1292;sábado, 10 de mayo de 1980;SI;VIAJA RARAMENTE;INVESTIGACIOÓN Y DESARROLLO;7;MAESTRIA;MEDICO;MUY ALTA;CIENTIFICO DE INVESTIGACION;MEDIA;2372;6;NO;EXCELENTE;18;2;MUY BUENO;lunes, 9 de agosto de 2021;1;0;0;0
971;1364;sábado, 11 de marzo de 1995;SI;VIAJA RARAMENTE;VENTAS;11;LICENCIATURA;MEDICO;MUY ALTA;REPRESENTATE DE VENTAS;MUY ALTA;2534;8;SI;EXCELENTE;5;4;MUY BUENO;miércoles, 27 de enero de 2021;1;0;0;0
1017;1433;domingo, 14 de abril de 1991;NO;VIAJA RARAMENTE;INVESTIGACIOÓN Y DESARROLLO;8;LICENCIATURA;CIENCIAS DE LA VIDA;MEDIA;CIENTIFICO DE INVESTIGACION;MEDIA;1261;1;SI;EXCELENTE;1;3;EXCELENTE;martes, 10 de agosto de 2021;1;0;0;0
1060;1492;sábado, 3 de octubre de 1987;SI;VIAJA RARAMENTE;VENTAS;7;POR DEBAJO DE LA UNIVERSIDAD;CIENCIAS DE LA VIDA;ALTA;REPRESENTATE DE VENTAS;ALTA;2404;1;SI;EXCELENTE;1;3;MUY BUENO;domingo, 1 de agosto de 2021;1;0;0;0
1070;1506;lunes, 17 de octubre de 1994;SI;VIAJA RARAMENTE;INVESTIGACIOÓN Y DESARROLLO;1;LICENCIATURA;CIENCIAS DE LA VIDA;MEDIA;CIENTIFICO DE INVESTIGACION;ALTA;1563;1;SI;EXCELENTE;1;2;MALO;martes, 27 de abril de 2021;1;0;0;0
1089;1542;miércoles, 10 de septiembre de 1980;SI;VIAJA RARAMENTE;INVESTIGACIOÓN Y DESARROLLO;2;LICENCIATURA;MEDICO;MEDIA;TECNICO DE LABORATORIO;MEDIA;4841;4;SI;EXCELENTE;4;3;MUY BUENO;sábado, 27 de noviembre de 2021;1;0;0;0
1105;1558;miércoles, 25 de agosto de 1993;SI;VIAJA RARAMENTE;INVESTIGACIOÓN Y DESARROLLO;9;LICENCIATURA;CIENCIAS DE LA VIDA;MUY ALTA;CIENTIFICO DE INVESTIGACION;ALTA;2451;6;SI;EXCELENTE;5;2;BUENO;jueves, 12 de agosto de 2021;1;0;0;0
1111;1569;viernes, 17 de julio de 1987;NO;VIAJA RARAMENTE;INVESTIGACIOÓN Y DESARROLLO;2;LICENCIATURA;CIENCIAS DE LA VIDA;ALTA;TECNICO DE LABORATORIO;BAJA;2074;1;NO;EXCELENTE;1;2;MUY BUENO;lunes, 18 de enero de 2021;1;0;0;0
1116;1577;lunes, 13 de junio de 1988;SI;VIAJA RARAMENTE;INVESTIGACIOÓN Y DESARROLLO;7;MAESTRIA;MEDICO;ALTA;CIENTIFICO DE INVESTIGACION;MUY ALTA;2972;1;SI;EXCELENTE;1;4;MALO;martes, 27 de abril de 2021;1;0;0;0
1122;1585;lunes, 26 de mayo de 1986;SI;VIAJA RARAMENTE;VENTAS;1;MAESTRIA;CIENCIAS DE LA VIDA;ALTA;EJECUTIVO DE VENTAS;ALTA;6815;6;SI;EXCELENTE;15;5;MUY BUENO;martes, 14 de septiembre de 2021;1;0;0;0
1127;1591;jueves, 17 de febrero de 1972;SI;VIAJA RARAMENTE;VENTAS;9;LICENCIATURA;MARKETING;ALTA;GERENTE DE EJECUTIVO DE VENTAS;ALTA;19331;4;NO;EXCELENTE;27;2;MUY BUENO;miércoles, 15 de diciembre de 2021;1;0;0;0
1206;1692;sábado, 13 de enero de 1990;NO;VIAJA RARAMENTE;INVESTIGACIOÓN Y DESARROLLO;2;MAESTRIA;CIENCIAS DE LA VIDA;ALTA;TECNICO DE LABORATORIO;MEDIA;1393;1;SI;EXCELENTE;1;2;MUY BUENO;sábado, 11 de septiembre de 2021;1;0;0;0
1223;1714;domingo, 5 de julio de 1998;NO;VIAJA RARAMENTE;RRHH;22;POR DEBAJO DE LA UNIVERSIDAD;RRHH;BAJA;RRHH;ALTA;1555;1;SI;EXCELENTE;1;2;MUY BUENO;miércoles, 15 de diciembre de 2021;1;0;0;0
1230;1724;lunes, 1 de febrero de 1982;SI;VIAJA RARAMENTE;INVESTIGACIOÓN Y DESARROLLO;8;UNIVERSITARIO;CIENCIAS DE LA VIDA;ALTA;DIRECTOR DE MANUFACTURA;BAJA;6516;2;NO;EXCELENTE;18;3;MUY BUENO;martes, 5 de enero de 2021;1;0;0;0
1258;1761;jueves, 28 de noviembre de 1991;NO;VIAJA RARAMENTE;VENTAS;16;MAESTRIA;MARKETING;ALTA;EJECUTIVO DE VENTAS;ALTA;8161;2;SI;EXCELENTE;10;2;MUY BUENO;domingo, 2 de mayo de 2021;1;0;0;0
1259;1762;viernes, 30 de abril de 1993;SI;VIAJA RARAMENTE;INVESTIGACIOÓN Y DESARROLLO;4;LICENCIATURA;TITULO TECNICO;MEDIA;CIENTIFICO DE INVESTIGACION;BAJA;2109;1;SI;EXCELENTE;1;2;MUY BUENO;lunes, 26 de abril de 2021;1;0;0;0
1265;1770;miércoles, 7 de junio de 1967;SI;VIAJA RARAMENTE;INVESTIGACIOÓN Y DESARROLLO;2;LICENCIATURA;MEDICO;MEDIA;DIRECTOR INVESTIGACION Y DESARROLLO;BAJA;19038;8;SI;EXCELENTE;34;2;MUY BUENO;martes, 16 de marzo de 2021;1;0;0;0
1274;1783;domingo, 16 de julio de 2000;NO;VIAJA RARAMENTE;INVESTIGACIOÓN Y DESARROLLO;8;POR DEBAJO DE LA UNIVERSIDAD;MEDICO;ALTA;TECNICO DE LABORATORIO;BAJA;2398;1;NO;EXCELENTE;1;6;MUY BUENO;domingo, 6 de junio de 2021;1;0;0;0
1313;1842;miércoles, 21 de agosto de 1991;NO;VIAJA RARAMENTE;RRHH;18;DOCTORADO;RRHH;MUY ALTA;RRHH;BAJA;2956;0;SI;EXCELENTE;2;4;MUY BUENO;sábado, 9 de enero de 2021;1;0;0;0
1330;1865;jueves, 28 de octubre de 1993;SI;VIAJA RARAMENTE;RRHH;6;POR DEBAJO DE LA UNIVERSIDAD;MEDICO;MEDIA;RRHH;MEDIA;2804;1;SI;EXCELENTE;1;3;MUY BUENO;miércoles, 24 de noviembre de 2021;1;0;0;0
1338;1875;miércoles, 30 de noviembre de 1994;SI;VIAJA RARAMENTE;VENTAS;3;LICENCIATURA;MEDICO;ALTA;REPRESENTATE DE VENTAS;MEDIA;2856;1;SI;EXCELENTE;1;3;MUY BUENO;jueves, 28 de enero de 2021;1;0;0;0
1339;1876;martes, 25 de agosto de 1992;NO;VIAJA RARAMENTE;VENTAS;9;LICENCIATURA;MEDICO;ALTA;REPRESENTATE DE VENTAS;MUY ALTA;1081;1;SI;EXCELENTE;1;3;BUENO;jueves, 28 de enero de 2021;1;0;0;0
1375;1938;sábado, 20 de junio de 1964;SI;VIAJA RARAMENTE;VENTAS;21;LICENCIATURA;CIENCIAS DE LA VIDA;ALTA;GERENTE DE EJECUTIVO DE VENTAS;MUY ALTA;17875;4;NO;EXCELENTE;29;2;BUENO;lunes, 19 de julio de 2021;1;0;0;0
1392;1961;miércoles, 25 de abril de 1984;SI;VIAJA RARAMENTE;VENTAS;1;LICENCIATURA;CIENCIAS DE LA VIDA;MEDIA;REPRESENTATE DE VENTAS;BAJA;2858;4;SI;EXCELENTE;20;3;BUENO;lunes, 2 de agosto de 2021;1;0;0;0
1403;1974;martes, 10 de septiembre de 1991;SI;VIAJA RARAMENTE;INVESTIGACIOÓN Y DESARROLLO;2;POR DEBAJO DE LA UNIVERSIDAD;MEDICO;BAJA;TECNICO DE LABORATORIO;MUY ALTA;1129;1;NO;EXCELENTE;1;4;MUY BUENO;martes, 27 de abril de 2021;1;0;0;0
1428;2012;domingo, 14 de febrero de 1982;SI;VIAJA RARAMENTE;INVESTIGACIOÓN Y DESARROLLO;1;MAESTRIA;CIENCIAS DE LA VIDA;ALTA;TECNICO DE LABORATORIO;MUY ALTA;2406;8;SI;EXCELENTE;8;3;BUENO;domingo, 4 de abril de 2021;1;0;0;0
7;10;viernes, 6 de diciembre de 1963;SI;VIAJA RARAMENTE;INVESTIGACIOÓN Y DESARROLLO;3;LICENCIATURA;MEDICO;MUY ALTA;TECNICO DE LABORATORIO;BAJA;2670;4;NO;SOBRESALIENTE;12;3;BUENO;sábado, 11 de septiembre de 2021;1;0;0;0
8;11;jueves, 16 de julio de 1992;SI;VIAJA RARAMENTE;INVESTIGACIOÓN Y DESARROLLO;24;POR DEBAJO DE LA UNIVERSIDAD;CIENCIAS DE LA VIDA;ALTA;TECNICO DE LABORATORIO;ALTA;2693;1;SI;SOBRESALIENTE;1;2;MUY BUENO;domingo, 12 de septiembre de 2021;1;0;0;0
48;61;jueves, 25 de julio de 1985;NO;VIAJA RARAMENTE;INVESTIGACIOÓN Y DESARROLLO;19;UNIVERSITARIO;CIENCIAS DE LA VIDA;ALTA;CIENTIFICO DE INVESTIGACION;MEDIA;3022;4;SI;SOBRESALIENTE;8;1;MUY BUENO;jueves, 5 de agosto de 2021;1;0;0;0
119;155;martes, 15 de julio de 1986;SI;VIAJA RARAMENTE;INVESTIGACIOÓN Y DESARROLLO;3;UNIVERSITARIO;CIENCIAS DE LA VIDA;ALTA;TECNICO DE LABORATORIO;MUY ALTA;2835;5;SI;SOBRESALIENTE;7;2;MUY BUENO;jueves, 22 de julio de 2021;1;0;0;0
158;214;jueves, 15 de octubre de 1964;SI;VIAJA RARAMENTE;INVESTIGACIOÓN Y DESARROLLO;9;LICENCIATURA;MEDICO;MEDIA;CIENTIFICO DE INVESTIGACION;MEDIA;3346;4;NO;SOBRESALIENTE;9;3;BUENO;jueves, 16 de septiembre de 2021;1;0;0;0
357;477;jueves, 26 de junio de 1980;SI;VIAJA RARAMENTE;INVESTIGACIOÓN Y DESARROLLO;2;MAESTRIA;OTRO;MEDIA;REPRESENTANTE DE ATENCION MEDICA;MUY ALTA;6781;3;SI;SOBRESALIENTE;14;6;MUY BUENO;jueves, 5 de agosto de 2021;1;0;0;0
392;521;miércoles, 29 de diciembre de 1982;SI;VIAJA RARAMENTE;INVESTIGACIOÓN Y DESARROLLO;2;LICENCIATURA;MEDICO;MEDIA;TECNICO DE LABORATORIO;ALTA;3448;6;SI;SOBRESALIENTE;20;3;MUY BUENO;miércoles, 29 de septiembre de 2021;1;0;0;0
477;643;viernes, 24 de abril de 1998;NO;VIAJA RARAMENTE;INVESTIGACIOÓN Y DESARROLLO;17;UNIVERSITARIO;OTRO;MEDIA;TECNICO DE LABORATORIO;MEDIA;2127;1;SI;SOBRESALIENTE;1;2;MUY BUENO;sábado, 16 de enero de 2021;1;0;0;0
662;920;viernes, 27 de abril de 1979;SI;VIAJA RARAMENTE;INVESTIGACIOÓN Y DESARROLLO;8;LICENCIATURA;CIENCIAS DE LA VIDA;ALTA;DIRECTOR DE MANUFACTURA;MEDIA;4765;4;SI;SOBRESALIENTE;4;2;EXCELENTE;jueves, 11 de noviembre de 2021;1;0;0;0
701;977;sábado, 11 de enero de 1964;NO;VIAJA RARAMENTE;INVESTIGACIOÓN Y DESARROLLO;2;LICENCIATURA;TITULO TECNICO;ALTA;CIENTIFICO DE INVESTIGACION;ALTA;2479;4;SI;SOBRESALIENTE;7;4;MUY BUENO;jueves, 16 de septiembre de 2021;1;0;0;0
765;1056;lunes, 2 de mayo de 1994;SI;VIAJA RARAMENTE;VENTAS;10;POR DEBAJO DE LA UNIVERSIDAD;MEDICO;ALTA;REPRESENTATE DE VENTAS;MEDIA;1052;1;SI;SOBRESALIENTE;1;5;MUY BUENO;viernes, 30 de julio de 2021;1;0;0;0
1119;1581;viernes, 27 de diciembre de 1996;SI;VIAJA RARAMENTE;INVESTIGACIOÓN Y DESARROLLO;3;LICENCIATURA;CIENCIAS DE LA VIDA;ALTA;CIENTIFICO DE INVESTIGACION;MUY ALTA;2061;1;SI;SOBRESALIENTE;1;5;MUY BUENO;lunes, 26 de abril de 2021;1;0;0;0
1210;1697;lunes, 15 de enero de 1962;SI;VIAJA RARAMENTE;INVESTIGACIOÓN Y DESARROLLO;1;MAESTRIA;MEDICO;BAJA;REPRESENTANTE DE ATENCION MEDICA;MUY ALTA;10883;3;SI;SOBRESALIENTE;19;2;EXCELENTE;martes, 28 de diciembre de 2021;1;0;0;0
1316;1847;jueves, 27 de febrero de 1986;SI;VIAJA RARAMENTE;INVESTIGACIOÓN Y DESARROLLO;2;MAESTRIA;OTRO;ALTA;CIENTIFICO DE INVESTIGACION;MEDIA;6962;4;NO;SOBRESALIENTE;15;2;MUY BUENO;lunes, 26 de abril de 2021;1;0;0;0
1340;1878;viernes, 4 de febrero de 2000;NO;VIAJA RARAMENTE;INVESTIGACIOÓN Y DESARROLLO;7;POR DEBAJO DE LA UNIVERSIDAD;CIENCIAS DE LA VIDA;ALTA;CIENTIFICO DE INVESTIGACION;MEDIA;2472;1;NO;SOBRESALIENTE;1;2;MUY BUENO;martes, 27 de abril de 2021;1;0;0;0
1395;1966;domingo, 27 de mayo de 1990;SI;VIAJA RARAMENTE;INVESTIGACIOÓN Y DESARROLLO;5;MAESTRIA;CIENCIAS DE LA VIDA;MEDIA;DIRECTOR DE MANUFACTURA;MUY ALTA;9679;8;SI;SOBRESALIENTE;8;1;MUY BUENO;domingo, 21 de febrero de 2021;1;0;0;0
18;22;martes, 20 de junio de 2000;SI;NO VIAJA;INVESTIGACIOÓN Y DESARROLLO;16;UNIVERSITARIO;MEDICO;MUY ALTA;TECNICO DE LABORATORIO;MUY ALTA;2935;1;NO;EXCELENTE;1;2;BUENO;lunes, 6 de septiembre de 2021;1;0;0;0
105;139;sábado, 21 de septiembre de 1985;SI;NO VIAJA;INVESTIGACIOÓN Y DESARROLLO;2;UNIVERSITARIO;CIENCIAS DE LA VIDA;MEDIA;REPRESENTANTE DE ATENCION MEDICA;MUY ALTA;5163;5;SI;EXCELENTE;17;2;EXCELENTE;martes, 28 de diciembre de 2021;1;0;0;0
251;342;jueves, 27 de junio de 1985;NO;VIAJA FRECUENTEMENTE;INVESTIGACIOÓN Y DESARROLLO;10;LICENCIATURA;MEDICO;ALTA;DIRECTOR DE MANUFACTURA;ALTA;10048;6;SI;EXCELENTE;17;5;MUY BUENO;miércoles, 17 de noviembre de 2021;1;0;0;0
287;392;jueves, 18 de mayo de 1978;NO;VIAJA FRECUENTEMENTE;INVESTIGACIOÓN Y DESARROLLO;24;LICENCIATURA;CIENCIAS DE LA VIDA;ALTA;TECNICO DE LABORATORIO;ALTA;3161;3;NO;SOBRESALIENTE;19;0;MALO;domingo, 6 de junio de 2021;1;0;0;0
299;407;viernes, 11 de abril de 1986;NO;VIAJA FRECUENTEMENTE;INVESTIGACIOÓN Y DESARROLLO;18;MAESTRIA;CIENCIAS DE LA VIDA;MUY ALTA;TECNICO DE LABORATORIO;MUY ALTA;3688;4;SI;EXCELENTE;4;2;MUY BUENO;martes, 21 de septiembre de 2021;1;0;0;0
359;479;viernes, 7 de febrero de 1986;SI;NO VIAJA;VENTAS;1;DOCTORADO;MEDICO;ALTA;EJECUTIVO DE VENTAS;MUY ALTA;6653;4;SI;EXCELENTE;7;6;MUY BUENO;martes, 14 de septiembre de 2021;1;0;0;0
366;487;miércoles, 15 de diciembre de 1976;SI;NO VIAJA;INVESTIGACIOÓN Y DESARROLLO;7;MAESTRIA;MEDICO;ALTA;DIRECTOR DE MANUFACTURA;ALTA;5258;2;SI;EXCELENTE;7;2;EXCELENTE;martes, 6 de abril de 2021;1;0;0;0
386;514;viernes, 27 de marzo de 1992;NO;VIAJA FRECUENTEMENTE;INVESTIGACIOÓN Y DESARROLLO;4;LICENCIATURA;TITULO TECNICO;ALTA;CIENTIFICO DE INVESTIGACION;MUY ALTA;2285;9;NO;SOBRESALIENTE;3;4;MUY BUENO;viernes, 17 de septiembre de 2021;1;0;0;0
417;556;miércoles, 17 de octubre de 1984;SI;VIAJA FRECUENTEMENTE;INVESTIGACIOÓN Y DESARROLLO;2;UNIVERSITARIO;CIENCIAS DE LA VIDA;ALTA;TECNICO DE LABORATORIO;MUY ALTA;1702;1;NO;SOBRESALIENTE;1;3;MUY BUENO;martes, 12 de enero de 2021;1;0;0;0
440;587;martes, 19 de marzo de 1991;NO;VIAJA FRECUENTEMENTE;INVESTIGACIOÓN Y DESARROLLO;20;LICENCIATURA;CIENCIAS DE LA VIDA;ALTA;REPRESENTANTE DE ATENCION MEDICA;ALTA;9824;3;SI;EXCELENTE;12;2;MUY BUENO;sábado, 24 de julio de 2021;1;0;0;0
481;648;sábado, 5 de septiembre de 1992;NO;VIAJA FRECUENTEMENTE;VENTAS;12;MAESTRIA;CIENCIAS DE LA VIDA;MEDIA;REPRESENTATE DE VENTAS;BAJA;2033;1;SI;EXCELENTE;1;2;EXCELENTE;miércoles, 17 de marzo de 2021;1;0;0;0
502;680;domingo, 12 de enero de 1992;SI;VIAJA FRECUENTEMENTE;INVESTIGACIOÓN Y DESARROLLO;3;LICENCIATURA;MEDICO;ALTA;CIENTIFICO DE INVESTIGACION;ALTA;2083;1;SI;SOBRESALIENTE;1;2;MUY BUENO;viernes, 6 de agosto de 2021;1;0;0;0
516;704;jueves, 26 de marzo de 1987;SI;NO VIAJA;INVESTIGACIOÓN Y DESARROLLO;3;LICENCIATURA;CIENCIAS DE LA VIDA;MEDIA;TECNICO DE LABORATORIO;ALTA;1281;1;SI;EXCELENTE;1;3;MUY BUENO;sábado, 23 de enero de 2021;1;0;0;0
558;771;martes, 13 de octubre de 1987;SI;NO VIAJA;INVESTIGACIOÓN Y DESARROLLO;2;MAESTRIA;CIENCIAS DE LA VIDA;ALTA;REPRESENTANTE DE ATENCION MEDICA;BAJA;5093;2;SI;EXCELENTE;16;2;EXCELENTE;sábado, 31 de julio de 2021;1;0;0;0
587;812;miércoles, 5 de agosto de 1998;SI;NO VIAJA;INVESTIGACIOÓN Y DESARROLLO;9;LICENCIATURA;CIENCIAS DE LA VIDA;MEDIA;TECNICO DE LABORATORIO;MEDIA;2694;1;SI;EXCELENTE;1;4;MUY BUENO;sábado, 30 de enero de 2021;1;0;0;0
602;832;domingo, 24 de enero de 1982;NO;VIAJA FRECUENTEMENTE;INVESTIGACIOÓN Y DESARROLLO;16;MAESTRIA;MEDICO;MEDIA;TECNICO DE LABORATORIO;ALTA;5094;6;SI;EXCELENTE;10;6;MUY BUENO;martes, 7 de septiembre de 2021;1;0;0;0
661;918;viernes, 14 de febrero de 1964;NO;VIAJA FRECUENTEMENTE;INVESTIGACIOÓN Y DESARROLLO;2;POR DEBAJO DE LA UNIVERSIDAD;CIENCIAS DE LA VIDA;MEDIA;TECNICO DE LABORATORIO;MUY ALTA;2380;9;NO;EXCELENTE;3;3;BUENO;sábado, 1 de mayo de 2021;1;0;0;0
707;986;lunes, 18 de enero de 1982;NO;NO VIAJA;VENTAS;24;LICENCIATURA;CIENCIAS DE LA VIDA;MUY ALTA;EJECUTIVO DE VENTAS;MEDIA;13194;4;NO;EXCELENTE;22;2;BUENO;domingo, 2 de mayo de 2021;1;0;0;0
801;1111;jueves, 15 de diciembre de 1994;NO;VIAJA FRECUENTEMENTE;INVESTIGACIOÓN Y DESARROLLO;1;LICENCIATURA;MEDICO;MEDIA;TECNICO DE LABORATORIO;MEDIA;2596;1;SI;EXCELENTE;1;2;MUY BUENO;domingo, 12 de septiembre de 2021;1;0;0;0
851;1190;sábado, 3 de febrero de 1990;SI;NO VIAJA;VENTAS;2;POR DEBAJO DE LA UNIVERSIDAD;CIENCIAS DE LA VIDA;ALTA;REPRESENTATE DE VENTAS;BAJA;2827;1;SI;EXCELENTE;1;3;MUY BUENO;jueves, 18 de marzo de 2021;1;0;0;0
865;1210;viernes, 8 de mayo de 1981;NO;NO VIAJA;INVESTIGACIOÓN Y DESARROLLO;5;UNIVERSITARIO;CIENCIAS DE LA VIDA;MEDIA;CIENTIFICO DE INVESTIGACION;BAJA;2107;6;SI;EXCELENTE;5;2;MALO;sábado, 7 de agosto de 2021;1;0;0;0
888;1242;sábado, 26 de abril de 1980;SI;VIAJA FRECUENTEMENTE;INVESTIGACIOÓN Y DESARROLLO;26;DOCTORADO;MEDICO;ALTA;DIRECTOR INVESTIGACION Y DESARROLLO;BAJA;13191;3;NO;EXCELENTE;20;6;MUY BUENO;domingo, 27 de junio de 2021;1;0;0;0
981;1379;jueves, 1 de agosto de 1991;NO;VIAJA FRECUENTEMENTE;VENTAS;2;LICENCIATURA;CIENCIAS DE LA VIDA;MEDIA;REPRESENTATE DE VENTAS;MUY ALTA;2785;7;SI;EXCELENTE;3;3;EXCELENTE;jueves, 18 de marzo de 2021;1;0;0;0
1013;1427;jueves, 14 de noviembre de 1991;NO;VIAJA FRECUENTEMENTE;VENTAS;1;MAESTRIA;CIENCIAS DE LA VIDA;BAJA;REPRESENTATE DE VENTAS;ALTA;1359;1;SI;EXCELENTE;1;3;MUY BUENO;jueves, 18 de marzo de 2021;1;0;0;0
1033;1458;domingo, 30 de octubre de 1983;NO;NO VIAJA;INVESTIGACIOÓN Y DESARROLLO;2;LICENCIATURA;CIENCIAS DE LA VIDA;MEDIA;TECNICO DE LABORATORIO;BAJA;3646;2;NO;SOBRESALIENTE;11;2;EXCELENTE;lunes, 7 de junio de 2021;1;0;0;0
1052;1481;miércoles, 15 de marzo de 1978;SI;VIAJA FRECUENTEMENTE;VENTAS;1;DOCTORADO;MARKETING;ALTA;EJECUTIVO DE VENTAS;ALTA;4768;7;SI;EXCELENTE;11;4;BUENO;domingo, 2 de mayo de 2021;1;0;0;0
1053;1482;domingo, 18 de octubre de 1992;SI;NO VIAJA;INVESTIGACIOÓN Y DESARROLLO;7;LICENCIATURA;TITULO TECNICO;ALTA;CIENTIFICO DE INVESTIGACION;ALTA;1274;1;SI;EXCELENTE;1;2;BUENO;sábado, 30 de octubre de 2021;1;0;0;0
1062;1495;viernes, 13 de marzo de 1998;SI;NO VIAJA;VENTAS;13;UNIVERSITARIO;CIENCIAS DE LA VIDA;ALTA;REPRESENTATE DE VENTAS;MEDIA;2033;1;SI;EXCELENTE;1;2;MUY BUENO;domingo, 1 de agosto de 2021;1;0;0;0
1235;1731;jueves, 2 de octubre de 1975;SI;NO VIAJA;VENTAS;2;MAESTRIA;MARKETING;ALTA;EJECUTIVO DE VENTAS;MEDIA;4978;7;SI;EXCELENTE;4;3;MALO;martes, 14 de septiembre de 2021;1;0;0;0
1263;1767;domingo, 1 de abril de 1979;NO;VIAJA FRECUENTEMENTE;INVESTIGACIOÓN Y DESARROLLO;17;LICENCIATURA;TITULO TECNICO;MEDIA;CIENTIFICO DE INVESTIGACION;ALTA;2437;9;NO;EXCELENTE;6;4;MUY BUENO;viernes, 30 de abril de 2021;1;0;0;0
1366;1928;lunes, 21 de junio de 1993;NO;VIAJA FRECUENTEMENTE;VENTAS;24;LICENCIATURA;TITULO TECNICO;MUY ALTA;REPRESENTATE DE VENTAS;BAJA;1091;1;SI;EXCELENTE;1;3;MUY BUENO;lunes, 2 de agosto de 2021;1;0;0;0
1380;1944;martes, 21 de marzo de 1995;NO;VIAJA FRECUENTEMENTE;RRHH;22;LICENCIATURA;RRHH;MEDIA;RRHH;MEDIA;2863;1;SI;EXCELENTE;1;2;MUY BUENO;jueves, 22 de julio de 2021;1;0;0;0
31;39;jueves, 23 de febrero de 1989;SI;VIAJA RARAMENTE;INVESTIGACIOÓN Y DESARROLLO;2;LICENCIATURA;MEDICO;ALTA;TECNICO DE LABORATORIO;MUY ALTA;2496;4;SI;EXCELENTE;7;3;MUY BUENO;sábado, 3 de abril de 2021;1;1;0;0
39;51;martes, 9 de diciembre de 1986;SI;VIAJA RARAMENTE;INVESTIGACIOÓN Y DESARROLLO;5;MAESTRIA;CIENCIAS DE LA VIDA;MEDIA;CIENTIFICO DE INVESTIGACION;BAJA;3419;9;NO;EXCELENTE;6;3;EXCELENTE;jueves, 5 de agosto de 2021;1;1;0;0
373;496;martes, 20 de octubre de 1987;SI;VIAJA RARAMENTE;INVESTIGACIOÓN Y DESARROLLO;9;MAESTRIA;CIENCIAS DE LA VIDA;MEDIA;REPRESENTANTE DE ATENCION MEDICA;MEDIA;6540;9;SI;EXCELENTE;10;5;MUY BUENO;lunes, 13 de septiembre de 2021;1;1;0;0
505;684;lunes, 5 de diciembre de 1977;NO;VIAJA FRECUENTEMENTE;VENTAS;26;MAESTRIA;CIENCIAS DE LA VIDA;ALTA;EJECUTIVO DE VENTAS;BAJA;4286;2;SI;EXCELENTE;5;4;MUY BUENO;domingo, 2 de mayo de 2021;1;1;0;0
671;933;domingo, 12 de febrero de 1995;SI;VIAJA RARAMENTE;INVESTIGACIOÓN Y DESARROLLO;4;LICENCIATURA;CIENCIAS DE LA VIDA;ALTA;CIENTIFICO DE INVESTIGACION;ALTA;2318;1;SI;EXCELENTE;1;2;MUY BUENO;jueves, 30 de septiembre de 2021;1;1;0;0
692;964;martes, 23 de noviembre de 1982;SI;VIAJA FRECUENTEMENTE;INVESTIGACIOÓN Y DESARROLLO;9;MAESTRIA;MEDICO;ALTA;CIENTIFICO DE INVESTIGACION;MEDIA;3617;8;NO;EXCELENTE;3;2;MUY BUENO;martes, 12 de enero de 2021;1;1;0;0
764;1055;domingo, 1 de mayo de 1988;SI;VIAJA RARAMENTE;VENTAS;10;MAESTRIA;CIENCIAS DE LA VIDA;ALTA;REPRESENTATE DE VENTAS;ALTA;2220;1;NO;EXCELENTE;1;2;MUY BUENO;miércoles, 21 de julio de 2021;1;1;0;0
798;1107;sábado, 11 de mayo de 1996;NO;VIAJA RARAMENTE;INVESTIGACIOÓN Y DESARROLLO;21;LICENCIATURA;MEDICO;ALTA;TECNICO DE LABORATORIO;ALTA;2377;1;SI;SOBRESALIENTE;1;0;BUENO;domingo, 7 de marzo de 2021;1;1;0;0
843;1175;lunes, 18 de julio de 1994;NO;VIAJA RARAMENTE;INVESTIGACIOÓN Y DESARROLLO;12;POR DEBAJO DE LA UNIVERSIDAD;CIENCIAS DE LA VIDA;ALTA;TECNICO DE LABORATORIO;MUY ALTA;2515;1;NO;EXCELENTE;1;4;BUENO;jueves, 2 de septiembre de 2021;1;1;0;0
846;1180;domingo, 13 de junio de 1982;SI;VIAJA FRECUENTEMENTE;INVESTIGACIOÓN Y DESARROLLO;26;UNIVERSITARIO;MEDICO;MEDIA;CIENTIFICO DE INVESTIGACION;MUY ALTA;4422;3;NO;EXCELENTE;16;3;MALO;domingo, 8 de agosto de 2021;1;1;0;0
854;1193;sábado, 8 de febrero de 2003;SI;VIAJA RARAMENTE;INVESTIGACIOÓN Y DESARROLLO;9;UNIVERSITARIO;CIENCIAS DE LA VIDA;ALTA;CIENTIFICO DE INVESTIGACION;BAJA;2552;1;SI;SOBRESALIENTE;1;4;MUY BUENO;domingo, 8 de agosto de 2021;1;1;0;0
893;1248;martes, 18 de febrero de 2003;NO;NO VIAJA;INVESTIGACIOÓN Y DESARROLLO;10;LICENCIATURA;MEDICO;MEDIA;CIENTIFICO DE INVESTIGACION;MEDIA;1859;1;NO;SOBRESALIENTE;1;2;EXCELENTE;sábado, 7 de agosto de 2021;1;1;0;0
1098;1551;sábado, 7 de marzo de 1998;SI;VIAJA RARAMENTE;INVESTIGACIOÓN Y DESARROLLO;21;UNIVERSITARIO;TITULO TECNICO;MEDIA;TECNICO DE LABORATORIO;BAJA;2296;0;SI;EXCELENTE;2;3;MUY BUENO;domingo, 5 de diciembre de 2021;1;1;0;0
1137;1604;viernes, 10 de junio de 1994;NO;VIAJA RARAMENTE;INVESTIGACIOÓN Y DESARROLLO;24;LICENCIATURA;MEDICO;ALTA;TECNICO DE LABORATORIO;MEDIA;2408;1;NO;EXCELENTE;1;3;MUY BUENO;martes, 9 de noviembre de 2021;1;1;0;0
1416;1994;viernes, 3 de noviembre de 1989;SI;NO VIAJA;INVESTIGACIOÓN Y DESARROLLO;1;UNIVERSITARIO;MEDICO;MEDIA;TECNICO DE LABORATORIO;ALTA;2008;1;SI;EXCELENTE;1;2;BUENO;viernes, 30 de abril de 2021;1;1;0;0
3;4;martes, 18 de junio de 1985;NO;VIAJA RARAMENTE;INVESTIGACIOÓN Y DESARROLLO;2;UNIVERSITARIO;OTRO;MEDIA;TECNICO DE LABORATORIO;ALTA;2090;6;NO;EXCELENTE;7;3;MUY BUENO;jueves, 13 de enero de 2022;0;0;0;0
24;30;domingo, 22 de abril de 2001;SI;VIAJA RARAMENTE;INVESTIGACIOÓN Y DESARROLLO;15;UNIVERSITARIO;CIENCIAS DE LA VIDA;ALTA;CIENTIFICO DE INVESTIGACION;MUY ALTA;1232;1;SI;EXCELENTE;0;6;MUY BUENO;jueves, 3 de marzo de 2022;0;0;0;0
55;72;lunes, 2 de septiembre de 1996;SI;VIAJA RARAMENTE;VENTAS;23;LICENCIATURA;MARKETING;MEDIA;EJECUTIVO DE VENTAS;MUY ALTA;4157;7;NO;EXCELENTE;5;2;BUENO;sábado, 18 de julio de 2020;2;2;0;0
78;101;martes, 18 de octubre de 1977;SI;VIAJA RARAMENTE;INVESTIGACIOÓN Y DESARROLLO;6;MAESTRIA;OTRO;ALTA;DIRECTOR INVESTIGACION Y DESARROLLO;BAJA;13245;4;NO;EXCELENTE;17;3;EXCELENTE;miércoles, 13 de julio de 2022;0;0;0;0
87;113;martes, 28 de diciembre de 1999;SI;VIAJA RARAMENTE;VENTAS;2;POR DEBAJO DE LA UNIVERSIDAD;TITULO TECNICO;ALTA;REPRESENTATE DE VENTAS;BAJA;2322;3;SI;EXCELENTE;3;3;MUY BUENO;miércoles, 28 de septiembre de 2022;0;0;0;0
110;144;domingo, 26 de marzo de 2000;SI;VIAJA RARAMENTE;INVESTIGACIOÓN Y DESARROLLO;15;LICENCIATURA;MEDICO;ALTA;TECNICO DE LABORATORIO;MUY ALTA;2871;1;SI;EXCELENTE;1;5;MUY BUENO;jueves, 13 de enero de 2022;0;0;0;0
128;167;miércoles, 22 de octubre de 2003;NO;VIAJA RARAMENTE;VENTAS;22;POR DEBAJO DE LA UNIVERSIDAD;MARKETING;ALTA;REPRESENTATE DE VENTAS;ALTA;1675;1;NO;EXCELENTE;0;2;BUENO;jueves, 6 de octubre de 2022;0;0;0;0
172;235;domingo, 12 de enero de 2003;NO;VIAJA FRECUENTEMENTE;VENTAS;1;POR DEBAJO DE LA UNIVERSIDAD;TITULO TECNICO;BAJA;REPRESENTATE DE VENTAS;BAJA;2325;0;SI;SOBRESALIENTE;1;5;EXCELENTE;jueves, 6 de octubre de 2022;0;0;0;0
265;364;sábado, 11 de junio de 1994;NO;VIAJA RARAMENTE;INVESTIGACIOÓN Y DESARROLLO;2;MAESTRIA;CIENCIAS DE LA VIDA;ALTA;TECNICO DE LABORATORIO;ALTA;3485;2;SI;EXCELENTE;5;5;MALO;domingo, 13 de marzo de 2022;0;0;0;0
266;366;miércoles, 14 de abril de 1993;SI;VIAJA RARAMENTE;VENTAS;2;LICENCIATURA;MEDICO;MEDIA;EJECUTIVO DE VENTAS;MEDIA;6644;2;SI;EXCELENTE;10;2;MUY BUENO;martes, 14 de junio de 2022;0;0;0;0
297;405;sábado, 6 de noviembre de 2004;NO;VIAJA RARAMENTE;INVESTIGACIOÓN Y DESARROLLO;3;LICENCIATURA;CIENCIAS DE LA VIDA;ALTA;TECNICO DE LABORATORIO;ALTA;1420;1;SI;EXCELENTE;0;2;MUY BUENO;martes, 4 de enero de 2022;0;0;0;0
302;411;miércoles, 4 de febrero de 2004;SI;VIAJA RARAMENTE;VENTAS;10;LICENCIATURA;MEDICO;MEDIA;REPRESENTATE DE VENTAS;ALTA;1200;1;SI;EXCELENTE;0;2;MUY BUENO;domingo, 4 de diciembre de 2022;0;0;0;0
331;448;jueves, 13 de septiembre de 1979;SI;VIAJA FRECUENTEMENTE;INVESTIGACIOÓN Y DESARROLLO;10;MAESTRIA;CIENCIAS DE LA VIDA;MEDIA;TECNICO DE LABORATORIO;ALTA;5257;1;SI;EXCELENTE;9;3;EXCELENTE;jueves, 14 de febrero de 2013;9;7;0;0
348;467;viernes, 14 de noviembre de 1975;SI;VIAJA FRECUENTEMENTE;VENTAS;4;POR DEBAJO DE LA UNIVERSIDAD;MEDICO;ALTA;REPRESENTATE DE VENTAS;ALTA;2976;3;SI;EXCELENTE;5;3;MUY BUENO;domingo, 4 de diciembre de 2022;0;0;0;0
353;473;viernes, 18 de octubre de 1974;SI;VIAJA RARAMENTE;VENTAS;29;POR DEBAJO DE LA UNIVERSIDAD;MEDICO;ALTA;GERENTE DE EJECUTIVO DE VENTAS;ALTA;12504;3;SI;SOBRESALIENTE;15;3;MALO;jueves, 24 de marzo de 2022;0;0;0;0
376;499;sábado, 10 de noviembre de 1973;SI;VIAJA RARAMENTE;INVESTIGACIOÓN Y DESARROLLO;7;LICENCIATURA;OTRO;MEDIA;REPRESENTANTE DE ATENCION MEDICA;ALTA;10965;8;SI;SOBRESALIENTE;26;2;MUY BUENO;miércoles, 12 de abril de 2017;5;2;0;0
439;586;jueves, 30 de julio de 1987;NO;VIAJA RARAMENTE;INVESTIGACIOÓN Y DESARROLLO;16;LICENCIATURA;CIENCIAS DE LA VIDA;ALTA;REPRESENTANTE DE ATENCION MEDICA;ALTA;7632;4;NO;EXCELENTE;10;2;MUY BUENO;viernes, 3 de octubre de 2014;8;7;0;0
458;614;jueves, 15 de abril de 2004;NO;VIAJA FRECUENTEMENTE;VENTAS;5;LICENCIATURA;MARKETING;ALTA;REPRESENTATE DE VENTAS;MEDIA;1878;1;NO;EXCELENTE;0;3;MUY BUENO;miércoles, 28 de septiembre de 2022;0;0;0;0
461;618;viernes, 27 de diciembre de 1996;SI;VIAJA RARAMENTE;VENTAS;29;UNIVERSITARIO;MEDICO;ALTA;EJECUTIVO DE VENTAS;ALTA;4306;5;SI;EXCELENTE;8;5;MUY BUENO;miércoles, 15 de junio de 2022;0;0;0;0
491;662;miércoles, 19 de diciembre de 1984;SI;VIAJA RARAMENTE;INVESTIGACIOÓN Y DESARROLLO;1;POR DEBAJO DE LA UNIVERSIDAD;CIENCIAS DE LA VIDA;ALTA;CIENTIFICO DE INVESTIGACION;BAJA;2619;3;SI;EXCELENTE;8;3;BUENO;jueves, 3 de marzo de 2022;0;0;0;0
561;775;viernes, 27 de mayo de 1988;SI;VIAJA RARAMENTE;INVESTIGACIOÓN Y DESARROLLO;8;DOCTORADO;CIENCIAS DE LA VIDA;ALTA;DIRECTOR DE MANUFACTURA;BAJA;5121;3;SI;EXCELENTE;7;3;MUY BUENO;miércoles, 2 de noviembre de 2022;0;0;0;0
586;811;miércoles, 4 de agosto de 1999;NO;VIAJA RARAMENTE;INVESTIGACIOÓN Y DESARROLLO;6;LICENCIATURA;CIENCIAS DE LA VIDA;MUY ALTA;TECNICO DE LABORATORIO;BAJA;1601;1;NO;SOBRESALIENTE;1;2;MUY BUENO;martes, 4 de enero de 2022;0;0;0;0
603;833;domingo, 8 de marzo de 1992;SI;VIAJA RARAMENTE;INVESTIGACIOÓN Y DESARROLLO;2;LICENCIATURA;MEDICO;MEDIA;DIRECTOR DE MANUFACTURA;MUY ALTA;6877;5;NO;SOBRESALIENTE;12;4;BUENO;jueves, 10 de marzo de 2022;0;0;0;0
616;850;lunes, 6 de noviembre de 1995;SI;NO VIAJA;INVESTIGACIOÓN Y DESARROLLO;3;LICENCIATURA;MEDICO;ALTA;CIENTIFICO DE INVESTIGACION;MUY ALTA;1706;1;SI;EXCELENTE;0;6;BUENO;miércoles, 29 de junio de 2022;0;0;0;0
628;867;viernes, 8 de mayo de 1970;SI;VIAJA FRECUENTEMENTE;INVESTIGACIOÓN Y DESARROLLO;25;MAESTRIA;MEDICO;MEDIA;DIRECTOR DE MANUFACTURA;MUY ALTA;13826;3;SI;SOBRESALIENTE;31;3;MUY BUENO;domingo, 25 de agosto de 2013;9;8;0;0
649;900;domingo, 10 de marzo de 1985;SI;VIAJA FRECUENTEMENTE;VENTAS;21;UNIVERSITARIO;MEDICO;ALTA;REPRESENTATE DE VENTAS;MUY ALTA;2973;5;SI;EXCELENTE;10;3;MUY BUENO;miércoles, 29 de marzo de 2017;5;4;0;0
679;945;lunes, 9 de diciembre de 1974;NO;VIAJA RARAMENTE;INVESTIGACIOÓN Y DESARROLLO;20;MAESTRIA;MEDICO;ALTA;CIENTIFICO DE INVESTIGACION;ALTA;2259;4;SI;EXCELENTE;13;2;BUENO;lunes, 27 de junio de 2022;0;0;0;0
680;947;lunes, 11 de febrero de 1991;NO;NO VIAJA;VENTAS;20;UNIVERSITARIO;MARKETING;ALTA;EJECUTIVO DE VENTAS;ALTA;6932;1;SI;EXCELENTE;9;2;BUENO;jueves, 19 de diciembre de 2013;9;8;0;0
712;994;miércoles, 17 de febrero de 1993;NO;VIAJA RARAMENTE;INVESTIGACIOÓN Y DESARROLLO;10;LICENCIATURA;CIENCIAS DE LA VIDA;MEDIA;CIENTIFICO DE INVESTIGACION;BAJA;2404;6;NO;SOBRESALIENTE;3;5;MUY BUENO;domingo, 3 de abril de 2022;0;0;0;0
728;1012;miércoles, 7 de abril de 2004;SI;NO VIAJA;INVESTIGACIOÓN Y DESARROLLO;5;UNIVERSITARIO;CIENCIAS DE LA VIDA;ALTA;CIENTIFICO DE INVESTIGACION;MUY ALTA;1051;1;SI;EXCELENTE;0;2;MUY BUENO;lunes, 4 de abril de 2022;0;0;0;0
802;1113;domingo, 2 de enero de 1972;NO;VIAJA FRECUENTEMENTE;VENTAS;1;MAESTRIA;OTRO;ALTA;EJECUTIVO DE VENTAS;ALTA;4728;3;NO;EXCELENTE;5;4;MUY BUENO;martes, 14 de junio de 2022;0;0;0;0
804;1115;martes, 11 de octubre de 1988;SI;NO VIAJA;INVESTIGACIOÓN Y DESARROLLO;3;MAESTRIA;CIENCIAS DE LA VIDA;MEDIA;CIENTIFICO DE INVESTIGACION;MUY ALTA;2979;3;SI;EXCELENTE;6;2;MUY BUENO;martes, 5 de abril de 2022;0;0;0;0
829;1156;sábado, 30 de octubre de 2004;NO;NO VIAJA;INVESTIGACIOÓN Y DESARROLLO;8;POR DEBAJO DE LA UNIVERSIDAD;MEDICO;ALTA;TECNICO DE LABORATORIO;ALTA;1904;1;SI;EXCELENTE;0;0;MUY BUENO;miércoles, 12 de enero de 2022;0;0;0;0
861;1203;viernes, 1 de septiembre de 2000;NO;VIAJA FRECUENTEMENTE;INVESTIGACIOÓN Y DESARROLLO;3;MAESTRIA;CIENCIAS DE LA VIDA;MEDIA;CIENTIFICO DE INVESTIGACION;MUY ALTA;2853;0;NO;EXCELENTE;1;5;MUY BUENO;martes, 5 de abril de 2022;0;0;0;0
863;1206;miércoles, 22 de marzo de 1978;SI;NO VIAJA;INVESTIGACIOÓN Y DESARROLLO;17;LICENCIATURA;CIENCIAS DE LA VIDA;BAJA;CIENTIFICO DE INVESTIGACION;ALTA;2290;2;SI;EXCELENTE;6;3;MUY BUENO;martes, 5 de abril de 2022;0;0;0;0
867;1212;viernes, 3 de septiembre de 1982;SI;VIAJA FRECUENTEMENTE;VENTAS;2;MAESTRIA;MEDICO;ALTA;EJECUTIVO DE VENTAS;MEDIA;4327;5;SI;EXCELENTE;5;2;MUY BUENO;martes, 14 de junio de 2022;0;0;0;0
937;1306;jueves, 1 de diciembre de 1977;SI;VIAJA FRECUENTEMENTE;INVESTIGACIOÓN Y DESARROLLO;25;LICENCIATURA;MEDICO;ALTA;GERENTE INVESTIGACION Y DESARROLLO;MEDIA;18061;3;SI;SOBRESALIENTE;22;4;MUY BUENO;domingo, 16 de enero de 2022;0;0;0;0
958;1340;miércoles, 8 de septiembre de 1982;SI;NO VIAJA;INVESTIGACIOÓN Y DESARROLLO;16;UNIVERSITARIO;CIENCIAS DE LA VIDA;ALTA;CIENTIFICO DE INVESTIGACION;ALTA;3544;9;SI;EXCELENTE;6;0;MUY BUENO;lunes, 10 de diciembre de 2018;4;2;0;0
973;1368;jueves, 11 de noviembre de 2004;SI;NO VIAJA;INVESTIGACIOÓN Y DESARROLLO;1;LICENCIATURA;CIENCIAS DE LA VIDA;ALTA;TECNICO DE LABORATORIO;MUY ALTA;1611;1;SI;EXCELENTE;0;5;EXCELENTE;martes, 8 de marzo de 2022;0;0;0;0
974;1369;martes, 22 de septiembre de 1987;SI;VIAJA RARAMENTE;INVESTIGACIOÓN Y DESARROLLO;1;LICENCIATURA;MEDICO;MEDIA;TECNICO DE LABORATORIO;MUY ALTA;5363;0;SI;EXCELENTE;10;0;MUY BUENO;miércoles, 18 de septiembre de 2013;9;7;0;0
975;1371;lunes, 10 de abril de 1995;SI;VIAJA FRECUENTEMENTE;VENTAS;2;POR DEBAJO DE LA UNIVERSIDAD;CIENCIAS DE LA VIDA;BAJA;EJECUTIVO DE VENTAS;MUY ALTA;5071;3;SI;SOBRESALIENTE;8;3;MUY BUENO;lunes, 10 de octubre de 2016;6;2;0;0
978;1374;viernes, 13 de mayo de 1988;NO;NO VIAJA;INVESTIGACIOÓN Y DESARROLLO;26;POR DEBAJO DE LA UNIVERSIDAD;TITULO TECNICO;MEDIA;CIENTIFICO DE INVESTIGACION;ALTA;2029;1;SI;SOBRESALIENTE;5;2;MUY BUENO;sábado, 18 de febrero de 2017;5;4;0;0
1011;1424;viernes, 1 de septiembre de 1967;SI;VIAJA RARAMENTE;INVESTIGACIOÓN Y DESARROLLO;1;MAESTRIA;MEDICO;MUY ALTA;DIRECTOR INVESTIGACION Y DESARROLLO;MUY ALTA;14732;2;SI;EXCELENTE;31;4;EXCELENTE;sábado, 17 de enero de 2015;7;7;0;0
1058;1487;miércoles, 24 de marzo de 1993;NO;VIAJA FRECUENTEMENTE;VENTAS;13;LICENCIATURA;TITULO TECNICO;ALTA;EJECUTIVO DE VENTAS;MEDIA;5765;5;SI;EXCELENTE;7;4;MALO;miércoles, 22 de febrero de 2017;5;3;0;0
1061;1494;miércoles, 2 de septiembre de 1998;NO;VIAJA FRECUENTEMENTE;INVESTIGACIOÓN Y DESARROLLO;9;LICENCIATURA;MEDICO;ALTA;TECNICO DE LABORATORIO;BAJA;3172;2;NO;EXCELENTE;4;2;BUENO;viernes, 11 de marzo de 2022;0;0;0;0
1069;1504;viernes, 16 de septiembre de 1994;NO;VIAJA FRECUENTEMENTE;INVESTIGACIOÓN Y DESARROLLO;2;UNIVERSITARIO;MEDICO;MEDIA;TECNICO DE LABORATORIO;BAJA;2561;7;SI;EXCELENTE;8;2;BUENO;martes, 4 de enero de 2022;0;0;0;0
1075;1515;martes, 31 de octubre de 1989;SI;VIAJA RARAMENTE;INVESTIGACIOÓN Y DESARROLLO;8;DOCTORADO;CIENCIAS DE LA VIDA;ALTA;REPRESENTANTE DE ATENCION MEDICA;ALTA;6388;2;NO;EXCELENTE;14;6;MUY BUENO;sábado, 13 de agosto de 2022;0;0;0;0
1076;1516;lunes, 29 de octubre de 1990;SI;VIAJA RARAMENTE;INVESTIGACIOÓN Y DESARROLLO;10;LICENCIATURA;MEDICO;ALTA;GERENTE INVESTIGACION Y DESARROLLO;MUY ALTA;11244;2;SI;SOBRESALIENTE;10;5;EXCELENTE;martes, 5 de septiembre de 2017;5;2;0;0
1152;1622;miércoles, 24 de agosto de 1994;NO;VIAJA RARAMENTE;INVESTIGACIOÓN Y DESARROLLO;27;LICENCIATURA;MEDICO;BAJA;DIRECTOR DE MANUFACTURA;BAJA;4877;0;SI;SOBRESALIENTE;6;5;BUENO;jueves, 5 de enero de 2017;5;3;0;0
1154;1624;miércoles, 28 de abril de 2004;NO;VIAJA FRECUENTEMENTE;VENTAS;3;UNIVERSITARIO;MEDICO;ALTA;REPRESENTATE DE VENTAS;MUY ALTA;1569;1;NO;EXCELENTE;0;2;EXCELENTE;miércoles, 28 de septiembre de 2022;0;0;0;0
1196;1677;sábado, 3 de febrero de 1973;SI;VIAJA RARAMENTE;INVESTIGACIOÓN Y DESARROLLO;1;LICENCIATURA;CIENCIAS DE LA VIDA;ALTA;GERENTE INVESTIGACION Y DESARROLLO;ALTA;15379;4;SI;EXCELENTE;23;2;MUY BUENO;domingo, 30 de marzo de 2014;8;7;0;0
1203;1687;domingo, 1 de julio de 1984;SI;VIAJA RARAMENTE;INVESTIGACIOÓN Y DESARROLLO;4;UNIVERSITARIO;MEDICO;ALTA;TECNICO DE LABORATORIO;ALTA;3306;7;SI;EXCELENTE;7;5;BUENO;miércoles, 5 de enero de 2022;0;0;0;0
1238;1734;domingo, 15 de abril de 1990;NO;VIAJA RARAMENTE;VENTAS;1;UNIVERSITARIO;CIENCIAS DE LA VIDA;BAJA;EJECUTIVO DE VENTAS;MEDIA;6735;6;SI;EXCELENTE;10;2;MUY BUENO;lunes, 10 de enero de 2022;0;0;0;0
1256;1758;sábado, 1 de julio de 1989;NO;VIAJA RARAMENTE;VENTAS;16;LICENCIATURA;CIENCIAS DE LA VIDA;ALTA;EJECUTIVO DE VENTAS;BAJA;8564;2;NO;SOBRESALIENTE;11;2;BUENO;lunes, 10 de enero de 2022;0;0;0;0
1288;1803;martes, 9 de diciembre de 1980;SI;VIAJA RARAMENTE;INVESTIGACIOÓN Y DESARROLLO;13;LICENCIATURA;MEDICO;MUY ALTA;REPRESENTANTE DE ATENCION MEDICA;BAJA;5538;5;SI;EXCELENTE;10;2;BUENO;sábado, 13 de agosto de 2022;0;0;0;0
1312;1839;lunes, 6 de septiembre de 2004;SI;NO VIAJA;INVESTIGACIOÓN Y DESARROLLO;14;LICENCIATURA;MEDICO;ALTA;CIENTIFICO DE INVESTIGACION;ALTA;1514;1;SI;EXCELENTE;0;4;MALO;martes, 5 de abril de 2022;0;0;0;0
1320;1853;miércoles, 9 de mayo de 1990;SI;VIAJA FRECUENTEMENTE;VENTAS;10;MAESTRIA;MARKETING;ALTA;EJECUTIVO DE VENTAS;MUY ALTA;4648;8;SI;EXCELENTE;4;2;EXCELENTE;domingo, 9 de enero de 2022;0;0;0;0
1326;1860;lunes, 10 de marzo de 1980;SI;VIAJA RARAMENTE;INVESTIGACIOÓN Y DESARROLLO;8;LICENCIATURA;CIENCIAS DE LA VIDA;ALTA;TECNICO DE LABORATORIO;ALTA;3968;4;SI;EXCELENTE;8;3;MUY BUENO;sábado, 12 de noviembre de 2022;0;0;0;0
1372;1935;martes, 13 de septiembre de 1966;SI;VIAJA RARAMENTE;VENTAS;11;DOCTORADO;MARKETING;MEDIA;EJECUTIVO DE VENTAS;BAJA;5380;4;SI;EXCELENTE;6;3;MUY BUENO;domingo, 9 de enero de 2022;0;0;0;0
1379;1943;domingo, 29 de junio de 1980;SI;VIAJA RARAMENTE;VENTAS;12;MAESTRIA;MARKETING;ALTA;EJECUTIVO DE VENTAS;MUY ALTA;5087;3;NO;EXCELENTE;14;4;MUY BUENO;jueves, 26 de mayo de 2022;0;0;0;0
1435;2019;lunes, 19 de enero de 1970;SI;NO VIAJA;VENTAS;29;MAESTRIA;CIENCIAS DE LA VIDA;ALTA;REPRESENTATE DE VENTAS;MUY ALTA;3482;2;SI;EXCELENTE;16;3;BUENO;martes, 3 de diciembre de 2013;9;8;0;0
1454;2045;miércoles, 1 de enero de 1986;SI;VIAJA RARAMENTE;VENTAS;11;MAESTRIA;MARKETING;MEDIA;EJECUTIVO DE VENTAS;MUY ALTA;6652;4;SI;EXCELENTE;8;2;BUENO;viernes, 6 de mayo de 2016;6;3;0;0
1465;2060;lunes, 1 de julio de 1996;SI;VIAJA RARAMENTE;VENTAS;5;LICENCIATURA;OTRO;MEDIA;REPRESENTATE DE VENTAS;ALTA;2966;0;SI;EXCELENTE;5;2;MUY BUENO;jueves, 22 de marzo de 2018;4;2;0;0
49;62;martes, 3 de agosto de 1976;SI;VIAJA FRECUENTEMENTE;VENTAS;5;MAESTRIA;MARKETING;ALTA;EJECUTIVO DE VENTAS;MUY ALTA;5772;4;NO;SOBRESALIENTE;14;4;MUY BUENO;lunes, 12 de agosto de 2013;9;6;0;8
107;141;viernes, 14 de enero de 1972;SI;VIAJA FRECUENTEMENTE;INVESTIGACIOÓN Y DESARROLLO;1;LICENCIATURA;CIENCIAS DE LA VIDA;ALTA;DIRECTOR INVESTIGACION Y DESARROLLO;MEDIA;18172;3;NO;EXCELENTE;28;1;BUENO;jueves, 18 de septiembre de 2014;8;3;0;7
122;160;jueves, 5 de octubre de 1989;NO;NO VIAJA;VENTAS;22;UNIVERSITARIO;MARKETING;ALTA;EJECUTIVO DE VENTAS;MEDIA;6146;0;SI;EXCELENTE;8;2;EXCELENTE;miércoles, 18 de febrero de 2015;7;7;0;7
145;195;sábado, 19 de mayo de 1990;SI;VIAJA FRECUENTEMENTE;VENTAS;9;UNIVERSITARIO;MEDICO;BAJA;EJECUTIVO DE VENTAS;MUY ALTA;4668;0;SI;EXCELENTE;9;2;EXCELENTE;lunes, 7 de julio de 2014;8;7;0;7
198;270;domingo, 14 de diciembre de 1980;SI;NO VIAJA;INVESTIGACIOÓN Y DESARROLLO;21;UNIVERSITARIO;MEDICO;ALTA;DIRECTOR DE MANUFACTURA;ALTA;5265;2;SI;EXCELENTE;11;5;MUY BUENO;sábado, 6 de mayo de 2017;5;3;0;2
217;299;domingo, 21 de junio de 1992;NO;VIAJA FRECUENTEMENTE;VENTAS;26;MAESTRIA;MARKETING;MEDIA;EJECUTIVO DE VENTAS;BAJA;6696;5;SI;EXCELENTE;9;5;BUENO;domingo, 3 de enero de 2016;6;3;0;1
306;419;domingo, 22 de junio de 1986;SI;NO VIAJA;INVESTIGACIOÓN Y DESARROLLO;24;MAESTRIA;CIENCIAS DE LA VIDA;ALTA;TECNICO DE LABORATORIO;MEDIA;5674;7;SI;EXCELENTE;11;3;MUY BUENO;sábado, 16 de febrero de 2013;9;8;0;8
329;446;miércoles, 24 de mayo de 1989;SI;VIAJA FRECUENTEMENTE;VENTAS;10;LICENCIATURA;MARKETING;MEDIA;EJECUTIVO DE VENTAS;MUY ALTA;4682;3;SI;EXCELENTE;9;6;BUENO;miércoles, 11 de febrero de 2015;7;7;0;1
333;450;lunes, 4 de noviembre de 1968;NO;VIAJA FRECUENTEMENTE;INVESTIGACIOÓN Y DESARROLLO;20;MAESTRIA;CIENCIAS DE LA VIDA;ALTA;CIENTIFICO DE INVESTIGACION;ALTA;4869;3;SI;EXCELENTE;20;4;BUENO;lunes, 4 de junio de 2018;4;3;0;3
383;510;miércoles, 15 de mayo de 1996;NO;VIAJA FRECUENTEMENTE;INVESTIGACIOÓN Y DESARROLLO;3;POR DEBAJO DE LA UNIVERSIDAD;TITULO TECNICO;ALTA;CIENTIFICO DE INVESTIGACION;BAJA;3102;0;SI;SOBRESALIENTE;7;2;MUY BUENO;martes, 23 de febrero de 2016;6;4;0;4
410;547;lunes, 28 de enero de 1980;NO;VIAJA FRECUENTEMENTE;INVESTIGACIOÓN Y DESARROLLO;29;UNIVERSITARIO;CIENCIAS DE LA VIDA;ALTA;CIENTIFICO DE INVESTIGACION;ALTA;4556;2;SI;EXCELENTE;19;3;MUY BUENO;sábado, 2 de diciembre de 2017;5;4;0;2
414;551;lunes, 21 de enero de 1980;NO;VIAJA FRECUENTEMENTE;INVESTIGACIOÓN Y DESARROLLO;28;MAESTRIA;TITULO TECNICO;MEDIA;REPRESENTANTE DE ATENCION MEDICA;MUY ALTA;4523;0;SI;EXCELENTE;7;4;EXCELENTE;lunes, 30 de mayo de 2016;6;5;0;4
459;615;miércoles, 1 de septiembre de 1982;NO;NO VIAJA;VENTAS;28;LICENCIATURA;OTRO;BAJA;EJECUTIVO DE VENTAS;BAJA;10932;3;SI;EXCELENTE;20;2;MUY BUENO;jueves, 28 de enero de 2021;1;0;0;1
460;616;miércoles, 4 de noviembre de 1981;SI;NO VIAJA;INVESTIGACIOÓN Y DESARROLLO;2;MAESTRIA;OTRO;MEDIA;REPRESENTANTE DE ATENCION MEDICA;ALTA;6811;2;NO;EXCELENTE;10;3;MUY BUENO;sábado, 15 de marzo de 2014;8;7;0;7
542;742;miércoles, 12 de noviembre de 1986;SI;NO VIAJA;INVESTIGACIOÓN Y DESARROLLO;8;LICENCIATURA;CIENCIAS DE LA VIDA;MUY ALTA;DIRECTOR INVESTIGACION Y DESARROLLO;BAJA;11713;9;SI;EXCELENTE;10;2;MUY BUENO;miércoles, 25 de junio de 2014;8;7;0;5
624;861;sábado, 14 de marzo de 1992;SI;VIAJA FRECUENTEMENTE;INVESTIGACIOÓN Y DESARROLLO;5;MAESTRIA;CIENCIAS DE LA VIDA;MEDIA;CIENTIFICO DE INVESTIGACION;MUY ALTA;3761;9;SI;EXCELENTE;10;3;BUENO;sábado, 2 de diciembre de 2017;5;4;0;3
638;882;martes, 2 de octubre de 1990;SI;NO VIAJA;INVESTIGACIOÓN Y DESARROLLO;1;LICENCIATURA;CIENCIAS DE LA VIDA;ALTA;TECNICO DE LABORATORIO;MUY ALTA;2314;0;SI;EXCELENTE;4;2;MUY BUENO;viernes, 5 de julio de 2019;3;0;0;2
683;951;martes, 27 de marzo de 1990;SI;NO VIAJA;INVESTIGACIOÓN Y DESARROLLO;1;LICENCIATURA;CIENCIAS DE LA VIDA;MEDIA;TECNICO DE LABORATORIO;MEDIA;2332;6;SI;SOBRESALIENTE;5;3;MUY BUENO;sábado, 6 de julio de 2019;3;0;0;2
709;990;martes, 4 de marzo de 1986;SI;NO VIAJA;VENTAS;8;MAESTRIA;TITULO TECNICO;ALTA;EJECUTIVO DE VENTAS;MUY ALTA;5079;4;SI;EXCELENTE;12;3;MUY BUENO;sábado, 28 de marzo de 2015;7;7;0;7
717;999;miércoles, 21 de octubre de 1981;SI;VIAJA FRECUENTEMENTE;INVESTIGACIOÓN Y DESARROLLO;9;LICENCIATURA;MEDICO;ALTA;DIRECTOR INVESTIGACION Y DESARROLLO;ALTA;19419;2;SI;EXCELENTE;21;2;EXCELENTE;lunes, 1 de marzo de 2004;18;16;0;11
723;1006;sábado, 17 de noviembre de 1984;SI;VIAJA FRECUENTEMENTE;INVESTIGACIOÓN Y DESARROLLO;10;POR DEBAJO DE LA UNIVERSIDAD;MEDICO;ALTA;CIENTIFICO DE INVESTIGACION;ALTA;2684;0;SI;EXCELENTE;3;0;BUENO;viernes, 5 de junio de 2020;2;1;0;2
752;1040;sábado, 28 de octubre de 1972;SI;NO VIAJA;VENTAS;1;LICENCIATURA;CIENCIAS DE LA VIDA;ALTA;EJECUTIVO DE VENTAS;ALTA;6347;0;SI;EXCELENTE;19;3;MUY BUENO;miércoles, 26 de mayo de 2004;18;7;0;13
773;1071;viernes, 16 de diciembre de 1966;SI;VIAJA FRECUENTEMENTE;INVESTIGACIOÓN Y DESARROLLO;9;LICENCIATURA;MEDICO;ALTA;CIENTIFICO DE INVESTIGACION;ALTA;2942;2;SI;EXCELENTE;18;4;MUY BUENO;miércoles, 1 de febrero de 2017;5;4;0;3
813;1126;sábado, 15 de diciembre de 1979;SI;VIAJA FRECUENTEMENTE;INVESTIGACIOÓN Y DESARROLLO;27;LICENCIATURA;CIENCIAS DE LA VIDA;ALTA;DIRECTOR DE MANUFACTURA;BAJA;10820;8;SI;EXCELENTE;18;1;MUY BUENO;miércoles, 21 de mayo de 2014;8;7;0;1
817;1132;lunes, 25 de abril de 1983;SI;NO VIAJA;INVESTIGACIOÓN Y DESARROLLO;9;LICENCIATURA;CIENCIAS DE LA VIDA;ALTA;TECNICO DE LABORATORIO;MEDIA;6782;9;SI;EXCELENTE;9;2;BUENO;jueves, 4 de mayo de 2017;5;4;0;3
818;1133;miércoles, 30 de abril de 1986;SI;NO VIAJA;INVESTIGACIOÓN Y DESARROLLO;18;MAESTRIA;CIENCIAS DE LA VIDA;ALTA;DIRECTOR DE MANUFACTURA;MUY ALTA;7779;2;SI;SOBRESALIENTE;18;0;MUY BUENO;miércoles, 15 de junio de 2011;11;9;0;9
879;1231;domingo, 13 de julio de 1980;SI;NO VIAJA;RRHH;2;DOCTORADO;MEDICO;MUY ALTA;RRHH;BAJA;6272;7;SI;EXCELENTE;10;3;EXCELENTE;domingo, 27 de mayo de 2018;4;3;0;3
882;1235;sábado, 17 de febrero de 1990;SI;VIAJA FRECUENTEMENTE;INVESTIGACIOÓN Y DESARROLLO;2;UNIVERSITARIO;CIENCIAS DE LA VIDA;ALTA;CIENTIFICO DE INVESTIGACION;ALTA;4998;4;NO;EXCELENTE;10;2;MUY BUENO;domingo, 18 de mayo de 2014;8;7;0;7
993;1397;miércoles, 23 de noviembre de 1983;NO;NO VIAJA;INVESTIGACIOÓN Y DESARROLLO;25;UNIVERSITARIO;CIENCIAS DE LA VIDA;ALTA;REPRESENTANTE DE ATENCION MEDICA;ALTA;10920;3;SI;SOBRESALIENTE;13;2;MUY BUENO;martes, 31 de mayo de 2016;6;4;0;5
995;1401;sábado, 28 de noviembre de 1970;NO;VIAJA FRECUENTEMENTE;INVESTIGACIOÓN Y DESARROLLO;28;UNIVERSITARIO;MEDICO;MUY ALTA;DIRECTOR DE MANUFACTURA;ALTA;13247;2;NO;EXCELENTE;24;3;BUENO;viernes, 14 de abril de 2017;5;3;0;2
1030;1449;martes, 17 de agosto de 1982;SI;NO VIAJA;INVESTIGACIOÓN Y DESARROLLO;9;MAESTRIA;OTRO;ALTA;TECNICO DE LABORATORIO;ALTA;3975;3;SI;EXCELENTE;11;2;EXCELENTE;viernes, 10 de enero de 2014;8;7;0;7
1048;1477;domingo, 24 de diciembre de 1989;SI;VIAJA FRECUENTEMENTE;VENTAS;7;LICENCIATURA;MEDICO;ALTA;EJECUTIVO DE VENTAS;BAJA;4373;0;SI;EXCELENTE;5;2;MUY BUENO;domingo, 25 de febrero de 2018;4;3;0;3
1166;1642;miércoles, 17 de mayo de 1978;SI;VIAJA FRECUENTEMENTE;RRHH;1;DOCTORADO;RRHH;ALTA;RRHH;MUY ALTA;5743;4;NO;EXCELENTE;14;3;MUY BUENO;miércoles, 19 de diciembre de 2012;10;7;0;2
1245;1745;jueves, 23 de abril de 1992;SI;VIAJA FRECUENTEMENTE;INVESTIGACIOÓN Y DESARROLLO;2;MAESTRIA;TITULO TECNICO;MEDIA;CIENTIFICO DE INVESTIGACION;BAJA;4968;0;SI;EXCELENTE;10;2;MUY BUENO;martes, 29 de enero de 2013;9;7;0;7
1257;1760;miércoles, 15 de febrero de 1984;SI;VIAJA FRECUENTEMENTE;INVESTIGACIOÓN Y DESARROLLO;2;UNIVERSITARIO;MEDICO;MEDIA;TECNICO DE LABORATORIO;MEDIA;2468;4;SI;EXCELENTE;9;4;BUENO;lunes, 4 de enero de 2016;6;1;0;5
1261;1764;sábado, 17 de febrero de 1990;SI;NO VIAJA;INVESTIGACIOÓN Y DESARROLLO;5;MAESTRIA;TITULO TECNICO;ALTA;CIENTIFICO DE INVESTIGACION;MEDIA;2718;2;SI;EXCELENTE;12;3;MUY BUENO;sábado, 7 de marzo de 2015;7;7;0;7
1291;1807;sábado, 1 de octubre de 1988;NO;VIAJA FRECUENTEMENTE;INVESTIGACIOÓN Y DESARROLLO;9;MAESTRIA;CIENCIAS DE LA VIDA;ALTA;TECNICO DE LABORATORIO;BAJA;5346;4;SI;EXCELENTE;11;3;BUENO;viernes, 24 de julio de 2015;7;1;0;7
1318;1850;lunes, 15 de mayo de 1995;SI;VIAJA FRECUENTEMENTE;INVESTIGACIOÓN Y DESARROLLO;5;UNIVERSITARIO;CIENCIAS DE LA VIDA;ALTA;TECNICO DE LABORATORIO;MUY ALTA;2379;0;NO;EXCELENTE;6;3;BUENO;lunes, 18 de septiembre de 2017;5;4;0;2
1376;1939;sábado, 10 de marzo de 1990;NO;VIAJA FRECUENTEMENTE;INVESTIGACIOÓN Y DESARROLLO;5;UNIVERSITARIO;CIENCIAS DE LA VIDA;MUY ALTA;CIENTIFICO DE INVESTIGACION;ALTA;2432;3;NO;EXCELENTE;8;2;MUY BUENO;viernes, 9 de noviembre de 2018;4;1;0;3
1453;2044;miércoles, 6 de septiembre de 1972;NO;VIAJA FRECUENTEMENTE;VENTAS;1;MAESTRIA;CIENCIAS DE LA VIDA;ALTA;EJECUTIVO DE VENTAS;ALTA;6728;7;SI;EXCELENTE;12;3;MUY BUENO;lunes, 22 de agosto de 2016;6;3;0;1
1469;2065;miércoles, 1 de agosto de 1973;SI;VIAJA FRECUENTEMENTE;VENTAS;2;LICENCIATURA;MEDICO;MEDIA;EJECUTIVO DE VENTAS;MEDIA;5390;2;SI;EXCELENTE;17;3;BUENO;jueves, 18 de julio de 2013;9;6;0;8
1;1;jueves, 17 de septiembre de 1981;NO;VIAJA RARAMENTE;VENTAS;1;UNIVERSITARIO;CIENCIAS DE LA VIDA;ALTA;EJECUTIVO DE VENTAS;MUY ALTA;5993;8;NO;EXCELENTE;8;0;MALO;domingo, 3 de enero de 2016;6;4;0;5
11;14;domingo, 19 de julio de 1987;NO;VIAJA RARAMENTE;INVESTIGACIOÓN Y DESARROLLO;16;LICENCIATURA;MEDICO;MUY ALTA;TECNICO DE LABORATORIO;MEDIA;2426;0;SI;EXCELENTE;6;5;MUY BUENO;miércoles, 29 de noviembre de 2017;5;4;0;3
22;27;jueves, 28 de agosto de 1986;NO;VIAJA RARAMENTE;VENTAS;9;MAESTRIA;CIENCIAS DE LA VIDA;MEDIA;REPRESENTATE DE VENTAS;BAJA;3407;7;SI;SOBRESALIENTE;10;4;MUY BUENO;domingo, 26 de marzo de 2017;5;3;0;3
141;190;sábado, 30 de junio de 1990;NO;VIAJA RARAMENTE;INVESTIGACIOÓN Y DESARROLLO;9;LICENCIATURA;MEDICO;ALTA;TECNICO DE LABORATORIO;BAJA;4200;7;SI;SOBRESALIENTE;10;2;EXCELENTE;miércoles, 22 de noviembre de 2017;5;4;0;4
193;261;viernes, 18 de diciembre de 1987;NO;VIAJA RARAMENTE;INVESTIGACIOÓN Y DESARROLLO;23;UNIVERSITARIO;CIENCIAS DE LA VIDA;MEDIA;DIRECTOR DE MANUFACTURA;ALTA;5916;3;NO;EXCELENTE;8;1;MUY BUENO;miércoles, 10 de marzo de 2021;1;0;0;1
235;325;jueves, 9 de marzo de 1989;NO;VIAJA RARAMENTE;INVESTIGACIOÓN Y DESARROLLO;14;LICENCIATURA;MEDICO;ALTA;TECNICO DE LABORATORIO;MUY ALTA;2436;5;NO;EXCELENTE;8;2;MALO;martes, 28 de noviembre de 2017;5;4;0;4
413;550;jueves, 21 de octubre de 1976;NO;VIAJA RARAMENTE;INVESTIGACIOÓN Y DESARROLLO;18;LICENCIATURA;MEDICO;ALTA;DIRECTOR DE MANUFACTURA;ALTA;4810;2;SI;EXCELENTE;19;5;BUENO;domingo, 18 de marzo de 2012;10;7;0;8
496;667;lunes, 5 de junio de 1995;NO;VIAJA RARAMENTE;VENTAS;2;POR DEBAJO DE LA UNIVERSIDAD;MARKETING;ALTA;REPRESENTATE DE VENTAS;BAJA;3041;0;SI;EXCELENTE;5;3;MUY BUENO;miércoles, 21 de marzo de 2018;4;3;0;2
729;1013;martes, 15 de octubre de 1968;NO;VIAJA RARAMENTE;INVESTIGACIOÓN Y DESARROLLO;17;LICENCIATURA;TITULO TECNICO;ALTA;DIRECTOR DE MANUFACTURA;ALTA;10739;8;SI;EXCELENTE;22;2;MUY BUENO;miércoles, 12 de septiembre de 2012;10;7;0;8
866;1211;sábado, 27 de junio de 1992;NO;VIAJA RARAMENTE;VENTAS;29;MAESTRIA;CIENCIAS DE LA VIDA;ALTA;EJECUTIVO DE VENTAS;BAJA;4115;8;SI;EXCELENTE;8;3;MUY BUENO;martes, 19 de junio de 2018;4;3;0;3
1078;1522;viernes, 19 de febrero de 1993;NO;VIAJA RARAMENTE;INVESTIGACIOÓN Y DESARROLLO;1;MAESTRIA;TITULO TECNICO;MEDIA;CIENTIFICO DE INVESTIGACION;BAJA;2362;6;SI;EXCELENTE;11;2;MALO;miércoles, 30 de enero de 2013;9;7;0;7
1093;1546;lunes, 31 de enero de 1977;NO;VIAJA RARAMENTE;INVESTIGACIOÓN Y DESARROLLO;28;LICENCIATURA;TITULO TECNICO;ALTA;CIENTIFICO DE INVESTIGACION;MUY ALTA;2132;4;SI;SOBRESALIENTE;8;3;MUY BUENO;viernes, 17 de febrero de 2017;5;4;0;3
1159;1631;sábado, 26 de enero de 1985;NO;VIAJA RARAMENTE;INVESTIGACIOÓN Y DESARROLLO;19;LICENCIATURA;CIENCIAS DE LA VIDA;ALTA;DIRECTOR DE MANUFACTURA;ALTA;5768;3;SI;EXCELENTE;9;2;BUENO;jueves, 11 de enero de 2018;4;3;0;2
1242;1739;sábado, 1 de diciembre de 1990;NO;VIAJA RARAMENTE;VENTAS;19;LICENCIATURA;CIENCIAS DE LA VIDA;BAJA;EJECUTIVO DE VENTAS;ALTA;9610;3;SI;EXCELENTE;10;2;MALO;martes, 2 de octubre de 2018;4;3;0;2
1334;1869;viernes, 4 de junio de 1976;NO;VIAJA RARAMENTE;VENTAS;10;LICENCIATURA;CIENCIAS DE LA VIDA;ALTA;EJECUTIVO DE VENTAS;MEDIA;7314;5;SI;SOBRESALIENTE;14;2;MUY BUENO;martes, 10 de junio de 2014;8;7;0;7
1391;1960;miércoles, 13 de abril de 1994;NO;VIAJA RARAMENTE;INVESTIGACIOÓN Y DESARROLLO;17;LICENCIATURA;TITULO TECNICO;MEDIA;TECNICO DE LABORATORIO;MUY ALTA;2367;5;SI;EXCELENTE;6;2;BUENO;miércoles, 7 de noviembre de 2018;4;1;0;3
1446;2034;martes, 17 de marzo de 1981;NO;VIAJA RARAMENTE;INVESTIGACIOÓN Y DESARROLLO;28;MAESTRIA;CIENCIAS DE LA VIDA;MEDIA;DIRECTOR DE MANUFACTURA;MEDIA;13570;0;SI;SOBRESALIENTE;21;3;MUY BUENO;sábado, 13 de abril de 2002;20;7;0;10
72;94;martes, 2 de febrero de 1993;SI;VIAJA RARAMENTE;INVESTIGACIOÓN Y DESARROLLO;2;LICENCIATURA;CIENCIAS DE LA VIDA;ALTA;CIENTIFICO DE INVESTIGACION;MEDIA;2703;0;SI;SOBRESALIENTE;6;3;MUY BUENO;jueves, 21 de diciembre de 2017;5;4;0;4
169;230;viernes, 30 de noviembre de 1984;SI;VIAJA RARAMENTE;VENTAS;1;MAESTRIA;CIENCIAS DE LA VIDA;MEDIA;EJECUTIVO DE VENTAS;MUY ALTA;8686;4;SI;SOBRESALIENTE;12;2;EXCELENTE;lunes, 7 de julio de 2014;8;3;0;7
336;453;domingo, 17 de octubre de 1982;SI;VIAJA RARAMENTE;VENTAS;1;UNIVERSITARIO;MEDICO;BAJA;EJECUTIVO DE VENTAS;MUY ALTA;7457;2;NO;SOBRESALIENTE;6;2;BUENO;viernes, 25 de mayo de 2018;4;3;0;2
365;486;lunes, 28 de enero de 1985;SI;VIAJA RARAMENTE;INVESTIGACIOÓN Y DESARROLLO;10;LICENCIATURA;MEDICO;ALTA;TECNICO DE LABORATORIO;BAJA;3452;6;SI;SOBRESALIENTE;17;3;MUY BUENO;sábado, 25 de noviembre de 2017;5;4;0;3
411;548;martes, 21 de julio de 1992;SI;VIAJA RARAMENTE;INVESTIGACIOÓN Y DESARROLLO;2;LICENCIATURA;CIENCIAS DE LA VIDA;BAJA;DIRECTOR DE MANUFACTURA;MUY ALTA;6091;2;SI;SOBRESALIENTE;11;2;MUY BUENO;jueves, 14 de diciembre de 2017;5;4;0;2
457;613;lunes, 13 de mayo de 1991;SI;VIAJA RARAMENTE;VENTAS;7;LICENCIATURA;CIENCIAS DE LA VIDA;MEDIA;GERENTE DE EJECUTIVO DE VENTAS;MUY ALTA;11557;9;SI;SOBRESALIENTE;10;3;BUENO;viernes, 31 de marzo de 2017;5;4;0;1
519;709;jueves, 2 de agosto de 1984;SI;VIAJA RARAMENTE;VENTAS;7;MAESTRIA;MARKETING;MEDIA;EJECUTIVO DE VENTAS;MUY ALTA;4028;0;SI;SOBRESALIENTE;8;2;MUY BUENO;lunes, 28 de septiembre de 2015;7;7;0;5
634;878;viernes, 26 de septiembre de 1986;SI;VIAJA RARAMENTE;RRHH;8;LICENCIATURA;CIENCIAS DE LA VIDA;MEDIA;RRHH;BAJA;2342;0;SI;SOBRESALIENTE;6;3;MUY BUENO;domingo, 27 de agosto de 2017;5;4;0;3
1130;1595;viernes, 21 de noviembre de 1980;SI;VIAJA RARAMENTE;INVESTIGACIOÓN Y DESARROLLO;9;UNIVERSITARIO;OTRO;MEDIA;GERENTE INVESTIGACION Y DESARROLLO;MUY ALTA;19613;8;SI;SOBRESALIENTE;24;2;MUY BUENO;miércoles, 23 de junio de 2021;1;0;0;1
1184;1664;martes, 30 de septiembre de 1986;SI;VIAJA RARAMENTE;INVESTIGACIOÓN Y DESARROLLO;3;UNIVERSITARIO;CIENCIAS DE LA VIDA;MUY ALTA;REPRESENTANTE DE ATENCION MEDICA;BAJA;6842;6;SI;SOBRESALIENTE;13;3;MUY BUENO;martes, 11 de abril de 2017;5;4;0;4
1244;1744;miércoles, 28 de diciembre de 1977;SI;VIAJA RARAMENTE;RRHH;4;LICENCIATURA;CIENCIAS DE LA VIDA;BAJA;RRHH;ALTA;9756;4;SI;SOBRESALIENTE;9;2;EXCELENTE;lunes, 6 de marzo de 2017;5;0;0;3
1264;1768;martes, 29 de julio de 1980;SI;VIAJA RARAMENTE;INVESTIGACIOÓN Y DESARROLLO;12;LICENCIATURA;MEDICO;ALTA;TECNICO DE LABORATORIO;MEDIA;2766;8;SI;SOBRESALIENTE;7;6;BUENO;sábado, 16 de septiembre de 2017;5;3;0;4
1345;1885;jueves, 3 de enero de 1985;SI;VIAJA RARAMENTE;INVESTIGACIOÓN Y DESARROLLO;7;MAESTRIA;MEDICO;ALTA;CIENTIFICO DE INVESTIGACION;BAJA;4284;5;NO;SOBRESALIENTE;16;2;MUY BUENO;domingo, 27 de agosto de 2017;5;3;0;4
1434;2018;lunes, 1 de septiembre de 1997;SI;VIAJA RARAMENTE;VENTAS;8;UNIVERSITARIO;OTRO;ALTA;EJECUTIVO DE VENTAS;ALTA;4907;0;NO;SOBRESALIENTE;6;3;BUENO;viernes, 3 de noviembre de 2017;5;3;0;4
12;15;martes, 24 de agosto de 1993;SI;VIAJA RARAMENTE;INVESTIGACIOÓN Y DESARROLLO;15;UNIVERSITARIO;CIENCIAS DE LA VIDA;MEDIA;TECNICO DE LABORATORIO;ALTA;4193;0;NO;EXCELENTE;10;3;MUY BUENO;lunes, 16 de septiembre de 2013;9;5;0;8
66;84;miércoles, 16 de agosto de 1967;SI;VIAJA RARAMENTE;INVESTIGACIOÓN Y DESARROLLO;8;LICENCIATURA;MEDICO;ALTA;GERENTE INVESTIGACION Y DESARROLLO;ALTA;14756;2;NO;EXCELENTE;21;2;MUY BUENO;sábado, 15 de abril de 2017;5;0;0;2
86;112;viernes, 4 de marzo de 1966;SI;VIAJA RARAMENTE;INVESTIGACIOÓN Y DESARROLLO;7;LICENCIATURA;CIENCIAS DE LA VIDA;BAJA;DIRECTOR DE MANUFACTURA;MUY ALTA;7260;4;SI;EXCELENTE;37;3;BUENO;martes, 23 de febrero de 2016;6;4;0;2
96;126;lunes, 1 de abril de 1968;SI;VIAJA RARAMENTE;INVESTIGACIOÓN Y DESARROLLO;2;MAESTRIA;TITULO TECNICO;ALTA;DIRECTOR INVESTIGACION Y DESARROLLO;ALTA;13549;9;SI;EXCELENTE;16;5;MALO;jueves, 15 de noviembre de 2018;4;3;0;3
134;176;sábado, 7 de noviembre de 1981;SI;VIAJA RARAMENTE;VENTAS;9;POR DEBAJO DE LA UNIVERSIDAD;CIENCIAS DE LA VIDA;ALTA;EJECUTIVO DE VENTAS;ALTA;8189;3;NO;EXCELENTE;12;2;MUY BUENO;martes, 29 de enero de 2013;9;7;0;7
142;192;jueves, 17 de marzo de 1977;SI;VIAJA RARAMENTE;INVESTIGACIOÓN Y DESARROLLO;29;LICENCIATURA;MEDICO;ALTA;CIENTIFICO DE INVESTIGACION;MUY ALTA;3452;5;SI;EXCELENTE;9;2;BUENO;miércoles, 24 de febrero de 2016;6;5;0;3
154;206;sábado, 16 de abril de 1977;SI;VIAJA RARAMENTE;INVESTIGACIOÓN Y DESARROLLO;9;LICENCIATURA;CIENCIAS DE LA VIDA;ALTA;TECNICO DE LABORATORIO;MEDIA;2348;8;SI;EXCELENTE;20;2;MALO;miércoles, 12 de enero de 2005;17;9;0;15
175;240;lunes, 10 de octubre de 1977;SI;VIAJA RARAMENTE;VENTAS;4;UNIVERSITARIO;CIENCIAS DE LA VIDA;ALTA;EJECUTIVO DE VENTAS;BAJA;5006;4;NO;EXCELENTE;9;3;EXCELENTE;sábado, 25 de febrero de 2017;5;4;0;3
177;242;viernes, 3 de noviembre de 1989;SI;VIAJA RARAMENTE;INVESTIGACIOÓN Y DESARROLLO;2;LICENCIATURA;CIENCIAS DE LA VIDA;ALTA;CIENTIFICO DE INVESTIGACION;MUY ALTA;2500;0;SI;EXCELENTE;4;2;EXCELENTE;viernes, 13 de diciembre de 2019;3;1;0;2
234;323;lunes, 11 de septiembre de 1972;SI;VIAJA RARAMENTE;VENTAS;1;MAESTRIA;MEDICO;ALTA;GERENTE DE EJECUTIVO DE VENTAS;MUY ALTA;19517;3;SI;EXCELENTE;32;3;BUENO;martes, 11 de agosto de 2015;7;0;0;6
249;340;viernes, 5 de julio de 1985;SI;VIAJA RARAMENTE;INVESTIGACIOÓN Y DESARROLLO;1;UNIVERSITARIO;MEDICO;MEDIA;CIENTIFICO DE INVESTIGACION;BAJA;3920;2;SI;EXCELENTE;17;2;BUENO;viernes, 13 de diciembre de 2019;3;1;0;2
274;378;lunes, 28 de octubre de 1985;SI;VIAJA RARAMENTE;VENTAS;6;MAESTRIA;MEDICO;ALTA;EJECUTIVO DE VENTAS;MUY ALTA;6502;4;SI;EXCELENTE;7;5;EXCELENTE;viernes, 24 de febrero de 2017;5;4;0;1
284;389;martes, 3 de octubre de 1967;SI;VIAJA RARAMENTE;INVESTIGACIOÓN Y DESARROLLO;20;UNIVERSITARIO;TITULO TECNICO;ALTA;TECNICO DE LABORATORIO;MUY ALTA;5415;3;NO;EXCELENTE;12;4;MUY BUENO;jueves, 10 de mayo de 2012;10;7;0;8
303;412;viernes, 30 de septiembre de 1994;SI;VIAJA RARAMENTE;INVESTIGACIOÓN Y DESARROLLO;16;UNIVERSITARIO;MEDICO;MUY ALTA;REPRESENTANTE DE ATENCION MEDICA;BAJA;5661;0;SI;EXCELENTE;9;2;MUY BUENO;sábado, 4 de octubre de 2014;8;3;0;7
308;421;martes, 21 de agosto de 1984;SI;VIAJA RARAMENTE;INVESTIGACIOÓN Y DESARROLLO;25;UNIVERSITARIO;CIENCIAS DE LA VIDA;MEDIA;DIRECTOR INVESTIGACION Y DESARROLLO;MEDIA;12061;3;SI;EXCELENTE;19;2;MUY BUENO;domingo, 11 de noviembre de 2012;10;8;0;1
317;431;martes, 24 de abril de 1973;SI;VIAJA RARAMENTE;INVESTIGACIOÓN Y DESARROLLO;1;UNIVERSITARIO;TITULO TECNICO;MEDIA;REPRESENTANTE DE ATENCION MEDICA;ALTA;13964;7;NO;EXCELENTE;25;2;MUY BUENO;jueves, 26 de febrero de 2015;7;1;0;7
323;439;sábado, 22 de diciembre de 1990;SI;VIAJA RARAMENTE;INVESTIGACIOÓN Y DESARROLLO;2;MAESTRIA;MEDICO;MUY ALTA;CIENTIFICO DE INVESTIGACION;MUY ALTA;5055;7;SI;EXCELENTE;10;0;BUENO;martes, 28 de julio de 2015;7;7;0;7
345;464;domingo, 25 de enero de 1987;SI;VIAJA RARAMENTE;INVESTIGACIOÓN Y DESARROLLO;5;MAESTRIA;TITULO TECNICO;ALTA;DIRECTOR DE MANUFACTURA;MEDIA;8095;0;SI;EXCELENTE;17;5;MUY BUENO;lunes, 15 de mayo de 2006;16;6;0;13
377;500;sábado, 5 de junio de 1971;SI;VIAJA RARAMENTE;VENTAS;14;UNIVERSITARIO;CIENCIAS DE LA VIDA;ALTA;EJECUTIVO DE VENTAS;MUY ALTA;4936;4;SI;EXCELENTE;18;2;BUENO;domingo, 31 de mayo de 2015;7;7;0;7
390;518;jueves, 27 de junio de 1985;SI;VIAJA RARAMENTE;INVESTIGACIOÓN Y DESARROLLO;10;MAESTRIA;CIENCIAS DE LA VIDA;ALTA;DIRECTOR DE MANUFACTURA;MEDIA;4197;2;NO;EXCELENTE;18;2;BUENO;viernes, 2 de julio de 2021;1;0;0;1
407;543;domingo, 8 de marzo de 1970;SI;VIAJA RARAMENTE;INVESTIGACIOÓN Y DESARROLLO;3;LICENCIATURA;MEDICO;MEDIA;DIRECTOR DE MANUFACTURA;ALTA;7969;2;NO;EXCELENTE;28;4;MUY BUENO;lunes, 16 de octubre de 2017;5;4;0;4
429;574;domingo, 16 de noviembre de 1975;SI;VIAJA RARAMENTE;INVESTIGACIOÓN Y DESARROLLO;2;UNIVERSITARIO;MEDICO;ALTA;DIRECTOR DE MANUFACTURA;MUY ALTA;5070;5;SI;EXCELENTE;20;2;MUY BUENO;viernes, 17 de marzo de 2017;5;0;0;4
451;604;lunes, 6 de mayo de 1991;SI;VIAJA RARAMENTE;VENTAS;2;POR DEBAJO DE LA UNIVERSIDAD;CIENCIAS DE LA VIDA;ALTA;EJECUTIVO DE VENTAS;MUY ALTA;6582;4;NO;EXCELENTE;10;2;EXCELENTE;miércoles, 3 de febrero de 2016;6;5;0;5
456;612;sábado, 14 de enero de 1989;SI;VIAJA RARAMENTE;INVESTIGACIOÓN Y DESARROLLO;1;DOCTORADO;MEDICO;MUY ALTA;DIRECTOR INVESTIGACION Y DESARROLLO;ALTA;16184;4;SI;EXCELENTE;10;2;MUY BUENO;viernes, 5 de febrero de 2016;6;1;0;5
486;655;viernes, 20 de octubre de 1995;SI;VIAJA RARAMENTE;INVESTIGACIOÓN Y DESARROLLO;6;MAESTRIA;MEDICO;MEDIA;CIENTIFICO DE INVESTIGACION;ALTA;2187;0;SI;EXCELENTE;6;5;BUENO;domingo, 3 de diciembre de 2017;5;3;0;3
555;764;domingo, 3 de diciembre de 1995;SI;VIAJA RARAMENTE;INVESTIGACIOÓN Y DESARROLLO;7;LICENCIATURA;MEDICO;MEDIA;REPRESENTANTE DE ATENCION MEDICA;BAJA;6811;8;SI;EXCELENTE;9;2;MALO;miércoles, 25 de febrero de 2015;7;6;0;7
560;773;miércoles, 9 de mayo de 1984;SI;VIAJA RARAMENTE;INVESTIGACIOÓN Y DESARROLLO;2;DOCTORADO;MEDICO;ALTA;CIENTIFICO DE INVESTIGACION;ALTA;3057;6;NO;EXCELENTE;6;0;MALO;jueves, 14 de enero de 2021;1;0;0;1
589;815;sábado, 4 de marzo de 1972;SI;VIAJA RARAMENTE;INVESTIGACIOÓN Y DESARROLLO;2;LICENCIATURA;MEDICO;ALTA;DIRECTOR INVESTIGACION Y DESARROLLO;ALTA;17639;5;SI;EXCELENTE;30;3;MUY BUENO;lunes, 16 de julio de 2018;4;3;0;3
594;823;sábado, 8 de febrero de 1986;SI;VIAJA RARAMENTE;INVESTIGACIOÓN Y DESARROLLO;1;LICENCIATURA;OTRO;ALTA;DIRECTOR DE MANUFACTURA;MEDIA;5228;0;SI;EXCELENTE;10;2;MUY BUENO;viernes, 28 de junio de 2013;9;7;0;5
598;827;domingo, 24 de agosto de 1980;SI;VIAJA RARAMENTE;INVESTIGACIOÓN Y DESARROLLO;1;UNIVERSITARIO;CIENCIAS DE LA VIDA;MEDIA;DIRECTOR DE MANUFACTURA;MUY ALTA;6062;9;NO;EXCELENTE;8;4;MUY BUENO;domingo, 28 de octubre de 2018;4;3;0;2
619;854;lunes, 18 de agosto de 1997;SI;VIAJA RARAMENTE;INVESTIGACIOÓN Y DESARROLLO;2;POR DEBAJO DE LA UNIVERSIDAD;MEDICO;MUY ALTA;CIENTIFICO DE INVESTIGACION;BAJA;3424;7;SI;EXCELENTE;6;3;BUENO;sábado, 10 de noviembre de 2018;4;3;0;1
626;864;jueves, 15 de septiembre de 1977;SI;VIAJA RARAMENTE;VENTAS;9;LICENCIATURA;MARKETING;ALTA;EJECUTIVO DE VENTAS;BAJA;10761;4;NO;EXCELENTE;18;2;MUY BUENO;martes, 10 de octubre de 2017;5;4;0;2
645;895;lunes, 1 de julio de 1991;SI;VIAJA RARAMENTE;INVESTIGACIOÓN Y DESARROLLO;11;MAESTRIA;CIENCIAS DE LA VIDA;ALTA;CIENTIFICO DE INVESTIGACION;MUY ALTA;2356;3;NO;EXCELENTE;8;2;MUY BUENO;lunes, 28 de marzo de 2016;6;4;0;2
655;909;domingo, 13 de noviembre de 1983;SI;VIAJA RARAMENTE;RRHH;2;LICENCIATURA;CIENCIAS DE LA VIDA;MEDIA;RRHH;MUY ALTA;5204;8;SI;EXCELENTE;13;2;MUY BUENO;jueves, 16 de febrero de 2017;5;4;0;4
656;910;sábado, 29 de julio de 1989;SI;VIAJA RARAMENTE;RRHH;3;UNIVERSITARIO;RRHH;ALTA;RRHH;MEDIA;2277;3;NO;EXCELENTE;7;4;EXCELENTE;martes, 9 de enero de 2018;4;3;0;3
658;912;domingo, 9 de mayo de 1993;SI;VIAJA RARAMENTE;INVESTIGACIOÓN Y DESARROLLO;7;POR DEBAJO DE LA UNIVERSIDAD;MEDICO;MEDIA;TECNICO DE LABORATORIO;MUY ALTA;2532;6;SI;EXCELENTE;8;5;MUY BUENO;domingo, 4 de noviembre de 2018;4;3;0;3
673;936;domingo, 21 de septiembre de 1980;SI;VIAJA RARAMENTE;VENTAS;14;UNIVERSITARIO;MEDICO;MEDIA;EJECUTIVO DE VENTAS;ALTA;6244;7;SI;EXCELENTE;10;6;MUY BUENO;miércoles, 11 de octubre de 2017;5;4;0;3
675;940;miércoles, 1 de abril de 1964;SI;VIAJA RARAMENTE;INVESTIGACIOÓN Y DESARROLLO;5;LICENCIATURA;TITULO TECNICO;MEDIA;REPRESENTANTE DE ATENCION MEDICA;MEDIA;10552;2;NO;EXCELENTE;24;3;MUY BUENO;domingo, 4 de diciembre de 2016;6;0;0;4
705;984;domingo, 6 de septiembre de 1987;SI;VIAJA RARAMENTE;VENTAS;3;MAESTRIA;CIENCIAS DE LA VIDA;ALTA;EJECUTIVO DE VENTAS;MUY ALTA;7823;6;SI;EXCELENTE;12;2;MUY BUENO;domingo, 25 de noviembre de 2012;10;9;0;8
706;985;viernes, 25 de noviembre de 1983;SI;VIAJA RARAMENTE;VENTAS;2;DOCTORADO;CIENCIAS DE LA VIDA;MUY ALTA;EJECUTIVO DE VENTAS;ALTA;7880;0;SI;EXCELENTE;9;3;MUY BUENO;martes, 8 de julio de 2014;8;7;0;7
714;996;sábado, 31 de diciembre de 1977;SI;VIAJA RARAMENTE;INVESTIGACIOÓN Y DESARROLLO;1;MAESTRIA;MEDICO;ALTA;TECNICO DE LABORATORIO;MUY ALTA;2270;3;SI;EXCELENTE;8;2;MUY BUENO;sábado, 6 de mayo de 2017;5;3;0;2
724;1007;martes, 5 de octubre de 1976;SI;VIAJA RARAMENTE;INVESTIGACIOÓN Y DESARROLLO;7;UNIVERSITARIO;MEDICO;ALTA;DIRECTOR DE MANUFACTURA;ALTA;10845;6;SI;EXCELENTE;13;3;MUY BUENO;miércoles, 30 de abril de 2014;8;7;0;7
758;1047;viernes, 23 de septiembre de 1988;SI;VIAJA RARAMENTE;VENTAS;1;MAESTRIA;MARKETING;MUY ALTA;EJECUTIVO DE VENTAS;MUY ALTA;9725;0;SI;EXCELENTE;16;2;BUENO;sábado, 8 de septiembre de 2007;15;1;0;9
759;1048;viernes, 1 de marzo de 1963;SI;VIAJA RARAMENTE;VENTAS;1;UNIVERSITARIO;TITULO TECNICO;ALTA;GERENTE DE EJECUTIVO DE VENTAS;MUY ALTA;11904;3;NO;EXCELENTE;14;1;MALO;sábado, 29 de octubre de 2016;6;4;0;4
768;1062;martes, 24 de septiembre de 1985;SI;VIAJA RARAMENTE;INVESTIGACIOÓN Y DESARROLLO;3;LICENCIATURA;OTRO;ALTA;REPRESENTANTE DE ATENCION MEDICA;MEDIA;4107;3;SI;EXCELENTE;8;3;BUENO;sábado, 10 de noviembre de 2018;4;3;0;1
820;1136;jueves, 1 de diciembre de 1994;SI;VIAJA RARAMENTE;INVESTIGACIOÓN Y DESARROLLO;2;POR DEBAJO DE LA UNIVERSIDAD;CIENCIAS DE LA VIDA;MEDIA;CIENTIFICO DE INVESTIGACION;MEDIA;3201;0;SI;EXCELENTE;6;2;MALO;jueves, 2 de febrero de 2017;5;3;0;4
895;1250;miércoles, 11 de septiembre de 1968;SI;VIAJA RARAMENTE;INVESTIGACIOÓN Y DESARROLLO;3;LICENCIATURA;CIENCIAS DE LA VIDA;ALTA;DIRECTOR INVESTIGACION Y DESARROLLO;MUY ALTA;17779;3;SI;EXCELENTE;36;2;MUY BUENO;martes, 12 de junio de 2012;10;9;0;9
898;1254;martes, 20 de agosto de 1963;SI;VIAJA RARAMENTE;VENTAS;3;LICENCIATURA;CIENCIAS DE LA VIDA;MEDIA;EJECUTIVO DE VENTAS;MUY ALTA;5171;5;SI;EXCELENTE;13;2;MUY BUENO;martes, 5 de enero de 2016;6;1;0;5
899;1255;jueves, 23 de agosto de 1979;SI;VIAJA RARAMENTE;INVESTIGACIOÓN Y DESARROLLO;3;LICENCIATURA;CIENCIAS DE LA VIDA;BAJA;DIRECTOR INVESTIGACION Y DESARROLLO;MUY ALTA;19740;3;SI;EXCELENTE;25;2;MUY BUENO;jueves, 17 de julio de 2014;8;7;0;7
909;1268;lunes, 6 de febrero de 1989;SI;VIAJA RARAMENTE;VENTAS;10;DOCTORADO;MARKETING;MUY ALTA;EJECUTIVO DE VENTAS;ALTA;8380;0;NO;EXCELENTE;10;3;MUY BUENO;viernes, 19 de julio de 2013;9;8;0;8
917;1280;martes, 14 de diciembre de 1976;SI;VIAJA RARAMENTE;VENTAS;4;UNIVERSITARIO;MARKETING;MEDIA;GERENTE DE EJECUTIVO DE VENTAS;MEDIA;18789;2;SI;EXCELENTE;26;2;MUY BUENO;sábado, 12 de febrero de 2011;11;4;0;8
1000;1408;sábado, 17 de mayo de 1980;SI;VIAJA RARAMENTE;RRHH;10;LICENCIATURA;RRHH;ALTA;GERENTE RRHH;BAJA;16799;0;SI;EXCELENTE;21;5;MUY BUENO;miércoles, 21 de agosto de 2002;20;7;0;9
1001;1409;martes, 21 de julio de 1970;SI;VIAJA RARAMENTE;INVESTIGACIOÓN Y DESARROLLO;8;MAESTRIA;OTRO;ALTA;TECNICO DE LABORATORIO;BAJA;2950;9;SI;EXCELENTE;12;2;MALO;jueves, 4 de mayo de 2017;5;4;0;4
1005;1417;viernes, 2 de agosto de 1996;SI;VIAJA RARAMENTE;INVESTIGACIOÓN Y DESARROLLO;7;LICENCIATURA;OTRO;MUY ALTA;TECNICO DE LABORATORIO;BAJA;3578;0;SI;EXCELENTE;8;2;MUY BUENO;martes, 28 de julio de 2015;7;7;0;7
1012;1425;domingo, 13 de abril de 1986;SI;VIAJA RARAMENTE;VENTAS;3;MAESTRIA;MARKETING;ALTA;EJECUTIVO DE VENTAS;MEDIA;9278;3;NO;EXCELENTE;15;3;MUY BUENO;miércoles, 6 de septiembre de 2017;5;4;0;1
1027;1446;viernes, 2 de febrero de 1990;SI;VIAJA RARAMENTE;VENTAS;7;DOCTORADO;MARKETING;ALTA;EJECUTIVO DE VENTAS;MUY ALTA;9204;4;SI;EXCELENTE;7;3;BUENO;lunes, 1 de octubre de 2018;4;3;0;3
1028;1447;lunes, 3 de octubre de 1988;SI;VIAJA RARAMENTE;INVESTIGACIOÓN Y DESARROLLO;1;LICENCIATURA;CIENCIAS DE LA VIDA;MEDIA;TECNICO DE LABORATORIO;MEDIA;3294;5;SI;EXCELENTE;7;2;BUENO;viernes, 5 de mayo de 2017;5;4;0;2
1035;1460;domingo, 22 de mayo de 1977;SI;VIAJA RARAMENTE;INVESTIGACIOÓN Y DESARROLLO;20;LICENCIATURA;MEDICO;BAJA;REPRESENTANTE DE ATENCION MEDICA;BAJA;10851;2;NO;EXCELENTE;24;2;MUY BUENO;sábado, 4 de abril de 2015;7;7;0;7
1055;1484;jueves, 11 de enero de 1973;SI;VIAJA RARAMENTE;INVESTIGACIOÓN Y DESARROLLO;7;MAESTRIA;CIENCIAS DE LA VIDA;ALTA;REPRESENTANTE DE ATENCION MEDICA;MEDIA;10466;3;SI;EXCELENTE;29;3;MUY BUENO;martes, 29 de abril de 2014;8;7;0;7
1067;1502;domingo, 20 de agosto de 1989;SI;VIAJA RARAMENTE;INVESTIGACIOÓN Y DESARROLLO;4;MAESTRIA;MEDICO;MEDIA;TECNICO DE LABORATORIO;MEDIA;3838;8;SI;EXCELENTE;8;5;MUY BUENO;sábado, 6 de mayo de 2017;5;4;0;2
1091;1544;viernes, 3 de septiembre de 1993;SI;VIAJA RARAMENTE;INVESTIGACIOÓN Y DESARROLLO;8;POR DEBAJO DE LA UNIVERSIDAD;OTRO;BAJA;REPRESENTANTE DE ATENCION MEDICA;BAJA;9715;3;SI;EXCELENTE;9;3;MUY BUENO;viernes, 20 de noviembre de 2015;7;7;0;7
1134;1599;lunes, 26 de marzo de 1979;SI;VIAJA RARAMENTE;INVESTIGACIOÓN Y DESARROLLO;27;LICENCIATURA;TITULO TECNICO;MUY ALTA;TECNICO DE LABORATORIO;MEDIA;4876;5;SI;EXCELENTE;8;0;MUY BUENO;domingo, 3 de enero de 2016;6;4;0;2
1156;1627;domingo, 19 de junio de 1983;SI;VIAJA RARAMENTE;INVESTIGACIOÓN Y DESARROLLO;3;UNIVERSITARIO;MEDICO;MEDIA;TECNICO DE LABORATORIO;ALTA;3069;0;SI;EXCELENTE;11;3;MUY BUENO;jueves, 10 de mayo de 2012;10;8;0;7
1162;1638;lunes, 16 de enero de 1984;SI;VIAJA RARAMENTE;INVESTIGACIOÓN Y DESARROLLO;2;UNIVERSITARIO;MEDICO;MEDIA;DIRECTOR DE MANUFACTURA;ALTA;7756;3;NO;EXCELENTE;10;6;EXCELENTE;sábado, 18 de noviembre de 2017;5;4;0;2
1197;1678;jueves, 12 de marzo de 1981;SI;VIAJA RARAMENTE;VENTAS;23;UNIVERSITARIO;CIENCIAS DE LA VIDA;ALTA;EJECUTIVO DE VENTAS;ALTA;7082;3;NO;EXCELENTE;21;2;MUY BUENO;miércoles, 8 de abril de 2020;2;0;0;2
1232;1727;jueves, 14 de octubre de 1976;SI;VIAJA RARAMENTE;INVESTIGACIOÓN Y DESARROLLO;13;MAESTRIA;CIENCIAS DE LA VIDA;ALTA;REPRESENTANTE DE ATENCION MEDICA;MEDIA;5562;6;SI;EXCELENTE;19;3;MUY BUENO;miércoles, 22 de febrero de 2012;10;7;0;9
1233;1728;lunes, 28 de diciembre de 1987;SI;VIAJA RARAMENTE;INVESTIGACIOÓN Y DESARROLLO;27;MAESTRIA;CIENCIAS DE LA VIDA;ALTA;DIRECTOR DE MANUFACTURA;ALTA;6883;2;SI;EXCELENTE;17;3;MUY BUENO;domingo, 25 de octubre de 2015;7;7;0;7
1236;1732;miércoles, 14 de abril de 1976;SI;VIAJA RARAMENTE;VENTAS;2;LICENCIATURA;CIENCIAS DE LA VIDA;ALTA;EJECUTIVO DE VENTAS;MUY ALTA;10368;4;NO;EXCELENTE;13;5;BUENO;jueves, 3 de mayo de 2012;10;6;0;3
1255;1757;miércoles, 31 de octubre de 1973;SI;VIAJA RARAMENTE;VENTAS;11;MAESTRIA;MARKETING;ALTA;EJECUTIVO DE VENTAS;MUY ALTA;4507;3;SI;EXCELENTE;8;1;EXCELENTE;martes, 5 de septiembre de 2017;5;1;0;4
1287;1802;domingo, 10 de enero de 1982;SI;VIAJA RARAMENTE;INVESTIGACIOÓN Y DESARROLLO;2;UNIVERSITARIO;CIENCIAS DE LA VIDA;ALTA;TECNICO DE LABORATORIO;BAJA;3377;4;SI;EXCELENTE;7;5;BUENO;viernes, 16 de marzo de 2018;4;3;0;2
1297;1816;sábado, 30 de mayo de 1992;SI;VIAJA RARAMENTE;INVESTIGACIOÓN Y DESARROLLO;10;LICENCIATURA;MEDICO;ALTA;DIRECTOR DE MANUFACTURA;ALTA;9667;9;SI;EXCELENTE;9;3;MUY BUENO;miércoles, 18 de noviembre de 2015;7;7;0;2
1300;1822;miércoles, 29 de diciembre de 1982;SI;VIAJA RARAMENTE;INVESTIGACIOÓN Y DESARROLLO;1;LICENCIATURA;CIENCIAS DE LA VIDA;ALTA;REPRESENTANTE DE ATENCION MEDICA;MUY ALTA;6513;4;SI;EXCELENTE;12;3;MUY BUENO;martes, 11 de abril de 2017;5;3;0;3
1303;1826;martes, 17 de febrero de 1987;SI;VIAJA RARAMENTE;INVESTIGACIOÓN Y DESARROLLO;23;MAESTRIA;MEDICO;BAJA;TECNICO DE LABORATORIO;ALTA;2705;0;SI;EXCELENTE;6;2;EXCELENTE;lunes, 18 de septiembre de 2017;5;4;0;3
1351;1898;miércoles, 21 de junio de 1995;SI;VIAJA RARAMENTE;VENTAS;2;UNIVERSITARIO;MEDICO;MUY ALTA;EJECUTIVO DE VENTAS;ALTA;6500;0;SI;EXCELENTE;9;5;BUENO;sábado, 10 de mayo de 2014;8;7;0;7
1381;1945;viernes, 16 de octubre de 1987;SI;VIAJA RARAMENTE;VENTAS;18;MAESTRIA;MEDICO;ALTA;EJECUTIVO DE VENTAS;BAJA;5561;0;SI;EXCELENTE;6;2;MALO;viernes, 3 de noviembre de 2017;5;3;0;4
1388;1954;lunes, 6 de septiembre de 1993;SI;VIAJA RARAMENTE;INVESTIGACIOÓN Y DESARROLLO;1;LICENCIATURA;CIENCIAS DE LA VIDA;ALTA;REPRESENTANTE DE ATENCION MEDICA;BAJA;5373;0;SI;EXCELENTE;6;5;BUENO;martes, 10 de enero de 2017;5;3;0;2
1449;2037;domingo, 29 de noviembre de 1981;SI;VIAJA RARAMENTE;VENTAS;3;LICENCIATURA;CIENCIAS DE LA VIDA;MEDIA;EJECUTIVO DE VENTAS;MEDIA;8938;2;SI;EXCELENTE;14;5;MUY BUENO;sábado, 4 de noviembre de 2017;5;4;0;4
1455;2046;domingo, 13 de febrero de 1977;SI;VIAJA RARAMENTE;VENTAS;20;LICENCIATURA;CIENCIAS DE LA VIDA;ALTA;EJECUTIVO DE VENTAS;ALTA;4850;8;SI;EXCELENTE;8;3;MUY BUENO;sábado, 4 de noviembre de 2017;5;3;0;1
1458;2051;martes, 16 de noviembre de 1982;SI;VIAJA RARAMENTE;INVESTIGACIOÓN Y DESARROLLO;2;MAESTRIA;MEDICO;ALTA;CIENTIFICO DE INVESTIGACION;ALTA;2001;2;SI;EXCELENTE;20;2;MUY BUENO;viernes, 17 de febrero de 2017;5;3;0;2
1460;2053;lunes, 22 de marzo de 1993;SI;VIAJA RARAMENTE;INVESTIGACIOÓN Y DESARROLLO;13;UNIVERSITARIO;OTRO;MEDIA;TECNICO DE LABORATORIO;MEDIA;4025;4;NO;EXCELENTE;10;2;MUY BUENO;miércoles, 14 de noviembre de 2018;4;3;0;3
43;55;sábado, 21 de diciembre de 1996;NO;VIAJA RARAMENTE;INVESTIGACIOÓN Y DESARROLLO;25;LICENCIATURA;CIENCIAS DE LA VIDA;BAJA;TECNICO DE LABORATORIO;ALTA;2293;1;SI;EXCELENTE;1;2;BUENO;sábado, 11 de septiembre de 2021;1;0;0;1
50;63;viernes, 21 de agosto de 1987;SI;VIAJA RARAMENTE;INVESTIGACIOÓN Y DESARROLLO;8;POR DEBAJO DE LA UNIVERSIDAD;CIENCIAS DE LA VIDA;MUY ALTA;TECNICO DE LABORATORIO;MUY ALTA;2269;1;SI;EXCELENTE;1;2;MUY BUENO;sábado, 3 de abril de 2021;1;0;0;1
60;77;martes, 15 de octubre de 1985;SI;VIAJA RARAMENTE;INVESTIGACIOÓN Y DESARROLLO;1;MAESTRIA;CIENCIAS DE LA VIDA;MEDIA;DIRECTOR DE MANUFACTURA;ALTA;5993;1;SI;EXCELENTE;7;2;EXCELENTE;miércoles, 13 de mayo de 2015;7;5;0;7
67;85;miércoles, 30 de abril de 1986;SI;VIAJA FRECUENTEMENTE;INVESTIGACIOÓN Y DESARROLLO;11;LICENCIATURA;CIENCIAS DE LA VIDA;MEDIA;DIRECTOR DE MANUFACTURA;MEDIA;6499;1;SI;EXCELENTE;6;3;MUY BUENO;lunes, 22 de febrero de 2016;6;5;0;3
74;96;sábado, 13 de enero de 1990;SI;VIAJA RARAMENTE;INVESTIGACIOÓN Y DESARROLLO;1;LICENCIATURA;CIENCIAS DE LA VIDA;ALTA;CIENTIFICO DE INVESTIGACION;MEDIA;6220;1;SI;EXCELENTE;10;3;MUY BUENO;miércoles, 12 de septiembre de 2012;10;4;0;9
82;105;jueves, 7 de mayo de 1987;SI;VIAJA RARAMENTE;INVESTIGACIOÓN Y DESARROLLO;1;LICENCIATURA;MEDICO;MEDIA;CIENTIFICO DE INVESTIGACION;ALTA;2859;1;SI;EXCELENTE;6;3;MUY BUENO;miércoles, 24 de febrero de 2016;6;4;0;4
98;129;miércoles, 14 de diciembre de 1994;SI;NO VIAJA;VENTAS;4;LICENCIATURA;MEDICO;ALTA;EJECUTIVO DE VENTAS;ALTA;4221;1;SI;EXCELENTE;5;3;EXCELENTE;viernes, 24 de febrero de 2017;5;4;0;4
108;142;domingo, 19 de enero de 1997;NO;VIAJA RARAMENTE;VENTAS;5;LICENCIATURA;MARKETING;MEDIA;EJECUTIVO DE VENTAS;ALTA;5744;1;NO;EXCELENTE;6;1;MUY BUENO;domingo, 3 de enero de 2016;6;4;0;3
112;147;lunes, 4 de abril de 1988;NO;VIAJA FRECUENTEMENTE;INVESTIGACIOÓN Y DESARROLLO;7;LICENCIATURA;CIENCIAS DE LA VIDA;BAJA;TECNICO DE LABORATORIO;ALTA;6074;1;NO;SOBRESALIENTE;9;3;MUY BUENO;lunes, 16 de septiembre de 2013;9;7;0;6
121;159;lunes, 17 de febrero de 1992;NO;VIAJA FRECUENTEMENTE;INVESTIGACIOÓN Y DESARROLLO;23;LICENCIATURA;CIENCIAS DE LA VIDA;BAJA;CIENTIFICO DE INVESTIGACION;ALTA;2613;1;SI;SOBRESALIENTE;10;2;BUENO;martes, 11 de septiembre de 2012;10;7;0;9
144;194;martes, 11 de febrero de 1992;SI;VIAJA RARAMENTE;INVESTIGACIOÓN Y DESARROLLO;18;LICENCIATURA;CIENCIAS DE LA VIDA;ALTA;CIENTIFICO DE INVESTIGACION;ALTA;2632;1;SI;EXCELENTE;5;4;BUENO;miércoles, 20 de diciembre de 2017;5;4;0;4
152;204;lunes, 9 de marzo de 1987;SI;VIAJA RARAMENTE;VENTAS;1;DOCTORADO;MARKETING;ALTA;EJECUTIVO DE VENTAS;MEDIA;7295;1;SI;EXCELENTE;10;3;MUY BUENO;domingo, 2 de diciembre de 2012;10;8;0;6
156;208;jueves, 28 de enero de 1993;SI;NO VIAJA;INVESTIGACIOÓN Y DESARROLLO;1;POR DEBAJO DE LA UNIVERSIDAD;TITULO TECNICO;ALTA;DIRECTOR DE MANUFACTURA;ALTA;4319;1;SI;EXCELENTE;10;1;MUY BUENO;jueves, 14 de junio de 2012;10;7;0;9
165;224;miércoles, 20 de diciembre de 1995;SI;NO VIAJA;INVESTIGACIOÓN Y DESARROLLO;3;LICENCIATURA;MEDICO;MEDIA;CIENTIFICO DE INVESTIGACION;ALTA;2566;1;NO;EXCELENTE;1;2;BUENO;martes, 14 de septiembre de 2021;1;1;0;1
183;248;sábado, 18 de abril de 1981;NO;VIAJA RARAMENTE;VENTAS;20;UNIVERSITARIO;MARKETING;ALTA;REPRESENTATE DE VENTAS;MEDIA;3140;1;NO;SOBRESALIENTE;4;5;BUENO;sábado, 4 de agosto de 2018;4;3;0;2
192;260;miércoles, 8 de febrero de 1995;SI;VIAJA RARAMENTE;INVESTIGACIOÓN Y DESARROLLO;9;LICENCIATURA;MEDICO;ALTA;CIENTIFICO DE INVESTIGACION;MEDIA;2279;1;SI;EXCELENTE;7;2;BUENO;martes, 28 de julio de 2015;7;7;0;3
213;293;lunes, 26 de junio de 1995;NO;VIAJA FRECUENTEMENTE;VENTAS;20;LICENCIATURA;CIENCIAS DE LA VIDA;ALTA;EJECUTIVO DE VENTAS;ALTA;9981;1;SI;EXCELENTE;7;2;MUY BUENO;martes, 17 de febrero de 2015;7;7;0;7
223;306;domingo, 16 de junio de 1985;SI;VIAJA FRECUENTEMENTE;INVESTIGACIOÓN Y DESARROLLO;11;LICENCIATURA;OTRO;ALTA;DIRECTOR INVESTIGACION Y DESARROLLO;MUY ALTA;12185;1;NO;EXCELENTE;10;1;MUY BUENO;lunes, 11 de junio de 2012;10;8;0;7
229;314;jueves, 2 de abril de 1987;SI;VIAJA FRECUENTEMENTE;VENTAS;1;LICENCIATURA;MARKETING;ALTA;EJECUTIVO DE VENTAS;ALTA;8789;1;SI;EXCELENTE;10;3;EXCELENTE;sábado, 24 de noviembre de 2012;10;7;0;8
230;315;lunes, 9 de agosto de 1993;NO;VIAJA RARAMENTE;INVESTIGACIOÓN Y DESARROLLO;18;POR DEBAJO DE LA UNIVERSIDAD;MEDICO;MEDIA;CIENTIFICO DE INVESTIGACION;MUY ALTA;2389;1;NO;EXCELENTE;4;3;BUENO;lunes, 4 de junio de 2018;4;3;0;1
261;359;lunes, 19 de febrero de 1990;SI;VIAJA FRECUENTEMENTE;INVESTIGACIOÓN Y DESARROLLO;7;LICENCIATURA;CIENCIAS DE LA VIDA;MUY ALTA;TECNICO DE LABORATORIO;MEDIA;2794;1;SI;SOBRESALIENTE;5;3;MALO;viernes, 24 de noviembre de 2017;5;1;0;3
283;388;miércoles, 30 de junio de 1993;SI;VIAJA FRECUENTEMENTE;VENTAS;2;UNIVERSITARIO;CIENCIAS DE LA VIDA;ALTA;EJECUTIVO DE VENTAS;MUY ALTA;4554;1;SI;EXCELENTE;10;3;BUENO;lunes, 6 de febrero de 2012;10;7;0;9
290;395;lunes, 13 de junio de 1994;SI;VIAJA RARAMENTE;INVESTIGACIOÓN Y DESARROLLO;8;UNIVERSITARIO;CIENCIAS DE LA VIDA;ALTA;CIENTIFICO DE INVESTIGACION;MUY ALTA;3310;1;SI;SOBRESALIENTE;5;3;MUY BUENO;sábado, 2 de diciembre de 2017;5;3;0;2
301;410;lunes, 24 de agosto de 1981;SI;VIAJA RARAMENTE;VENTAS;2;MAESTRIA;CIENCIAS DE LA VIDA;ALTA;GERENTE DE EJECUTIVO DE VENTAS;MEDIA;16015;1;SI;EXCELENTE;22;2;MUY BUENO;jueves, 14 de septiembre de 2000;22;10;0;4
321;437;sábado, 30 de diciembre de 1995;SI;VIAJA RARAMENTE;VENTAS;2;LICENCIATURA;CIENCIAS DE LA VIDA;ALTA;EJECUTIVO DE VENTAS;ALTA;4478;1;NO;EXCELENTE;5;3;MUY BUENO;viernes, 24 de febrero de 2017;5;4;0;4
337;454;viernes, 1 de enero de 1993;NO;VIAJA RARAMENTE;INVESTIGACIOÓN Y DESARROLLO;8;MAESTRIA;OTRO;BAJA;TECNICO DE LABORATORIO;BAJA;2119;1;NO;EXCELENTE;7;4;BUENO;lunes, 9 de marzo de 2015;7;7;0;7
340;458;martes, 19 de septiembre de 1995;SI;VIAJA RARAMENTE;VENTAS;8;MAESTRIA;MARKETING;ALTA;EJECUTIVO DE VENTAS;MEDIA;6214;1;SI;EXCELENTE;8;3;MUY BUENO;viernes, 9 de mayo de 2014;8;7;0;7
350;469;miércoles, 15 de septiembre de 1993;SI;NO VIAJA;VENTAS;2;LICENCIATURA;CIENCIAS DE LA VIDA;ALTA;EJECUTIVO DE VENTAS;ALTA;4649;1;SI;EXCELENTE;4;3;BUENO;jueves, 31 de mayo de 2018;4;3;0;2
352;471;martes, 25 de septiembre de 1990;SI;VIAJA RARAMENTE;INVESTIGACIOÓN Y DESARROLLO;2;LICENCIATURA;MEDICO;ALTA;TECNICO DE LABORATORIO;MEDIA;2370;1;SI;EXCELENTE;8;4;MUY BUENO;viernes, 10 de enero de 2014;8;0;0;7
375;498;sábado, 6 de agosto de 1994;SI;VIAJA RARAMENTE;VENTAS;9;MAESTRIA;CIENCIAS DE LA VIDA;ALTA;EJECUTIVO DE VENTAS;MUY ALTA;5253;1;SI;EXCELENTE;7;1;MUY BUENO;viernes, 15 de mayo de 2015;7;5;0;7
404;534;martes, 18 de agosto de 1981;SI;VIAJA RARAMENTE;VENTAS;1;LICENCIATURA;MARKETING;MUY ALTA;EJECUTIVO DE VENTAS;BAJA;8392;1;SI;EXCELENTE;10;2;MUY BUENO;sábado, 24 de noviembre de 2012;10;7;0;7
435;581;viernes, 6 de septiembre de 1991;SI;VIAJA RARAMENTE;INVESTIGACIOÓN Y DESARROLLO;9;POR DEBAJO DE LA UNIVERSIDAD;CIENCIAS DE LA VIDA;ALTA;DIRECTOR DE MANUFACTURA;MEDIA;10648;1;SI;SOBRESALIENTE;13;6;EXCELENTE;martes, 20 de enero de 2009;13;8;0;8
450;602;lunes, 9 de mayo de 1983;SI;VIAJA FRECUENTEMENTE;INVESTIGACIOÓN Y DESARROLLO;8;POR DEBAJO DE LA UNIVERSIDAD;CIENCIAS DE LA VIDA;ALTA;TECNICO DE LABORATORIO;ALTA;3755;1;SI;EXCELENTE;8;3;MUY BUENO;viernes, 10 de enero de 2014;8;3;0;7
462;620;miércoles, 6 de mayo de 1987;SI;VIAJA RARAMENTE;VENTAS;1;LICENCIATURA;MEDICO;ALTA;EJECUTIVO DE VENTAS;ALTA;4859;1;SI;EXCELENTE;5;3;MUY BUENO;jueves, 23 de febrero de 2017;5;4;0;3
474;638;martes, 9 de octubre de 1973;SI;VIAJA RARAMENTE;INVESTIGACIOÓN Y DESARROLLO;18;MAESTRIA;CIENCIAS DE LA VIDA;MEDIA;DIRECTOR INVESTIGACION Y DESARROLLO;ALTA;19502;1;NO;EXCELENTE;31;5;MUY BUENO;domingo, 3 de noviembre de 1991;31;9;0;9
479;645;domingo, 2 de febrero de 1997;SI;VIAJA RARAMENTE;VENTAS;13;POR DEBAJO DE LA UNIVERSIDAD;MEDICO;ALTA;REPRESENTATE DE VENTAS;ALTA;2096;1;SI;EXCELENTE;7;1;MUY BUENO;miércoles, 3 de junio de 2015;7;4;0;6
501;679;domingo, 6 de mayo de 1990;SI;VIAJA RARAMENTE;INVESTIGACIOÓN Y DESARROLLO;9;MAESTRIA;CIENCIAS DE LA VIDA;ALTA;CIENTIFICO DE INVESTIGACION;MUY ALTA;6322;1;NO;EXCELENTE;6;2;BUENO;martes, 29 de marzo de 2016;6;4;0;5
522;714;sábado, 16 de diciembre de 1995;SI;VIAJA FRECUENTEMENTE;VENTAS;3;POR DEBAJO DE LA UNIVERSIDAD;MEDICO;MUY ALTA;EJECUTIVO DE VENTAS;MUY ALTA;4647;1;NO;SOBRESALIENTE;6;3;MUY BUENO;martes, 2 de febrero de 2016;6;5;0;4
528;722;jueves, 29 de noviembre de 1990;SI;VIAJA RARAMENTE;VENTAS;10;LICENCIATURA;MARKETING;ALTA;EJECUTIVO DE VENTAS;MUY ALTA;5396;1;SI;EXCELENTE;10;2;BUENO;jueves, 29 de noviembre de 2012;10;7;0;8
531;725;viernes, 8 de diciembre de 1995;SI;VIAJA RARAMENTE;INVESTIGACIOÓN Y DESARROLLO;1;UNIVERSITARIO;CIENCIAS DE LA VIDA;ALTA;DIRECTOR DE MANUFACTURA;BAJA;7412;1;SI;EXCELENTE;9;3;MUY BUENO;jueves, 27 de junio de 2013;9;7;0;7
551;758;jueves, 7 de enero de 1999;SI;VIAJA RARAMENTE;INVESTIGACIOÓN Y DESARROLLO;9;POR DEBAJO DE LA UNIVERSIDAD;MEDICO;ALTA;TECNICO DE LABORATORIO;BAJA;2500;1;SI;EXCELENTE;5;2;EXCELENTE;viernes, 9 de noviembre de 2018;4;3;0;2
570;789;miércoles, 29 de octubre de 1986;SI;NO VIAJA;VENTAS;8;MAESTRIA;CIENCIAS DE LA VIDA;MEDIA;EJECUTIVO DE VENTAS;BAJA;7587;1;SI;EXCELENTE;10;1;MUY BUENO;domingo, 25 de noviembre de 2012;10;7;0;9
595;824;jueves, 22 de abril de 1993;SI;VIAJA RARAMENTE;INVESTIGACIOÓN Y DESARROLLO;23;UNIVERSITARIO;CIENCIAS DE LA VIDA;MUY ALTA;CIENTIFICO DE INVESTIGACION;ALTA;2700;1;SI;SOBRESALIENTE;10;3;MUY BUENO;jueves, 3 de mayo de 2012;10;7;0;7
611;844;domingo, 23 de julio de 1995;SI;VIAJA RARAMENTE;INVESTIGACIOÓN Y DESARROLLO;5;POR DEBAJO DE LA UNIVERSIDAD;TITULO TECNICO;MEDIA;DIRECTOR INVESTIGACION Y DESARROLLO;MUY ALTA;12808;1;NO;EXCELENTE;9;3;MUY BUENO;martes, 7 de mayo de 2013;9;8;0;8
620;855;viernes, 25 de agosto de 1989;SI;VIAJA RARAMENTE;VENTAS;1;LICENCIATURA;MEDICO;MUY ALTA;EJECUTIVO DE VENTAS;BAJA;4037;1;SI;SOBRESALIENTE;9;5;MUY BUENO;jueves, 15 de agosto de 2013;9;8;0;8
630;869;sábado, 8 de enero de 1994;SI;VIAJA RARAMENTE;RRHH;8;UNIVERSITARIO;MEDICO;MEDIA;RRHH;MUY ALTA;4936;1;SI;EXCELENTE;6;6;MUY BUENO;jueves, 24 de agosto de 2017;5;1;0;4
635;879;domingo, 20 de julio de 1997;SI;VIAJA RARAMENTE;VENTAS;3;POR DEBAJO DE LA UNIVERSIDAD;OTRO;ALTA;EJECUTIVO DE VENTAS;BAJA;4194;1;NO;EXCELENTE;5;3;MUY BUENO;miércoles, 11 de octubre de 2017;5;3;0;3
653;904;lunes, 14 de octubre de 1985;SI;NO VIAJA;VENTAS;19;UNIVERSITARIO;MEDICO;ALTA;EJECUTIVO DE VENTAS;MEDIA;7642;1;NO;EXCELENTE;10;2;MUY BUENO;lunes, 26 de noviembre de 2012;10;0;0;9
657;911;domingo, 18 de febrero de 1990;NO;VIAJA RARAMENTE;INVESTIGACIOÓN Y DESARROLLO;25;MAESTRIA;CIENCIAS DE LA VIDA;ALTA;TECNICO DE LABORATORIO;MUY ALTA;2795;1;NO;SOBRESALIENTE;1;2;MALO;miércoles, 17 de marzo de 2021;1;0;0;1
677;942;jueves, 19 de febrero de 1987;SI;VIAJA RARAMENTE;INVESTIGACIOÓN Y DESARROLLO;21;POR DEBAJO DE LA UNIVERSIDAD;CIENCIAS DE LA VIDA;ALTA;REPRESENTANTE DE ATENCION MEDICA;MUY ALTA;4014;1;NO;SOBRESALIENTE;10;2;MALO;martes, 24 de julio de 2012;10;6;0;7
686;956;martes, 14 de mayo de 1996;SI;VIAJA FRECUENTEMENTE;VENTAS;1;LICENCIATURA;MEDICO;MEDIA;EJECUTIVO DE VENTAS;BAJA;4294;1;SI;EXCELENTE;7;2;MUY BUENO;sábado, 17 de enero de 2015;7;7;0;7
697;972;domingo, 5 de junio de 1977;SI;NO VIAJA;INVESTIGACIOÓN Y DESARROLLO;4;UNIVERSITARIO;CIENCIAS DE LA VIDA;ALTA;TECNICO DE LABORATORIO;MEDIA;4447;1;SI;EXCELENTE;9;5;BUENO;viernes, 15 de febrero de 2013;9;7;0;8
698;974;sábado, 7 de agosto de 1993;SI;VIAJA FRECUENTEMENTE;VENTAS;20;LICENCIATURA;TITULO TECNICO;ALTA;REPRESENTATE DE VENTAS;MUY ALTA;2157;1;SI;EXCELENTE;3;5;MUY BUENO;lunes, 4 de noviembre de 2019;3;1;0;2
719;1002;martes, 15 de febrero de 1977;SI;NO VIAJA;INVESTIGACIOÓN Y DESARROLLO;23;UNIVERSITARIO;CIENCIAS DE LA VIDA;ALTA;TECNICO DE LABORATORIO;BAJA;3633;1;NO;EXCELENTE;9;2;MUY BUENO;viernes, 15 de febrero de 2013;9;8;0;8
720;1003;martes, 11 de noviembre de 1975;SI;VIAJA RARAMENTE;VENTAS;4;UNIVERSITARIO;CIENCIAS DE LA VIDA;ALTA;EJECUTIVO DE VENTAS;MUY ALTA;4163;1;NO;EXCELENTE;9;0;MUY BUENO;jueves, 18 de julio de 2013;9;0;0;7
727;1011;miércoles, 18 de diciembre de 1991;SI;VIAJA FRECUENTEMENTE;INVESTIGACIOÓN Y DESARROLLO;1;POR DEBAJO DE LA UNIVERSIDAD;CIENCIAS DE LA VIDA;ALTA;DIRECTOR DE MANUFACTURA;BAJA;4148;1;SI;EXCELENTE;4;1;MUY BUENO;miércoles, 28 de febrero de 2018;4;3;0;3
760;1049;jueves, 8 de diciembre de 1977;SI;VIAJA RARAMENTE;RRHH;24;MAESTRIA;MEDICO;ALTA;RRHH;MEDIA;2177;1;SI;EXCELENTE;6;3;MUY BUENO;sábado, 21 de mayo de 2016;6;3;0;4
784;1085;viernes, 10 de julio de 1981;SI;VIAJA RARAMENTE;INVESTIGACIOÓN Y DESARROLLO;7;UNIVERSITARIO;TITULO TECNICO;MUY ALTA;CIENTIFICO DE INVESTIGACION;ALTA;3376;1;SI;EXCELENTE;10;3;MUY BUENO;lunes, 2 de abril de 2012;10;6;0;8
828;1154;domingo, 9 de enero de 1994;SI;VIAJA FRECUENTEMENTE;INVESTIGACIOÓN Y DESARROLLO;6;LICENCIATURA;CIENCIAS DE LA VIDA;MEDIA;CIENTIFICO DE INVESTIGACION;ALTA;2703;1;NO;EXCELENTE;3;2;MUY BUENO;jueves, 4 de julio de 2019;3;1;0;2
844;1177;viernes, 8 de noviembre de 1996;SI;VIAJA RARAMENTE;INVESTIGACIOÓN Y DESARROLLO;3;MAESTRIA;MEDICO;MUY ALTA;TECNICO DE LABORATORIO;MUY ALTA;4420;1;SI;SOBRESALIENTE;8;2;MUY BUENO;miércoles, 8 de enero de 2014;8;7;0;7
853;1192;jueves, 25 de noviembre de 1993;SI;VIAJA RARAMENTE;INVESTIGACIOÓN Y DESARROLLO;6;POR DEBAJO DE LA UNIVERSIDAD;MEDICO;ALTA;TECNICO DE LABORATORIO;MUY ALTA;3131;1;SI;EXCELENTE;10;5;MUY BUENO;miércoles, 3 de octubre de 2012;10;8;0;8
858;1200;martes, 23 de mayo de 1978;NO;VIAJA RARAMENTE;INVESTIGACIOÓN Y DESARROLLO;10;MAESTRIA;CIENCIAS DE LA VIDA;ALTA;CIENTIFICO DE INVESTIGACION;ALTA;2936;1;NO;EXCELENTE;6;4;MUY BUENO;jueves, 31 de marzo de 2016;6;4;0;2
873;1220;jueves, 16 de marzo de 1989;SI;VIAJA FRECUENTEMENTE;VENTAS;25;LICENCIATURA;MEDICO;ALTA;EJECUTIVO DE VENTAS;ALTA;4539;1;SI;EXCELENTE;10;3;BUENO;lunes, 1 de octubre de 2012;10;7;0;1
896;1251;martes, 30 de abril de 1991;SI;VIAJA RARAMENTE;INVESTIGACIOÓN Y DESARROLLO;11;UNIVERSITARIO;MEDICO;ALTA;REPRESENTANTE DE ATENCION MEDICA;BAJA;6833;1;NO;EXCELENTE;6;2;BUENO;jueves, 24 de marzo de 2016;6;5;0;1
901;1257;martes, 4 de febrero de 1986;SI;VIAJA FRECUENTEMENTE;INVESTIGACIOÓN Y DESARROLLO;3;LICENCIATURA;TITULO TECNICO;ALTA;CIENTIFICO DE INVESTIGACION;MEDIA;3692;1;SI;EXCELENTE;12;2;BUENO;martes, 14 de junio de 2011;11;10;0;7
903;1259;sábado, 14 de octubre de 1995;SI;VIAJA RARAMENTE;INVESTIGACIOÓN Y DESARROLLO;4;UNIVERSITARIO;CIENCIAS DE LA VIDA;ALTA;CIENTIFICO DE INVESTIGACION;ALTA;2517;1;SI;EXCELENTE;5;2;MUY BUENO;domingo, 5 de febrero de 2017;5;3;0;3
910;1269;miércoles, 3 de septiembre de 2003;SI;VIAJA RARAMENTE;INVESTIGACIOÓN Y DESARROLLO;25;LICENCIATURA;CIENCIAS DE LA VIDA;MUY ALTA;CIENTIFICO DE INVESTIGACION;MUY ALTA;2994;1;NO;EXCELENTE;1;2;MUY BUENO;sábado, 7 de agosto de 2021;1;0;0;1
911;1270;miércoles, 8 de diciembre de 1999;SI;VIAJA RARAMENTE;INVESTIGACIOÓN Y DESARROLLO;1;UNIVERSITARIO;CIENCIAS DE LA VIDA;ALTA;CIENTIFICO DE INVESTIGACION;ALTA;1223;1;SI;SOBRESALIENTE;1;2;MUY BUENO;lunes, 9 de agosto de 2021;1;0;0;1
929;1295;domingo, 29 de octubre de 1978;NO;VIAJA RARAMENTE;INVESTIGACIOÓN Y DESARROLLO;15;LICENCIATURA;MEDICO;ALTA;REPRESENTANTE DE ATENCION MEDICA;MUY ALTA;7978;1;SI;EXCELENTE;10;2;MUY BUENO;sábado, 25 de febrero de 2012;10;7;0;5
936;1304;jueves, 17 de mayo de 1990;SI;VIAJA RARAMENTE;VENTAS;8;LICENCIATURA;MEDICO;MUY ALTA;EJECUTIVO DE VENTAS;MUY ALTA;6209;1;SI;EXCELENTE;10;4;EXCELENTE;lunes, 5 de noviembre de 2012;10;7;0;8
949;1321;martes, 4 de febrero de 1992;NO;VIAJA RARAMENTE;INVESTIGACIOÓN Y DESARROLLO;17;MAESTRIA;MEDICO;ALTA;GERENTE INVESTIGACION Y DESARROLLO;BAJA;11916;1;NO;SOBRESALIENTE;9;2;MUY BUENO;viernes, 1 de marzo de 2013;9;1;0;8
963;1352;lunes, 8 de noviembre de 1971;SI;VIAJA RARAMENTE;RRHH;5;LICENCIATURA;CIENCIAS DE LA VIDA;ALTA;GERENTE RRHH;MEDIA;14026;1;NO;EXCELENTE;33;2;MUY BUENO;sábado, 25 de febrero de 1989;33;9;0;10
970;1363;jueves, 29 de agosto de 1974;SI;VIAJA RARAMENTE;INVESTIGACIOÓN Y DESARROLLO;4;LICENCIATURA;CIENCIAS DE LA VIDA;ALTA;DIRECTOR DE MANUFACTURA;MUY ALTA;7898;1;SI;EXCELENTE;11;2;MUY BUENO;martes, 12 de junio de 2012;10;9;0;8
985;1387;domingo, 27 de noviembre de 1994;SI;VIAJA RARAMENTE;VENTAS;26;LICENCIATURA;CIENCIAS DE LA VIDA;MEDIA;EJECUTIVO DE VENTAS;BAJA;4724;1;SI;EXCELENTE;5;0;MUY BUENO;miércoles, 6 de septiembre de 2017;5;3;0;4
1006;1419;sábado, 22 de mayo de 1993;SI;VIAJA RARAMENTE;RRHH;17;LICENCIATURA;OTRO;MEDIA;RRHH;BAJA;7988;1;SI;EXCELENTE;10;3;BUENO;miércoles, 19 de diciembre de 2012;10;9;0;9
1026;1445;domingo, 8 de noviembre de 1998;SI;VIAJA RARAMENTE;VENTAS;4;POR DEBAJO DE LA UNIVERSIDAD;MEDICO;ALTA;EJECUTIVO DE VENTAS;ALTA;4162;1;NO;EXCELENTE;5;3;MUY BUENO;martes, 5 de septiembre de 2017;5;4;0;3
1064;1497;sábado, 4 de septiembre de 1993;SI;VIAJA RARAMENTE;VENTAS;19;LICENCIATURA;CIENCIAS DE LA VIDA;MEDIA;EJECUTIVO DE VENTAS;ALTA;8620;1;SI;EXCELENTE;10;3;MUY BUENO;domingo, 3 de junio de 2012;10;7;0;4
1092;1545;jueves, 21 de septiembre de 1989;NO;VIAJA RARAMENTE;INVESTIGACIOÓN Y DESARROLLO;25;LICENCIATURA;CIENCIAS DE LA VIDA;MEDIA;DIRECTOR DE MANUFACTURA;MEDIA;4320;1;SI;EXCELENTE;5;2;MUY BUENO;sábado, 20 de mayo de 2017;5;3;0;2
1135;1601;jueves, 15 de enero de 1987;SI;VIAJA RARAMENTE;INVESTIGACIOÓN Y DESARROLLO;7;UNIVERSITARIO;CIENCIAS DE LA VIDA;MEDIA;TECNICO DE LABORATORIO;MUY ALTA;2690;1;SI;EXCELENTE;1;5;BUENO;miércoles, 28 de abril de 2021;1;0;0;1
1136;1602;domingo, 11 de enero de 1976;SI;VIAJA RARAMENTE;VENTAS;1;MAESTRIA;CIENCIAS DE LA VIDA;MUY ALTA;GERENTE DE EJECUTIVO DE VENTAS;BAJA;17567;1;SI;EXCELENTE;27;5;MALO;domingo, 22 de septiembre de 1996;26;0;0;12
1150;1619;martes, 31 de octubre de 1995;NO;VIAJA RARAMENTE;INVESTIGACIOÓN Y DESARROLLO;19;LICENCIATURA;OTRO;MEDIA;TECNICO DE LABORATORIO;BAJA;4066;1;SI;EXCELENTE;7;3;MUY BUENO;lunes, 27 de julio de 2015;7;7;0;7
1175;1653;martes, 23 de septiembre de 1997;SI;VIAJA FRECUENTEMENTE;INVESTIGACIOÓN Y DESARROLLO;2;POR DEBAJO DE LA UNIVERSIDAD;CIENCIAS DE LA VIDA;MUY ALTA;DIRECTOR DE MANUFACTURA;ALTA;5206;1;SI;EXCELENTE;7;6;MUY BUENO;domingo, 15 de marzo de 2015;7;7;0;7
1189;1669;viernes, 23 de julio de 1993;SI;VIAJA RARAMENTE;VENTAS;5;LICENCIATURA;MEDICO;MEDIA;EJECUTIVO DE VENTAS;MEDIA;4187;1;NO;EXCELENTE;10;3;BUENO;jueves, 3 de mayo de 2012;10;0;0;9
1192;1673;lunes, 5 de agosto de 1991;SI;VIAJA RARAMENTE;VENTAS;5;MAESTRIA;CIENCIAS DE LA VIDA;ALTA;EJECUTIVO DE VENTAS;MUY ALTA;5476;1;SI;EXCELENTE;10;2;MUY BUENO;viernes, 4 de mayo de 2012;10;0;0;2
1218;1707;sábado, 24 de octubre de 1998;SI;VIAJA RARAMENTE;INVESTIGACIOÓN Y DESARROLLO;9;LICENCIATURA;MEDICO;MUY ALTA;CIENTIFICO DE INVESTIGACION;ALTA;4401;1;SI;EXCELENTE;5;1;MUY BUENO;sábado, 18 de febrero de 2017;5;3;0;4
1234;1729;jueves, 24 de septiembre de 1992;SI;VIAJA RARAMENTE;INVESTIGACIOÓN Y DESARROLLO;16;POR DEBAJO DE LA UNIVERSIDAD;CIENCIAS DE LA VIDA;ALTA;CIENTIFICO DE INVESTIGACION;MUY ALTA;2862;1;SI;EXCELENTE;10;2;BUENO;domingo, 1 de abril de 2012;10;0;0;8
1267;1772;jueves, 1 de octubre de 1981;SI;VIAJA RARAMENTE;INVESTIGACIOÓN Y DESARROLLO;9;MAESTRIA;CIENCIAS DE LA VIDA;ALTA;TECNICO DE LABORATORIO;BAJA;2289;1;SI;SOBRESALIENTE;5;2;MUY BUENO;domingo, 17 de septiembre de 2017;5;3;0;4
1268;1774;domingo, 8 de mayo de 1988;SI;NO VIAJA;VENTAS;10;LICENCIATURA;CIENCIAS DE LA VIDA;ALTA;EJECUTIVO DE VENTAS;ALTA;4001;1;NO;EXCELENTE;15;3;MUY BUENO;sábado, 1 de septiembre de 2007;15;14;0;7
1273;1782;domingo, 1 de enero de 1984;SI;VIAJA RARAMENTE;INVESTIGACIOÓN Y DESARROLLO;6;UNIVERSITARIO;OTRO;MEDIA;TECNICO DE LABORATORIO;ALTA;3702;1;SI;EXCELENTE;5;3;MUY BUENO;domingo, 17 de septiembre de 2017;5;4;0;4
1284;1799;domingo, 22 de mayo de 1994;SI;VIAJA RARAMENTE;INVESTIGACIOÓN Y DESARROLLO;1;LICENCIATURA;CIENCIAS DE LA VIDA;ALTA;CIENTIFICO DE INVESTIGACION;MUY ALTA;2044;1;SI;EXCELENTE;5;6;EXCELENTE;viernes, 25 de agosto de 2017;5;3;0;3
1292;1809;lunes, 28 de octubre de 1985;NO;VIAJA RARAMENTE;INVESTIGACIOÓN Y DESARROLLO;10;MAESTRIA;MEDICO;ALTA;DIRECTOR DE MANUFACTURA;BAJA;4213;1;SI;EXCELENTE;10;4;MALO;jueves, 2 de febrero de 2012;10;3;0;8
1342;1881;sábado, 23 de marzo de 1991;SI;VIAJA RARAMENTE;INVESTIGACIOÓN Y DESARROLLO;20;LICENCIATURA;CIENCIAS DE LA VIDA;ALTA;TECNICO DE LABORATORIO;ALTA;4197;1;SI;EXCELENTE;10;2;MUY BUENO;viernes, 11 de mayo de 2012;10;8;0;2
1348;1890;domingo, 19 de enero de 1986;SI;VIAJA FRECUENTEMENTE;RRHH;2;POR DEBAJO DE LA UNIVERSIDAD;RRHH;MEDIA;RRHH;MUY ALTA;3886;1;SI;SOBRESALIENTE;10;2;BUENO;jueves, 10 de mayo de 2012;10;1;0;8
1364;1924;viernes, 24 de febrero de 1989;SI;VIAJA RARAMENTE;VENTAS;10;MAESTRIA;MARKETING;ALTA;EJECUTIVO DE VENTAS;ALTA;5487;1;SI;EXCELENTE;10;2;BUENO;domingo, 2 de diciembre de 2012;10;4;0;9
1365;1927;sábado, 5 de noviembre de 1994;SI;VIAJA FRECUENTEMENTE;VENTAS;1;UNIVERSITARIO;CIENCIAS DE LA VIDA;MEDIA;EJECUTIVO DE VENTAS;MUY ALTA;6834;1;NO;EXCELENTE;7;2;MUY BUENO;domingo, 24 de mayo de 2015;7;7;0;7
1374;1937;martes, 19 de junio de 1984;SI;VIAJA FRECUENTEMENTE;INVESTIGACIOÓN Y DESARROLLO;8;LICENCIATURA;MEDICO;MEDIA;CIENTIFICO DE INVESTIGACION;MEDIA;2133;1;NO;EXCELENTE;20;3;MUY BUENO;viernes, 22 de marzo de 2002;20;11;0;7
1384;1949;lunes, 12 de mayo de 1986;SI;NO VIAJA;INVESTIGACIOÓN Y DESARROLLO;9;MAESTRIA;CIENCIAS DE LA VIDA;MUY ALTA;TECNICO DE LABORATORIO;MEDIA;2810;1;SI;SOBRESALIENTE;5;3;MUY BUENO;viernes, 15 de septiembre de 2017;5;4;0;2
1393;1962;jueves, 29 de enero de 1987;SI;VIAJA RARAMENTE;VENTAS;7;MAESTRIA;CIENCIAS DE LA VIDA;ALTA;EJECUTIVO DE VENTAS;MUY ALTA;5204;1;NO;EXCELENTE;10;2;MUY BUENO;domingo, 2 de diciembre de 2012;10;8;0;9
1394;1965;sábado, 1 de julio de 1995;SI;VIAJA RARAMENTE;VENTAS;9;LICENCIATURA;MARKETING;ALTA;EJECUTIVO DE VENTAS;MUY ALTA;4105;1;SI;EXCELENTE;7;5;MUY BUENO;lunes, 25 de mayo de 2015;7;7;0;7
1396;1967;martes, 9 de julio de 1991;NO;VIAJA FRECUENTEMENTE;VENTAS;26;MAESTRIA;MARKETING;ALTA;EJECUTIVO DE VENTAS;MUY ALTA;5617;1;NO;EXCELENTE;10;4;MUY BUENO;sábado, 1 de diciembre de 2012;10;7;0;8
1400;1971;miércoles, 4 de julio de 1979;SI;VIAJA RARAMENTE;INVESTIGACIOÓN Y DESARROLLO;11;LICENCIATURA;CIENCIAS DE LA VIDA;ALTA;REPRESENTANTE DE ATENCION MEDICA;ALTA;7510;1;SI;EXCELENTE;10;1;MUY BUENO;miércoles, 22 de febrero de 2012;10;9;0;9
1425;2008;domingo, 22 de noviembre de 1987;SI;VIAJA RARAMENTE;INVESTIGACIOÓN Y DESARROLLO;9;MAESTRIA;MEDICO;ALTA;CIENTIFICO DE INVESTIGACION;ALTA;5098;1;SI;EXCELENTE;10;5;MUY BUENO;lunes, 2 de abril de 2012;10;7;0;8
1461;2054;martes, 23 de noviembre de 1993;SI;VIAJA RARAMENTE;INVESTIGACIOÓN Y DESARROLLO;28;MAESTRIA;MEDICO;MEDIA;CIENTIFICO DE INVESTIGACION;BAJA;3785;1;SI;EXCELENTE;5;3;MALO;viernes, 17 de febrero de 2017;5;4;0;4
15;19;jueves, 17 de marzo de 1994;NO;VIAJA RARAMENTE;INVESTIGACIOÓN Y DESARROLLO;24;LICENCIATURA;CIENCIAS DE LA VIDA;MEDIA;TECNICO DE LABORATORIO;ALTA;2028;5;NO;EXCELENTE;6;4;MUY BUENO;sábado, 3 de noviembre de 2018;4;2;0;3
17;21;martes, 25 de diciembre de 1990;SI;VIAJA RARAMENTE;INVESTIGACIOÓN Y DESARROLLO;5;UNIVERSITARIO;CIENCIAS DE LA VIDA;MUY ALTA;CIENTIFICO DE INVESTIGACION;MEDIA;3298;0;NO;EXCELENTE;7;5;BUENO;jueves, 25 de febrero de 2016;6;2;0;5
88;116;martes, 16 de febrero de 1971;SI;VIAJA RARAMENTE;INVESTIGACIOÓN Y DESARROLLO;9;MAESTRIA;CIENCIAS DE LA VIDA;ALTA;TECNICO DE LABORATORIO;MUY ALTA;2075;3;SI;SOBRESALIENTE;10;4;MUY BUENO;domingo, 4 de noviembre de 2018;4;2;0;3
136;178;jueves, 15 de mayo de 1986;SI;VIAJA RARAMENTE;INVESTIGACIOÓN Y DESARROLLO;6;UNIVERSITARIO;MEDICO;ALTA;DIRECTOR DE MANUFACTURA;MEDIA;4941;6;SI;SOBRESALIENTE;7;0;MUY BUENO;sábado, 27 de julio de 2019;3;2;0;1
137;179;jueves, 4 de noviembre de 1971;NO;VIAJA FRECUENTEMENTE;INVESTIGACIOÓN Y DESARROLLO;8;MAESTRIA;CIENCIAS DE LA VIDA;BAJA;DIRECTOR DE MANUFACTURA;MUY ALTA;10650;2;SI;EXCELENTE;18;2;MUY BUENO;domingo, 9 de septiembre de 2018;4;2;0;3
210;288;martes, 10 de agosto de 1976;SI;VIAJA RARAMENTE;INVESTIGACIOÓN Y DESARROLLO;1;MAESTRIA;MEDICO;ALTA;REPRESENTANTE DE ATENCION MEDICA;BAJA;9396;7;SI;EXCELENTE;17;3;MUY BUENO;sábado, 10 de noviembre de 2018;4;2;0;3
215;297;lunes, 5 de octubre de 1992;NO;VIAJA RARAMENTE;INVESTIGACIOÓN Y DESARROLLO;3;LICENCIATURA;TITULO TECNICO;ALTA;CIENTIFICO DE INVESTIGACION;BAJA;2657;5;NO;EXCELENTE;8;5;MUY BUENO;viernes, 1 de diciembre de 2017;5;2;0;4
220;303;sábado, 4 de mayo de 1968;SI;VIAJA RARAMENTE;VENTAS;3;LICENCIATURA;MARKETING;ALTA;EJECUTIVO DE VENTAS;BAJA;5940;2;SI;EXCELENTE;16;4;MUY BUENO;lunes, 4 de enero de 2016;6;2;0;5
263;362;miércoles, 19 de septiembre de 1990;SI;VIAJA RARAMENTE;INVESTIGACIOÓN Y DESARROLLO;2;POR DEBAJO DE LA UNIVERSIDAD;TITULO TECNICO;MEDIA;TECNICO DE LABORATORIO;BAJA;2176;4;SI;EXCELENTE;9;5;MUY BUENO;domingo, 3 de julio de 2016;6;2;0;4
273;377;viernes, 20 de mayo de 1994;SI;VIAJA RARAMENTE;INVESTIGACIOÓN Y DESARROLLO;9;LICENCIATURA;MEDICO;ALTA;CIENTIFICO DE INVESTIGACION;MUY ALTA;2070;1;SI;SOBRESALIENTE;5;3;BUENO;viernes, 1 de diciembre de 2017;5;2;0;4
310;423;viernes, 13 de septiembre de 1991;SI;VIAJA RARAMENTE;INVESTIGACIOÓN Y DESARROLLO;5;MAESTRIA;TITULO TECNICO;ALTA;CIENTIFICO DE INVESTIGACION;MUY ALTA;4821;0;NO;EXCELENTE;6;4;MUY BUENO;sábado, 2 de diciembre de 2017;5;2;0;3
341;460;martes, 26 de febrero de 1985;SI;VIAJA RARAMENTE;INVESTIGACIOÓN Y DESARROLLO;5;UNIVERSITARIO;MEDICO;ALTA;DIRECTOR DE MANUFACTURA;MUY ALTA;6347;7;SI;EXCELENTE;8;2;BUENO;miércoles, 1 de junio de 2016;6;2;0;4
374;497;lunes, 15 de mayo de 1995;SI;VIAJA RARAMENTE;INVESTIGACIOÓN Y DESARROLLO;1;UNIVERSITARIO;MEDICO;ALTA;TECNICO DE LABORATORIO;MEDIA;3816;1;SI;EXCELENTE;5;2;MUY BUENO;jueves, 23 de noviembre de 2017;5;2;0;4
379;502;martes, 9 de agosto de 1988;NO;NO VIAJA;VENTAS;19;LICENCIATURA;MARKETING;MUY ALTA;EJECUTIVO DE VENTAS;MUY ALTA;5304;8;NO;EXCELENTE;9;3;BUENO;sábado, 25 de febrero de 2017;5;2;0;4
381;507;lunes, 4 de mayo de 1998;SI;VIAJA RARAMENTE;VENTAS;10;MAESTRIA;MARKETING;ALTA;EJECUTIVO DE VENTAS;ALTA;4260;1;NO;EXCELENTE;5;2;EXCELENTE;martes, 21 de febrero de 2017;5;2;0;3
421;564;jueves, 28 de octubre de 1993;SI;VIAJA RARAMENTE;INVESTIGACIOÓN Y DESARROLLO;3;MAESTRIA;MEDICO;MEDIA;DIRECTOR INVESTIGACION Y DESARROLLO;ALTA;11935;1;SI;EXCELENTE;10;2;MUY BUENO;sábado, 7 de enero de 2012;10;2;0;7
430;575;sábado, 31 de enero de 1976;SI;VIAJA RARAMENTE;INVESTIGACIOÓN Y DESARROLLO;2;LICENCIATURA;CIENCIAS DE LA VIDA;ALTA;DIRECTOR INVESTIGACION Y DESARROLLO;ALTA;17861;6;SI;EXCELENTE;26;2;MALO;jueves, 21 de febrero de 2019;3;2;0;1
495;666;lunes, 13 de junio de 1988;SI;VIAJA RARAMENTE;VENTAS;14;LICENCIATURA;TITULO TECNICO;ALTA;REPRESENTATE DE VENTAS;ALTA;2579;1;NO;EXCELENTE;8;3;MUY BUENO;domingo, 13 de abril de 2014;8;2;0;6
498;671;lunes, 27 de febrero de 1978;SI;VIAJA RARAMENTE;INVESTIGACIOÓN Y DESARROLLO;3;MAESTRIA;OTRO;ALTA;GERENTE INVESTIGACION Y DESARROLLO;MUY ALTA;19513;4;NO;EXCELENTE;26;2;EXCELENTE;domingo, 3 de mayo de 2020;2;2;0;1
600;829;domingo, 18 de mayo de 1986;SI;VIAJA RARAMENTE;RRHH;13;LICENCIATURA;RRHH;ALTA;RRHH;MEDIA;2143;4;SI;EXCELENTE;8;2;MUY BUENO;domingo, 27 de agosto de 2017;5;2;0;4
623;859;miércoles, 14 de febrero de 1990;SI;VIAJA RARAMENTE;VENTAS;13;MAESTRIA;CIENCIAS DE LA VIDA;ALTA;EJECUTIVO DE VENTAS;MUY ALTA;4403;2;SI;EXCELENTE;8;3;BUENO;lunes, 7 de agosto de 2017;5;2;0;3
625;862;viernes, 2 de mayo de 1969;SI;VIAJA RARAMENTE;VENTAS;7;UNIVERSITARIO;MARKETING;MEDIA;EJECUTIVO DE VENTAS;MUY ALTA;10934;7;NO;EXCELENTE;35;3;MUY BUENO;jueves, 10 de agosto de 2017;5;2;0;4
639;885;sábado, 25 de octubre de 1997;SI;VIAJA RARAMENTE;VENTAS;4;POR DEBAJO DE LA UNIVERSIDAD;MARKETING;MEDIA;EJECUTIVO DE VENTAS;BAJA;4256;1;SI;EXCELENTE;5;1;EXCELENTE;miércoles, 11 de octubre de 2017;5;2;0;3
681;949;sábado, 1 de marzo de 1986;SI;VIAJA RARAMENTE;INVESTIGACIOÓN Y DESARROLLO;7;MAESTRIA;OTRO;ALTA;CIENTIFICO DE INVESTIGACION;MUY ALTA;4678;2;SI;EXCELENTE;8;6;MUY BUENO;lunes, 28 de marzo de 2016;6;2;0;1
721;1004;jueves, 17 de diciembre de 1992;NO;VIAJA RARAMENTE;INVESTIGACIOÓN Y DESARROLLO;22;LICENCIATURA;CIENCIAS DE LA VIDA;ALTA;CIENTIFICO DE INVESTIGACION;ALTA;2132;4;NO;EXCELENTE;7;2;MUY BUENO;miércoles, 1 de febrero de 2017;5;2;0;1
795;1103;lunes, 7 de marzo de 1988;SI;VIAJA FRECUENTEMENTE;INVESTIGACIOÓN Y DESARROLLO;3;POR DEBAJO DE LA UNIVERSIDAD;CIENCIAS DE LA VIDA;ALTA;REPRESENTANTE DE ATENCION MEDICA;MUY ALTA;7756;0;SI;EXCELENTE;7;1;BUENO;martes, 31 de mayo de 2016;6;2;0;4
830;1157;viernes, 17 de febrero de 1989;NO;VIAJA RARAMENTE;VENTAS;9;MAESTRIA;MARKETING;ALTA;EJECUTIVO DE VENTAS;BAJA;8224;0;NO;EXCELENTE;6;3;MUY BUENO;martes, 21 de febrero de 2017;5;2;0;3
870;1217;domingo, 6 de junio de 1976;SI;VIAJA RARAMENTE;INVESTIGACIOÓN Y DESARROLLO;15;UNIVERSITARIO;CIENCIAS DE LA VIDA;ALTA;DIRECTOR INVESTIGACION Y DESARROLLO;MEDIA;19081;5;SI;EXCELENTE;25;2;MUY BUENO;viernes, 16 de marzo de 2018;4;2;0;3
941;1310;viernes, 22 de abril de 1983;NO;VIAJA RARAMENTE;INVESTIGACIOÓN Y DESARROLLO;23;LICENCIATURA;MEDICO;ALTA;CIENTIFICO DE INVESTIGACION;BAJA;3904;0;SI;EXCELENTE;6;2;MUY BUENO;domingo, 19 de febrero de 2017;5;2;0;3
968;1361;miércoles, 31 de marzo de 1982;SI;VIAJA RARAMENTE;INVESTIGACIOÓN Y DESARROLLO;1;MAESTRIA;CIENCIAS DE LA VIDA;ALTA;TECNICO DE LABORATORIO;MEDIA;2387;3;SI;SOBRESALIENTE;7;3;MUY BUENO;lunes, 5 de noviembre de 2018;4;2;0;3
972;1367;viernes, 1 de octubre de 1971;SI;VIAJA RARAMENTE;INVESTIGACIOÓN Y DESARROLLO;11;UNIVERSITARIO;TITULO TECNICO;MEDIA;DIRECTOR DE MANUFACTURA;MEDIA;13142;3;SI;EXCELENTE;29;1;BUENO;viernes, 14 de abril de 2017;5;2;0;3
983;1382;jueves, 6 de septiembre de 1984;SI;VIAJA FRECUENTEMENTE;INVESTIGACIOÓN Y DESARROLLO;7;LICENCIATURA;CIENCIAS DE LA VIDA;MUY ALTA;CIENTIFICO DE INVESTIGACION;ALTA;2610;1;SI;EXCELENTE;4;2;MUY BUENO;lunes, 10 de diciembre de 2018;4;2;0;3
1029;1448;viernes, 6 de noviembre de 1981;SI;VIAJA RARAMENTE;INVESTIGACIOÓN Y DESARROLLO;5;DOCTORADO;MEDICO;MUY ALTA;CIENTIFICO DE INVESTIGACION;ALTA;2127;2;NO;EXCELENTE;7;5;BUENO;miércoles, 12 de diciembre de 2018;4;2;0;3
1043;1471;sábado, 3 de junio de 1978;SI;NO VIAJA;INVESTIGACIOÓN Y DESARROLLO;5;LICENCIATURA;CIENCIAS DE LA VIDA;MEDIA;TECNICO DE LABORATORIO;ALTA;3162;3;SI;EXCELENTE;7;5;MUY BUENO;viernes, 5 de mayo de 2017;5;2;0;3
1124;1587;viernes, 30 de enero de 1987;SI;VIAJA RARAMENTE;INVESTIGACIOÓN Y DESARROLLO;10;MAESTRIA;MEDICO;ALTA;REPRESENTANTE DE ATENCION MEDICA;ALTA;6142;3;NO;EXCELENTE;10;4;MUY BUENO;viernes, 21 de julio de 2017;5;2;0;4
1145;1613;jueves, 18 de julio de 1991;SI;VIAJA FRECUENTEMENTE;VENTAS;2;MAESTRIA;OTRO;ALTA;EJECUTIVO DE VENTAS;BAJA;5332;7;SI;EXCELENTE;10;3;MUY BUENO;miércoles, 6 de septiembre de 2017;5;2;0;3
1172;1649;sábado, 7 de agosto de 1982;NO;VIAJA RARAMENTE;INVESTIGACIOÓN Y DESARROLLO;7;LICENCIATURA;CIENCIAS DE LA VIDA;ALTA;TECNICO DE LABORATORIO;BAJA;2166;3;NO;EXCELENTE;10;3;MALO;lunes, 19 de marzo de 2018;4;2;0;3
1190;1670;miércoles, 21 de junio de 1989;SI;VIAJA RARAMENTE;VENTAS;2;MAESTRIA;MEDICO;ALTA;EJECUTIVO DE VENTAS;MUY ALTA;5505;1;SI;EXCELENTE;6;5;MUY BUENO;martes, 15 de noviembre de 2016;6;2;0;4
1228;1721;martes, 23 de abril de 1991;SI;VIAJA RARAMENTE;INVESTIGACIOÓN Y DESARROLLO;2;MAESTRIA;CIENCIAS DE LA VIDA;ALTA;TECNICO DE LABORATORIO;ALTA;3477;1;SI;EXCELENTE;6;2;EXCELENTE;sábado, 16 de septiembre de 2017;5;2;0;3
1277;1787;viernes, 21 de junio de 1985;SI;VIAJA RARAMENTE;VENTAS;9;UNIVERSITARIO;MARKETING;MEDIA;EJECUTIVO DE VENTAS;MEDIA;4189;1;SI;EXCELENTE;5;2;MUY BUENO;miércoles, 6 de septiembre de 2017;5;2;0;3
1309;1835;domingo, 25 de noviembre de 1984;SI;VIAJA RARAMENTE;VENTAS;2;MAESTRIA;MARKETING;BAJA;REPRESENTATE DE VENTAS;MUY ALTA;5405;2;NO;SOBRESALIENTE;20;4;BUENO;jueves, 22 de marzo de 2018;4;2;0;3
1337;1873;jueves, 24 de agosto de 1967;SI;VIAJA RARAMENTE;INVESTIGACIOÓN Y DESARROLLO;2;MAESTRIA;TITULO TECNICO;MEDIA;CIENTIFICO DE INVESTIGACION;MUY ALTA;2662;8;SI;SOBRESALIENTE;19;2;EXCELENTE;domingo, 27 de agosto de 2017;5;2;0;4
1360;1915;viernes, 20 de mayo de 1988;SI;VIAJA RARAMENTE;VENTAS;3;POR DEBAJO DE LA UNIVERSIDAD;MEDICO;MEDIA;EJECUTIVO DE VENTAS;MUY ALTA;8103;3;NO;EXCELENTE;9;3;BUENO;martes, 2 de octubre de 2018;4;2;0;1
1363;1922;domingo, 30 de enero de 1977;SI;VIAJA FRECUENTEMENTE;INVESTIGACIOÓN Y DESARROLLO;1;MAESTRIA;MEDICO;ALTA;REPRESENTANTE DE ATENCION MEDICA;ALTA;5399;4;SI;EXCELENTE;12;3;MUY BUENO;viernes, 9 de noviembre de 2018;4;2;0;3
1377;1940;domingo, 11 de marzo de 1984;SI;VIAJA RARAMENTE;INVESTIGACIOÓN Y DESARROLLO;9;UNIVERSITARIO;CIENCIAS DE LA VIDA;ALTA;CIENTIFICO DE INVESTIGACION;MUY ALTA;4771;2;SI;EXCELENTE;10;0;EXCELENTE;sábado, 18 de febrero de 2017;5;2;0;3
1466;2061;martes, 17 de junio de 1986;SI;VIAJA FRECUENTEMENTE;INVESTIGACIOÓN Y DESARROLLO;23;UNIVERSITARIO;MEDICO;MUY ALTA;TECNICO DE LABORATORIO;MUY ALTA;2571;4;SI;EXCELENTE;17;3;MUY BUENO;jueves, 14 de septiembre de 2017;5;2;0;3
1468;2064;lunes, 3 de julio de 1995;SI;VIAJA RARAMENTE;INVESTIGACIOÓN Y DESARROLLO;4;LICENCIATURA;CIENCIAS DE LA VIDA;MUY ALTA;DIRECTOR DE MANUFACTURA;MEDIA;6142;1;NO;SOBRESALIENTE;6;0;MUY BUENO;lunes, 7 de marzo de 2016;6;2;0;3
37;47;domingo, 19 de marzo de 1972;NO;VIAJA RARAMENTE;VENTAS;3;UNIVERSITARIO;MARKETING;MEDIA;REPRESENTATE DE VENTAS;ALTA;2683;1;NO;EXCELENTE;3;2;MUY BUENO;jueves, 7 de febrero de 2019;3;2;0;2
79;102;miércoles, 19 de junio de 1985;SI;VIAJA RARAMENTE;INVESTIGACIOÓN Y DESARROLLO;7;MAESTRIA;MEDICO;ALTA;DIRECTOR INVESTIGACION Y DESARROLLO;ALTA;13664;4;SI;EXCELENTE;16;3;EXCELENTE;martes, 30 de mayo de 2017;5;2;0;2
80;103;viernes, 20 de agosto de 1976;SI;VIAJA RARAMENTE;RRHH;5;UNIVERSITARIO;MEDICO;ALTA;RRHH;MEDIA;5021;8;NO;SOBRESALIENTE;16;2;MUY BUENO;miércoles, 10 de enero de 2018;4;2;0;2
97;128;viernes, 17 de abril de 1998;SI;VIAJA RARAMENTE;VENTAS;3;UNIVERSITARIO;OTRO;ALTA;EJECUTIVO DE VENTAS;ALTA;4999;0;SI;SOBRESALIENTE;4;2;BUENO;viernes, 5 de abril de 2019;3;2;0;2
101;133;miércoles, 29 de mayo de 1985;NO;VIAJA RARAMENTE;RRHH;6;MAESTRIA;RRHH;ALTA;RRHH;BAJA;2073;4;NO;SOBRESALIENTE;7;3;MUY BUENO;viernes, 31 de mayo de 2019;3;2;0;2
163;221;domingo, 25 de diciembre de 1994;SI;VIAJA RARAMENTE;INVESTIGACIOÓN Y DESARROLLO;21;LICENCIATURA;MEDICO;ALTA;CIENTIFICO DE INVESTIGACION;MUY ALTA;2713;1;SI;EXCELENTE;5;2;MALO;miércoles, 20 de diciembre de 2017;5;2;0;2
181;246;viernes, 28 de junio de 1991;SI;VIAJA RARAMENTE;INVESTIGACIOÓN Y DESARROLLO;12;POR DEBAJO DE LA UNIVERSIDAD;MEDICO;ALTA;CIENTIFICO DE INVESTIGACION;MUY ALTA;3929;8;NO;SOBRESALIENTE;7;0;MUY BUENO;lunes, 5 de noviembre de 2018;4;2;0;2
184;249;domingo, 16 de enero de 1972;SI;VIAJA RARAMENTE;INVESTIGACIOÓN Y DESARROLLO;1;LICENCIATURA;MEDICO;MEDIA;TECNICO DE LABORATORIO;ALTA;3690;2;SI;EXCELENTE;5;2;BUENO;miércoles, 13 de febrero de 2019;3;2;0;2
209;287;martes, 10 de agosto de 1982;SI;NO VIAJA;INVESTIGACIOÓN Y DESARROLLO;9;DOCTORADO;CIENCIAS DE LA VIDA;MEDIA;REPRESENTANTE DE ATENCION MEDICA;MUY ALTA;4876;9;SI;EXCELENTE;5;5;MALO;domingo, 5 de mayo de 2019;3;2;0;2
247;338;miércoles, 25 de enero de 1989;SI;VIAJA RARAMENTE;INVESTIGACIOÓN Y DESARROLLO;5;MAESTRIA;CIENCIAS DE LA VIDA;MEDIA;CIENTIFICO DE INVESTIGACION;MUY ALTA;2911;1;SI;EXCELENTE;2;2;BUENO;jueves, 19 de marzo de 2020;2;2;0;2
250;341;viernes, 6 de mayo de 1977;SI;VIAJA FRECUENTEMENTE;INVESTIGACIOÓN Y DESARROLLO;7;MAESTRIA;CIENCIAS DE LA VIDA;MUY ALTA;DIRECTOR DE MANUFACTURA;ALTA;6434;4;SI;EXCELENTE;9;1;MUY BUENO;domingo, 18 de agosto de 2019;3;2;0;2
254;347;lunes, 4 de febrero de 1980;SI;VIAJA RARAMENTE;INVESTIGACIOÓN Y DESARROLLO;17;UNIVERSITARIO;CIENCIAS DE LA VIDA;MUY ALTA;CIENTIFICO DE INVESTIGACION;BAJA;6545;3;NO;EXCELENTE;10;1;MUY BUENO;sábado, 14 de diciembre de 2019;3;2;0;2
255;349;lunes, 12 de julio de 1993;SI;VIAJA RARAMENTE;VENTAS;20;UNIVERSITARIO;MARKETING;ALTA;EJECUTIVO DE VENTAS;MUY ALTA;6931;2;SI;EXCELENTE;10;2;MUY BUENO;viernes, 5 de abril de 2019;3;2;0;2
276;380;domingo, 11 de agosto de 1985;SI;NO VIAJA;INVESTIGACIOÓN Y DESARROLLO;1;MAESTRIA;MEDICO;ALTA;DIRECTOR INVESTIGACION Y DESARROLLO;MUY ALTA;13603;2;NO;EXCELENTE;15;2;MUY BUENO;martes, 19 de septiembre de 2017;5;2;0;2
289;394;domingo, 11 de agosto de 1996;NO;VIAJA RARAMENTE;INVESTIGACIOÓN Y DESARROLLO;16;MAESTRIA;MEDICO;ALTA;TECNICO DE LABORATORIO;MEDIA;2373;2;NO;EXCELENTE;5;2;MUY BUENO;lunes, 11 de febrero de 2019;3;2;0;2
346;465;miércoles, 1 de septiembre de 1999;NO;VIAJA RARAMENTE;INVESTIGACIOÓN Y DESARROLLO;26;POR DEBAJO DE LA UNIVERSIDAD;CIENCIAS DE LA VIDA;ALTA;CIENTIFICO DE INVESTIGACION;MUY ALTA;2904;1;SI;EXCELENTE;4;2;BUENO;martes, 5 de junio de 2018;4;2;0;2
397;526;miércoles, 14 de marzo de 1979;SI;VIAJA RARAMENTE;INVESTIGACIOÓN Y DESARROLLO;8;MAESTRIA;OTRO;ALTA;REPRESENTANTE DE ATENCION MEDICA;ALTA;4522;4;NO;EXCELENTE;8;3;MUY BUENO;sábado, 22 de julio de 2017;5;2;0;2
406;538;viernes, 27 de junio de 1997;NO;VIAJA RARAMENTE;INVESTIGACIOÓN Y DESARROLLO;3;LICENCIATURA;MEDICO;ALTA;TECNICO DE LABORATORIO;BAJA;4031;5;SI;EXCELENTE;6;5;MUY BUENO;domingo, 25 de octubre de 2020;2;2;0;2
408;544;miércoles, 31 de agosto de 1977;SI;VIAJA RARAMENTE;INVESTIGACIOÓN Y DESARROLLO;10;UNIVERSITARIO;CIENCIAS DE LA VIDA;ALTA;CIENTIFICO DE INVESTIGACION;MUY ALTA;2654;3;SI;SOBRESALIENTE;8;3;BUENO;martes, 17 de marzo de 2020;2;2;0;2
419;560;miércoles, 30 de octubre de 1996;SI;VIAJA RARAMENTE;INVESTIGACIOÓN Y DESARROLLO;23;LICENCIATURA;CIENCIAS DE LA VIDA;ALTA;CIENTIFICO DE INVESTIGACION;MUY ALTA;2886;1;SI;SOBRESALIENTE;3;3;MALO;viernes, 5 de julio de 2019;3;2;0;2
441;590;viernes, 15 de julio de 1988;NO;VIAJA FRECUENTEMENTE;RRHH;23;LICENCIATURA;RRHH;ALTA;RRHH;BAJA;9950;9;NO;EXCELENTE;11;2;MUY BUENO;lunes, 7 de octubre de 2019;3;2;0;2
484;652;sábado, 26 de diciembre de 1987;SI;VIAJA RARAMENTE;INVESTIGACIOÓN Y DESARROLLO;25;UNIVERSITARIO;OTRO;MEDIA;TECNICO DE LABORATORIO;MUY ALTA;3681;4;SI;EXCELENTE;9;3;MUY BUENO;jueves, 4 de julio de 2019;3;2;0;2
493;664;martes, 13 de agosto de 1974;SI;VIAJA RARAMENTE;INVESTIGACIOÓN Y DESARROLLO;1;MAESTRIA;CIENCIAS DE LA VIDA;MEDIA;GERENTE INVESTIGACION Y DESARROLLO;BAJA;15402;7;SI;EXCELENTE;21;3;MALO;domingo, 10 de noviembre de 2019;3;2;0;2
494;665;viernes, 8 de diciembre de 1978;SI;VIAJA RARAMENTE;RRHH;1;MAESTRIA;CIENCIAS DE LA VIDA;MEDIA;RRHH;ALTA;5985;4;SI;EXCELENTE;10;1;EXCELENTE;viernes, 21 de febrero de 2020;2;2;0;2
506;686;jueves, 18 de enero de 1996;SI;VIAJA RARAMENTE;INVESTIGACIOÓN Y DESARROLLO;6;LICENCIATURA;CIENCIAS DE LA VIDA;ALTA;TECNICO DE LABORATORIO;MUY ALTA;2659;1;NO;EXCELENTE;3;2;MUY BUENO;jueves, 4 de julio de 2019;3;2;0;2
512;699;miércoles, 9 de abril de 1986;SI;VIAJA RARAMENTE;INVESTIGACIOÓN Y DESARROLLO;9;UNIVERSITARIO;MEDICO;MEDIA;DIRECTOR DE MANUFACTURA;MEDIA;8847;2;NO;EXCELENTE;13;2;MUY BUENO;lunes, 4 de noviembre de 2019;3;2;0;2
517;705;martes, 10 de agosto de 1999;SI;VIAJA RARAMENTE;INVESTIGACIOÓN Y DESARROLLO;4;LICENCIATURA;MEDICO;MUY ALTA;CIENTIFICO DE INVESTIGACION;BAJA;2819;2;SI;EXCELENTE;5;3;EXCELENTE;viernes, 5 de julio de 2019;3;2;0;2
566;784;jueves, 4 de febrero de 1999;SI;VIAJA RARAMENTE;INVESTIGACIOÓN Y DESARROLLO;10;POR DEBAJO DE LA UNIVERSIDAD;MEDICO;MUY ALTA;CIENTIFICO DE INVESTIGACION;ALTA;3505;1;SI;EXCELENTE;2;3;MUY BUENO;lunes, 23 de marzo de 2020;2;2;0;2
581;805;jueves, 23 de julio de 1987;SI;VIAJA RARAMENTE;VENTAS;8;MAESTRIA;CIENCIAS DE LA VIDA;ALTA;REPRESENTATE DE VENTAS;MUY ALTA;2572;1;SI;EXCELENTE;3;1;BUENO;jueves, 7 de febrero de 2019;3;2;0;2
582;806;lunes, 14 de diciembre de 1992;SI;VIAJA RARAMENTE;INVESTIGACIOÓN Y DESARROLLO;1;LICENCIATURA;CIENCIAS DE LA VIDA;BAJA;TECNICO DE LABORATORIO;ALTA;3833;3;SI;SOBRESALIENTE;7;2;MUY BUENO;jueves, 29 de octubre de 2020;2;2;0;2
592;819;martes, 23 de mayo de 1989;NO;VIAJA RARAMENTE;VENTAS;16;LICENCIATURA;MARKETING;ALTA;EJECUTIVO DE VENTAS;BAJA;5324;5;SI;EXCELENTE;6;3;MUY BUENO;martes, 2 de abril de 2019;3;2;0;2
614;847;sábado, 5 de marzo de 1988;SI;VIAJA RARAMENTE;RRHH;3;UNIVERSITARIO;RRHH;ALTA;RRHH;MUY ALTA;3737;0;SI;EXCELENTE;4;1;MALO;domingo, 3 de noviembre de 2019;3;2;0;2
632;874;domingo, 11 de junio de 1978;SI;VIAJA RARAMENTE;INVESTIGACIOÓN Y DESARROLLO;8;MAESTRIA;CIENCIAS DE LA VIDA;MUY ALTA;TECNICO DE LABORATORIO;MUY ALTA;2818;2;NO;SOBRESALIENTE;10;2;BUENO;jueves, 4 de julio de 2019;3;2;0;2
640;887;domingo, 28 de octubre de 1973;SI;VIAJA RARAMENTE;INVESTIGACIOÓN Y DESARROLLO;1;LICENCIATURA;TITULO TECNICO;ALTA;CIENTIFICO DE INVESTIGACION;BAJA;3580;2;SI;EXCELENTE;7;2;MUY BUENO;miércoles, 6 de junio de 2018;4;2;0;2
646;896;jueves, 21 de octubre de 1993;NO;VIAJA RARAMENTE;VENTAS;1;LICENCIATURA;MEDICO;MEDIA;REPRESENTATE DE VENTAS;ALTA;2800;6;NO;EXCELENTE;5;3;MUY BUENO;domingo, 3 de noviembre de 2019;3;2;0;2
660;916;martes, 25 de enero de 1994;SI;VIAJA RARAMENTE;VENTAS;5;MAESTRIA;MEDICO;ALTA;EJECUTIVO DE VENTAS;MUY ALTA;4908;1;SI;EXCELENTE;4;3;MUY BUENO;viernes, 15 de junio de 2018;4;2;0;2
663;922;viernes, 18 de octubre de 2002;NO;VIAJA RARAMENTE;VENTAS;2;LICENCIATURA;MEDICO;MEDIA;REPRESENTATE DE VENTAS;ALTA;2044;1;SI;EXCELENTE;2;3;BUENO;martes, 14 de julio de 2020;2;2;0;2
667;926;sábado, 15 de abril de 2000;NO;VIAJA RARAMENTE;INVESTIGACIOÓN Y DESARROLLO;3;POR DEBAJO DE LA UNIVERSIDAD;CIENCIAS DE LA VIDA;ALTA;DIRECTOR DE MANUFACTURA;ALTA;4171;0;NO;EXCELENTE;4;3;EXCELENTE;jueves, 14 de febrero de 2019;3;2;0;2
674;939;sábado, 10 de junio de 1989;SI;VIAJA RARAMENTE;INVESTIGACIOÓN Y DESARROLLO;1;MAESTRIA;OTRO;MEDIA;CIENTIFICO DE INVESTIGACION;BAJA;2799;3;NO;EXCELENTE;6;1;MUY BUENO;viernes, 5 de julio de 2019;3;2;0;2
713;995;jueves, 13 de julio de 1989;SI;VIAJA RARAMENTE;INVESTIGACIOÓN Y DESARROLLO;13;POR DEBAJO DE LA UNIVERSIDAD;CIENCIAS DE LA VIDA;ALTA;CIENTIFICO DE INVESTIGACION;MUY ALTA;3452;3;SI;EXCELENTE;5;4;MUY BUENO;jueves, 4 de julio de 2019;3;2;0;2
726;1010;miércoles, 11 de marzo de 1987;NO;VIAJA RARAMENTE;INVESTIGACIOÓN Y DESARROLLO;14;MAESTRIA;OTRO;MEDIA;TECNICO DE LABORATORIO;MEDIA;3743;1;NO;SOBRESALIENTE;5;2;MALO;martes, 27 de marzo de 2018;4;2;0;2
777;1077;lunes, 14 de octubre de 2002;NO;VIAJA FRECUENTEMENTE;VENTAS;9;LICENCIATURA;MARKETING;ALTA;REPRESENTATE DE VENTAS;MUY ALTA;2323;1;NO;EXCELENTE;2;3;MUY BUENO;martes, 14 de julio de 2020;2;2;0;2
783;1084;lunes, 10 de agosto de 1992;NO;VIAJA RARAMENTE;INVESTIGACIOÓN Y DESARROLLO;20;LICENCIATURA;OTRO;ALTA;DIRECTOR DE MANUFACTURA;BAJA;9957;0;SI;EXCELENTE;7;1;BUENO;lunes, 24 de octubre de 2016;6;2;0;2
803;1114;lunes, 20 de febrero de 1989;SI;VIAJA FRECUENTEMENTE;VENTAS;7;LICENCIATURA;CIENCIAS DE LA VIDA;ALTA;EJECUTIVO DE VENTAS;MEDIA;4302;0;SI;EXCELENTE;4;3;MUY BUENO;domingo, 22 de septiembre de 2019;3;2;0;2
821;1137;lunes, 30 de marzo de 1987;SI;VIAJA FRECUENTEMENTE;VENTAS;11;UNIVERSITARIO;MARKETING;ALTA;EJECUTIVO DE VENTAS;MUY ALTA;4968;1;SI;EXCELENTE;5;3;MUY BUENO;lunes, 7 de agosto de 2017;5;2;0;2
823;1140;sábado, 5 de marzo de 1988;SI;VIAJA FRECUENTEMENTE;INVESTIGACIOÓN Y DESARROLLO;2;UNIVERSITARIO;CIENCIAS DE LA VIDA;ALTA;DIRECTOR DE MANUFACTURA;ALTA;4033;2;SI;EXCELENTE;5;3;BUENO;sábado, 1 de junio de 2019;3;2;0;2
855;1195;miércoles, 12 de octubre de 1977;SI;VIAJA RARAMENTE;INVESTIGACIOÓN Y DESARROLLO;7;LICENCIATURA;MEDICO;ALTA;CIENTIFICO DE INVESTIGACION;ALTA;4477;4;NO;EXCELENTE;7;2;BUENO;jueves, 4 de julio de 2019;3;2;0;2
918;1281;viernes, 2 de septiembre de 1988;SI;VIAJA RARAMENTE;VENTAS;2;LICENCIATURA;MARKETING;ALTA;EJECUTIVO DE VENTAS;BAJA;4538;0;NO;EXCELENTE;4;3;MUY BUENO;lunes, 14 de enero de 2019;3;2;0;2
922;1286;domingo, 31 de julio de 1994;SI;VIAJA FRECUENTEMENTE;INVESTIGACIOÓN Y DESARROLLO;1;MAESTRIA;MEDICO;ALTA;TECNICO DE LABORATORIO;ALTA;2154;0;NO;EXCELENTE;5;2;BUENO;domingo, 25 de marzo de 2018;4;2;0;2
1002;1411;lunes, 1 de julio de 1985;SI;VIAJA RARAMENTE;INVESTIGACIOÓN Y DESARROLLO;11;LICENCIATURA;MEDICO;ALTA;TECNICO DE LABORATORIO;ALTA;3629;4;SI;EXCELENTE;8;6;MUY BUENO;miércoles, 4 de diciembre de 2019;3;2;0;2
1004;1415;lunes, 10 de febrero de 1997;SI;VIAJA RARAMENTE;INVESTIGACIOÓN Y DESARROLLO;1;LICENCIATURA;TITULO TECNICO;ALTA;TECNICO DE LABORATORIO;MUY ALTA;3229;4;SI;EXCELENTE;7;2;BUENO;jueves, 5 de diciembre de 2019;3;2;0;2
1014;1428;lunes, 13 de abril de 1992;SI;VIAJA RARAMENTE;VENTAS;7;MAESTRIA;MARKETING;ALTA;EJECUTIVO DE VENTAS;BAJA;4779;7;SI;EXCELENTE;8;3;MUY BUENO;lunes, 29 de julio de 2019;3;2;0;2
1020;1436;martes, 25 de febrero de 1986;SI;VIAJA RARAMENTE;VENTAS;16;MAESTRIA;MARKETING;MEDIA;EJECUTIVO DE VENTAS;BAJA;5647;4;SI;EXCELENTE;11;3;BUENO;miércoles, 28 de agosto de 2019;3;2;0;2
1036;1461;miércoles, 10 de abril de 1991;SI;VIAJA RARAMENTE;RRHH;8;UNIVERSITARIO;MEDICO;MUY ALTA;RRHH;MEDIA;2109;9;SI;EXCELENTE;8;3;MUY BUENO;domingo, 11 de agosto de 2019;3;2;0;2
1073;1513;viernes, 9 de julio de 1993;SI;VIAJA FRECUENTEMENTE;INVESTIGACIOÓN Y DESARROLLO;2;POR DEBAJO DE LA UNIVERSIDAD;CIENCIAS DE LA VIDA;ALTA;TECNICO DE LABORATORIO;MEDIA;3180;0;SI;EXCELENTE;4;3;MUY BUENO;jueves, 12 de diciembre de 2019;3;2;0;2
1129;1594;lunes, 11 de agosto de 1986;SI;VIAJA FRECUENTEMENTE;INVESTIGACIOÓN Y DESARROLLO;6;MAESTRIA;CIENCIAS DE LA VIDA;MUY ALTA;TECNICO DE LABORATORIO;BAJA;5562;3;NO;EXCELENTE;9;3;MUY BUENO;viernes, 5 de julio de 2019;3;2;0;2
1140;1607;sábado, 12 de mayo de 1990;SI;VIAJA RARAMENTE;INVESTIGACIOÓN Y DESARROLLO;5;MAESTRIA;OTRO;MUY ALTA;CIENTIFICO DE INVESTIGACION;MUY ALTA;3312;3;SI;EXCELENTE;6;3;MUY BUENO;jueves, 4 de julio de 2019;3;2;0;2
1170;1647;jueves, 27 de julio de 1995;SI;VIAJA RARAMENTE;INVESTIGACIOÓN Y DESARROLLO;8;LICENCIATURA;MEDICO;MUY ALTA;CIENTIFICO DE INVESTIGACION;ALTA;3517;7;SI;EXCELENTE;5;0;MUY BUENO;viernes, 5 de julio de 2019;3;2;0;2
1174;1651;viernes, 5 de diciembre de 1986;SI;VIAJA RARAMENTE;INVESTIGACIOÓN Y DESARROLLO;5;MAESTRIA;CIENCIAS DE LA VIDA;ALTA;REPRESENTANTE DE ATENCION MEDICA;BAJA;8008;4;SI;EXCELENTE;9;6;MUY BUENO;sábado, 13 de abril de 2019;3;2;0;2
1198;1680;martes, 29 de octubre de 2002;SI;VIAJA RARAMENTE;VENTAS;9;POR DEBAJO DE LA UNIVERSIDAD;CIENCIAS DE LA VIDA;ALTA;REPRESENTATE DE VENTAS;BAJA;2728;1;SI;EXCELENTE;2;3;MUY BUENO;martes, 15 de septiembre de 2020;2;2;0;2
1200;1682;domingo, 28 de septiembre de 1986;SI;VIAJA RARAMENTE;INVESTIGACIOÓN Y DESARROLLO;26;MAESTRIA;CIENCIAS DE LA VIDA;ALTA;REPRESENTANTE DE ATENCION MEDICA;ALTA;5347;6;SI;EXCELENTE;10;2;BUENO;martes, 12 de noviembre de 2019;3;2;0;2
1214;1702;lunes, 20 de diciembre de 1999;NO;VIAJA RARAMENTE;VENTAS;7;LICENCIATURA;CIENCIAS DE LA VIDA;ALTA;REPRESENTATE DE VENTAS;MUY ALTA;2275;1;NO;SOBRESALIENTE;3;2;MUY BUENO;domingo, 3 de noviembre de 2019;3;2;0;2
1225;1718;domingo, 24 de marzo de 1996;NO;VIAJA RARAMENTE;INVESTIGACIOÓN Y DESARROLLO;17;MAESTRIA;MEDICO;BAJA;TECNICO DE LABORATORIO;ALTA;2305;1;SI;EXCELENTE;3;3;EXCELENTE;viernes, 5 de julio de 2019;3;2;0;2
1248;1749;sábado, 10 de agosto de 1991;SI;VIAJA RARAMENTE;VENTAS;5;LICENCIATURA;TITULO TECNICO;ALTA;EJECUTIVO DE VENTAS;ALTA;8346;1;SI;EXCELENTE;6;3;MUY BUENO;martes, 5 de septiembre de 2017;5;2;0;2
1251;1753;lunes, 19 de abril de 1993;SI;VIAJA FRECUENTEMENTE;INVESTIGACIOÓN Y DESARROLLO;1;LICENCIATURA;CIENCIAS DE LA VIDA;MUY ALTA;REPRESENTANTE DE ATENCION MEDICA;ALTA;6294;8;NO;EXCELENTE;10;5;EXCELENTE;sábado, 2 de noviembre de 2019;3;2;0;2
1269;1775;martes, 18 de noviembre de 1969;SI;NO VIAJA;INVESTIGACIOÓN Y DESARROLLO;1;MAESTRIA;MEDICO;MEDIA;DIRECTOR DE MANUFACTURA;ALTA;12965;4;NO;SOBRESALIENTE;27;2;BUENO;martes, 12 de marzo de 2019;3;2;0;2
1346;1886;lunes, 23 de noviembre de 1987;SI;VIAJA RARAMENTE;INVESTIGACIOÓN Y DESARROLLO;16;UNIVERSITARIO;OTRO;MEDIA;DIRECTOR DE MANUFACTURA;MEDIA;4788;0;NO;EXCELENTE;4;2;MUY BUENO;martes, 12 de febrero de 2019;3;2;0;2
1414;1992;jueves, 26 de junio de 1997;SI;VIAJA RARAMENTE;INVESTIGACIOÓN Y DESARROLLO;2;POR DEBAJO DE LA UNIVERSIDAD;OTRO;ALTA;TECNICO DE LABORATORIO;ALTA;3977;6;NO;EXCELENTE;7;2;BUENO;domingo, 19 de enero de 2020;2;2;0;2
1441;2025;martes, 29 de abril de 1986;SI;VIAJA FRECUENTEMENTE;INVESTIGACIOÓN Y DESARROLLO;4;UNIVERSITARIO;CIENCIAS DE LA VIDA;ALTA;DIRECTOR DE MANUFACTURA;MEDIA;5131;7;SI;EXCELENTE;18;3;MUY BUENO;miércoles, 9 de mayo de 2018;4;2;0;2
1457;2049;miércoles, 11 de noviembre de 1987;SI;VIAJA FRECUENTEMENTE;INVESTIGACIOÓN Y DESARROLLO;18;MAESTRIA;CIENCIAS DE LA VIDA;ALTA;REPRESENTANTE DE ATENCION MEDICA;ALTA;5689;1;NO;EXCELENTE;10;2;EXCELENTE;viernes, 9 de marzo de 2012;10;2;0;2
2;2;miércoles, 4 de julio de 1973;SI;VIAJA FRECUENTEMENTE;INVESTIGACIOÓN Y DESARROLLO;8;POR DEBAJO DE LA UNIVERSIDAD;CIENCIAS DE LA VIDA;MEDIA;CIENTIFICO DE INVESTIGACION;MEDIA;5130;1;SI;SOBRESALIENTE;10;3;MUY BUENO;miércoles, 12 de septiembre de 2012;10;7;1;7
9;12;viernes, 31 de agosto de 1984;NO;VIAJA FRECUENTEMENTE;INVESTIGACIOÓN Y DESARROLLO;23;LICENCIATURA;CIENCIAS DE LA VIDA;MEDIA;DIRECTOR DE MANUFACTURA;ALTA;9526;0;SI;SOBRESALIENTE;10;2;MUY BUENO;domingo, 30 de junio de 2013;9;7;1;8
21;26;miércoles, 28 de enero de 1998;SI;NO VIAJA;INVESTIGACIOÓN Y DESARROLLO;11;UNIVERSITARIO;OTRO;MUY ALTA;DIRECTOR DE MANUFACTURA;ALTA;4011;0;SI;EXCELENTE;5;5;BUENO;domingo, 9 de septiembre de 2018;4;2;1;3
40;52;sábado, 12 de agosto de 1989;SI;VIAJA FRECUENTEMENTE;VENTAS;1;LICENCIATURA;CIENCIAS DE LA VIDA;MUY ALTA;EJECUTIVO DE VENTAS;BAJA;5376;2;SI;EXCELENTE;10;3;MUY BUENO;viernes, 24 de febrero de 2017;5;3;1;3
44;56;domingo, 10 de diciembre de 1995;SI;VIAJA FRECUENTEMENTE;VENTAS;8;LICENCIATURA;CIENCIAS DE LA VIDA;ALTA;EJECUTIVO DE VENTAS;ALTA;8726;1;SI;EXCELENTE;9;0;MUY BUENO;lunes, 12 de agosto de 2013;9;8;1;7
57;74;martes, 23 de junio de 1987;NO;VIAJA FRECUENTEMENTE;VENTAS;18;DOCTORADO;CIENCIAS DE LA VIDA;ALTA;EJECUTIVO DE VENTAS;BAJA;9069;1;SI;SOBRESALIENTE;9;3;BUENO;domingo, 11 de agosto de 2013;9;8;1;8
71;91;viernes, 30 de agosto de 1963;SI;VIAJA FRECUENTEMENTE;VENTAS;1;POR DEBAJO DE LA UNIVERSIDAD;CIENCIAS DE LA VIDA;MEDIA;EJECUTIVO DE VENTAS;ALTA;5473;7;SI;EXCELENTE;20;2;BUENO;viernes, 25 de mayo de 2018;4;3;1;3
84;107;jueves, 30 de agosto de 1984;SI;NO VIAJA;INVESTIGACIOÓN Y DESARROLLO;6;LICENCIATURA;MEDICO;BAJA;CIENTIFICO DE INVESTIGACION;MUY ALTA;5329;7;NO;EXCELENTE;17;3;MUY BUENO;jueves, 5 de marzo de 2009;13;11;1;9
103;137;lunes, 1 de abril de 2002;NO;VIAJA FRECUENTEMENTE;INVESTIGACIOÓN Y DESARROLLO;6;LICENCIATURA;CIENCIAS DE LA VIDA;MEDIA;TECNICO DE LABORATORIO;MUY ALTA;2926;1;NO;EXCELENTE;1;5;MUY BUENO;jueves, 2 de septiembre de 2021;1;0;1;0
189;256;domingo, 2 de octubre de 1988;SI;VIAJA FRECUENTEMENTE;INVESTIGACIOÓN Y DESARROLLO;2;POR DEBAJO DE LA UNIVERSIDAD;CIENCIAS DE LA VIDA;MEDIA;DIRECTOR DE MANUFACTURA;ALTA;9547;1;SI;EXCELENTE;10;2;BUENO;sábado, 25 de agosto de 2012;10;9;1;9
202;275;sábado, 3 de noviembre de 1973;NO;NO VIAJA;INVESTIGACIOÓN Y DESARROLLO;18;MAESTRIA;CIENCIAS DE LA VIDA;ALTA;DIRECTOR DE MANUFACTURA;MUY ALTA;6804;1;NO;EXCELENTE;7;0;MUY BUENO;lunes, 30 de marzo de 2015;7;7;1;7
208;286;viernes, 19 de septiembre de 1986;SI;VIAJA FRECUENTEMENTE;INVESTIGACIOÓN Y DESARROLLO;18;POR DEBAJO DE LA UNIVERSIDAD;MEDICO;ALTA;TECNICO DE LABORATORIO;MUY ALTA;2153;1;SI;EXCELENTE;8;2;MUY BUENO;viernes, 10 de enero de 2014;8;1;1;7
225;308;domingo, 21 de abril de 1991;SI;NO VIAJA;INVESTIGACIOÓN Y DESARROLLO;1;MAESTRIA;MEDICO;BAJA;DIRECTOR DE MANUFACTURA;ALTA;4345;0;SI;EXCELENTE;6;2;MUY BUENO;martes, 17 de octubre de 2017;5;4;1;4
260;355;miércoles, 31 de julio de 1991;NO;VIAJA FRECUENTEMENTE;INVESTIGACIOÓN Y DESARROLLO;29;UNIVERSITARIO;MEDICO;MEDIA;TECNICO DE LABORATORIO;MEDIA;3479;0;SI;EXCELENTE;6;2;EXCELENTE;lunes, 18 de septiembre de 2017;5;4;1;4
268;369;miércoles, 23 de abril de 1997;SI;NO VIAJA;INVESTIGACIOÓN Y DESARROLLO;5;UNIVERSITARIO;CIENCIAS DE LA VIDA;MUY ALTA;REPRESENTANTE DE ATENCION MEDICA;BAJA;4000;1;SI;EXCELENTE;6;2;MUY BUENO;martes, 31 de mayo de 2016;6;3;1;5
279;384;miércoles, 10 de abril de 1996;SI;VIAJA FRECUENTEMENTE;INVESTIGACIOÓN Y DESARROLLO;1;LICENCIATURA;CIENCIAS DE LA VIDA;ALTA;DIRECTOR DE MANUFACTURA;MEDIA;6397;1;SI;SOBRESALIENTE;6;6;MALO;lunes, 22 de febrero de 2016;6;5;1;4
316;430;lunes, 24 de diciembre de 1979;SI;VIAJA FRECUENTEMENTE;INVESTIGACIOÓN Y DESARROLLO;10;MAESTRIA;CIENCIAS DE LA VIDA;ALTA;TECNICO DE LABORATORIO;MUY ALTA;2455;0;SI;EXCELENTE;9;5;MUY BUENO;viernes, 10 de enero de 2014;8;7;1;7
332;449;martes, 11 de julio de 1995;SI;NO VIAJA;VENTAS;1;POR DEBAJO DE LA UNIVERSIDAD;MARKETING;ALTA;EJECUTIVO DE VENTAS;MEDIA;6349;0;NO;EXCELENTE;6;0;MUY BUENO;sábado, 25 de febrero de 2017;5;4;1;4
360;481;sábado, 14 de junio de 1986;SI;VIAJA FRECUENTEMENTE;VENTAS;3;MAESTRIA;MEDICO;MEDIA;EJECUTIVO DE VENTAS;MUY ALTA;9699;4;SI;EXCELENTE;16;2;MUY BUENO;domingo, 29 de noviembre de 2009;13;9;1;12
401;531;domingo, 6 de febrero de 1983;SI;VIAJA FRECUENTEMENTE;INVESTIGACIOÓN Y DESARROLLO;1;POR DEBAJO DE LA UNIVERSIDAD;CIENCIAS DE LA VIDA;ALTA;GERENTE INVESTIGACION Y DESARROLLO;ALTA;19197;1;NO;EXCELENTE;21;3;MUY BUENO;jueves, 20 de diciembre de 2001;21;8;1;6
416;555;lunes, 3 de octubre de 1988;NO;VIAJA FRECUENTEMENTE;VENTAS;6;UNIVERSITARIO;MARKETING;BAJA;REPRESENTATE DE VENTAS;ALTA;2351;0;SI;EXCELENTE;3;3;BUENO;viernes, 13 de noviembre de 2020;2;2;1;0
420;562;jueves, 10 de septiembre de 1992;SI;NO VIAJA;INVESTIGACIOÓN Y DESARROLLO;3;LICENCIATURA;CIENCIAS DE LA VIDA;ALTA;TECNICO DE LABORATORIO;MUY ALTA;2097;4;SI;EXCELENTE;9;3;MALO;miércoles, 29 de noviembre de 2017;5;3;1;4
447;599;lunes, 14 de diciembre de 1981;SI;NO VIAJA;VENTAS;10;UNIVERSITARIO;CIENCIAS DE LA VIDA;ALTA;EJECUTIVO DE VENTAS;MUY ALTA;6230;7;SI;EXCELENTE;16;3;MUY BUENO;lunes, 17 de marzo de 2008;14;3;1;10
454;608;jueves, 21 de marzo de 1996;NO;VIAJA FRECUENTEMENTE;RRHH;17;MAESTRIA;CIENCIAS DE LA VIDA;ALTA;RRHH;ALTA;2741;0;NO;EXCELENTE;8;2;BUENO;sábado, 29 de agosto de 2015;7;7;1;0
529;723;domingo, 5 de marzo de 1972;NO;VIAJA FRECUENTEMENTE;VENTAS;8;UNIVERSITARIO;TITULO TECNICO;ALTA;EJECUTIVO DE VENTAS;ALTA;6796;3;NO;EXCELENTE;18;4;MUY BUENO;viernes, 25 de mayo de 2018;4;3;1;3
534;729;viernes, 23 de julio de 1982;SI;VIAJA FRECUENTEMENTE;VENTAS;5;MAESTRIA;CIENCIAS DE LA VIDA;MEDIA;EJECUTIVO DE VENTAS;BAJA;10475;5;NO;SOBRESALIENTE;20;2;MUY BUENO;miércoles, 26 de mayo de 2004;18;13;1;12
538;733;martes, 21 de marzo de 1995;SI;VIAJA FRECUENTEMENTE;INVESTIGACIOÓN Y DESARROLLO;10;UNIVERSITARIO;CIENCIAS DE LA VIDA;ALTA;DIRECTOR DE MANUFACTURA;BAJA;8793;1;SI;SOBRESALIENTE;9;4;BUENO;jueves, 27 de junio de 2013;9;7;1;7
544;744;miércoles, 13 de diciembre de 1978;SI;NO VIAJA;INVESTIGACIOÓN Y DESARROLLO;24;LICENCIATURA;MEDICO;BAJA;TECNICO DE LABORATORIO;ALTA;3708;2;SI;EXCELENTE;9;5;MUY BUENO;miércoles, 22 de noviembre de 2017;5;2;1;4
567;785;viernes, 24 de octubre de 1975;NO;VIAJA FRECUENTEMENTE;VENTAS;27;UNIVERSITARIO;CIENCIAS DE LA VIDA;MUY ALTA;EJECUTIVO DE VENTAS;ALTA;6397;4;NO;EXCELENTE;8;2;MUY BUENO;martes, 21 de febrero de 2017;5;4;1;3
577;800;miércoles, 10 de mayo de 1995;SI;VIAJA FRECUENTEMENTE;VENTAS;8;POR DEBAJO DE LA UNIVERSIDAD;MARKETING;ALTA;EJECUTIVO DE VENTAS;MUY ALTA;4342;0;SI;EXCELENTE;5;3;MUY BUENO;jueves, 14 de junio de 2018;4;2;1;1
607;838;viernes, 26 de agosto de 1988;SI;VIAJA FRECUENTEMENTE;INVESTIGACIOÓN Y DESARROLLO;16;MAESTRIA;CIENCIAS DE LA VIDA;MEDIA;CIENTIFICO DE INVESTIGACION;MUY ALTA;2553;1;SI;EXCELENTE;6;3;MUY BUENO;domingo, 3 de diciembre de 2017;5;2;1;3
615;848;viernes, 29 de noviembre de 1996;NO;VIAJA FRECUENTEMENTE;INVESTIGACIOÓN Y DESARROLLO;5;UNIVERSITARIO;MEDICO;MEDIA;CIENTIFICO DE INVESTIGACION;ALTA;2366;1;NO;EXCELENTE;8;2;MUY BUENO;domingo, 18 de mayo de 2014;8;7;1;7
704;983;lunes, 3 de septiembre de 1984;SI;NO VIAJA;VENTAS;10;LICENCIATURA;TITULO TECNICO;ALTA;EJECUTIVO DE VENTAS;MUY ALTA;5666;1;NO;EXCELENTE;6;1;MUY BUENO;jueves, 10 de agosto de 2017;5;3;1;3
770;1068;lunes, 24 de junio de 1996;SI;VIAJA FRECUENTEMENTE;INVESTIGACIOÓN Y DESARROLLO;1;POR DEBAJO DE LA UNIVERSIDAD;MEDICO;MEDIA;CIENTIFICO DE INVESTIGACION;ALTA;2007;1;SI;EXCELENTE;5;5;MUY BUENO;jueves, 2 de febrero de 2017;5;3;1;3
781;1082;sábado, 1 de octubre de 1994;NO;NO VIAJA;INVESTIGACIOÓN Y DESARROLLO;24;UNIVERSITARIO;TITULO TECNICO;MEDIA;REPRESENTANTE DE ATENCION MEDICA;BAJA;8722;1;SI;EXCELENTE;10;2;BUENO;viernes, 9 de marzo de 2012;10;7;1;9
824;1143;domingo, 22 de agosto de 1993;SI;VIAJA FRECUENTEMENTE;INVESTIGACIOÓN Y DESARROLLO;10;LICENCIATURA;CIENCIAS DE LA VIDA;ALTA;CIENTIFICO DE INVESTIGACION;MEDIA;3291;0;SI;EXCELENTE;8;2;BUENO;miércoles, 29 de julio de 2015;7;5;1;1
891;1245;miércoles, 19 de junio de 1968;SI;VIAJA FRECUENTEMENTE;INVESTIGACIOÓN Y DESARROLLO;1;MAESTRIA;CIENCIAS DE LA VIDA;ALTA;DIRECTOR DE MANUFACTURA;ALTA;10502;7;SI;EXCELENTE;33;2;MALO;martes, 7 de febrero de 2017;5;4;1;4
912;1273;jueves, 2 de enero de 1997;NO;VIAJA FRECUENTEMENTE;VENTAS;24;POR DEBAJO DE LA UNIVERSIDAD;CIENCIAS DE LA VIDA;BAJA;REPRESENTATE DE VENTAS;MUY ALTA;1118;1;NO;EXCELENTE;1;4;MUY BUENO;sábado, 11 de diciembre de 2021;1;0;1;0
924;1289;sábado, 16 de julio de 1988;SI;VIAJA FRECUENTEMENTE;RRHH;11;LICENCIATURA;CIENCIAS DE LA VIDA;MEDIA;RRHH;MEDIA;4490;4;SI;EXCELENTE;14;5;EXCELENTE;viernes, 21 de diciembre de 2012;10;9;1;8
932;1298;lunes, 19 de octubre de 1992;SI;NO VIAJA;INVESTIGACIOÓN Y DESARROLLO;9;UNIVERSITARIO;MEDICO;ALTA;DIRECTOR DE MANUFACTURA;ALTA;4695;7;NO;EXCELENTE;10;3;MUY BUENO;jueves, 25 de septiembre de 2014;8;4;1;7
961;1349;jueves, 16 de abril de 1981;SI;VIAJA FRECUENTEMENTE;VENTAS;1;LICENCIATURA;MARKETING;ALTA;EJECUTIVO DE VENTAS;BAJA;4103;0;SI;EXCELENTE;10;2;MUY BUENO;jueves, 18 de julio de 2013;9;3;1;7
962;1350;jueves, 9 de julio de 1987;SI;VIAJA FRECUENTEMENTE;INVESTIGACIOÓN Y DESARROLLO;4;MAESTRIA;CIENCIAS DE LA VIDA;ALTA;CIENTIFICO DE INVESTIGACION;ALTA;4249;1;NO;EXCELENTE;9;3;MUY BUENO;domingo, 17 de febrero de 2013;9;6;1;1
1007;1420;miércoles, 11 de julio de 1973;NO;VIAJA FRECUENTEMENTE;INVESTIGACIOÓN Y DESARROLLO;28;UNIVERSITARIO;CIENCIAS DE LA VIDA;MEDIA;TECNICO DE LABORATORIO;BAJA;4284;3;SI;SOBRESALIENTE;20;2;MUY BUENO;sábado, 17 de marzo de 2018;4;3;1;3
1016;1431;martes, 12 de abril de 1988;SI;VIAJA FRECUENTEMENTE;INVESTIGACIOÓN Y DESARROLLO;1;MAESTRIA;OTRO;ALTA;CIENTIFICO DE INVESTIGACION;BAJA;2996;5;SI;EXCELENTE;10;2;MUY BUENO;martes, 11 de diciembre de 2018;4;3;1;3
1023;1440;viernes, 25 de enero de 1985;SI;NO VIAJA;INVESTIGACIOÓN Y DESARROLLO;5;UNIVERSITARIO;TITULO TECNICO;MUY ALTA;TECNICO DE LABORATORIO;ALTA;3500;0;SI;EXCELENTE;7;2;MALO;domingo, 3 de enero de 2016;6;5;1;3
1071;1507;domingo, 10 de abril de 1994;SI;VIAJA FRECUENTEMENTE;VENTAS;7;LICENCIATURA;CIENCIAS DE LA VIDA;ALTA;EJECUTIVO DE VENTAS;BAJA;4898;0;SI;EXCELENTE;5;5;MUY BUENO;martes, 2 de octubre de 2018;4;2;1;3
1077;1520;domingo, 8 de septiembre de 1968;SI;VIAJA FRECUENTEMENTE;INVESTIGACIOÓN Y DESARROLLO;11;MAESTRIA;MEDICO;ALTA;GERENTE INVESTIGACION Y DESARROLLO;MUY ALTA;16032;3;SI;SOBRESALIENTE;26;2;MUY BUENO;viernes, 30 de mayo de 2008;14;9;1;12
1126;1590;domingo, 21 de marzo de 1993;SI;VIAJA FRECUENTEMENTE;INVESTIGACIOÓN Y DESARROLLO;2;POR DEBAJO DE LA UNIVERSIDAD;CIENCIAS DE LA VIDA;ALTA;REPRESENTANTE DE ATENCION MEDICA;MUY ALTA;8853;1;SI;EXCELENTE;6;0;EXCELENTE;martes, 31 de mayo de 2016;6;4;1;3
1138;1605;lunes, 10 de julio de 2000;NO;NO VIAJA;INVESTIGACIOÓN Y DESARROLLO;26;UNIVERSITARIO;OTRO;MEDIA;CIENTIFICO DE INVESTIGACION;ALTA;2814;1;NO;EXCELENTE;4;2;BUENO;lunes, 10 de diciembre de 2018;4;2;1;3
1169;1646;miércoles, 22 de julio de 1998;SI;VIAJA FRECUENTEMENTE;INVESTIGACIOÓN Y DESARROLLO;2;POR DEBAJO DE LA UNIVERSIDAD;TITULO TECNICO;ALTA;CIENTIFICO DE INVESTIGACION;MUY ALTA;3760;1;NO;EXCELENTE;6;2;MUY BUENO;sábado, 5 de noviembre de 2016;6;3;1;3
1212;1700;viernes, 2 de agosto de 1985;SI;VIAJA FRECUENTEMENTE;VENTAS;1;MAESTRIA;MEDICO;BAJA;EJECUTIVO DE VENTAS;MUY ALTA;9525;1;SI;EXCELENTE;6;2;BUENO;viernes, 6 de mayo de 2016;6;3;1;3
1216;1704;domingo, 23 de agosto de 1987;SI;VIAJA FRECUENTEMENTE;INVESTIGACIOÓN Y DESARROLLO;2;MAESTRIA;MEDICO;MEDIA;CIENTIFICO DE INVESTIGACION;MUY ALTA;4930;0;NO;EXCELENTE;6;2;EXCELENTE;viernes, 17 de febrero de 2017;5;4;1;4
1227;1720;jueves, 10 de mayo de 1990;SI;VIAJA FRECUENTEMENTE;INVESTIGACIOÓN Y DESARROLLO;10;LICENCIATURA;CIENCIAS DE LA VIDA;ALTA;CIENTIFICO DE INVESTIGACION;ALTA;3433;6;SI;EXCELENTE;10;3;BUENO;sábado, 18 de febrero de 2017;5;2;1;3
1240;1736;martes, 12 de febrero de 1991;SI;VIAJA FRECUENTEMENTE;INVESTIGACIOÓN Y DESARROLLO;24;POR DEBAJO DE LA UNIVERSIDAD;TITULO TECNICO;ALTA;DIRECTOR DE MANUFACTURA;MUY ALTA;5238;2;SI;SOBRESALIENTE;9;3;BUENO;sábado, 18 de noviembre de 2017;5;4;1;4
1254;1756;lunes, 6 de marzo de 1989;SI;NO VIAJA;VENTAS;2;LICENCIATURA;MARKETING;ALTA;EJECUTIVO DE VENTAS;MEDIA;5147;8;SI;EXCELENTE;13;2;BUENO;jueves, 6 de octubre de 2011;11;7;1;7
1266;1771;miércoles, 24 de mayo de 1989;SI;NO VIAJA;INVESTIGACIOÓN Y DESARROLLO;4;LICENCIATURA;TITULO TECNICO;ALTA;CIENTIFICO DE INVESTIGACION;MEDIA;3055;5;SI;EXCELENTE;11;2;BUENO;martes, 29 de enero de 2013;9;8;1;7
1289;1804;domingo, 8 de marzo de 1987;SI;NO VIAJA;INVESTIGACIOÓN Y DESARROLLO;2;UNIVERSITARIO;MEDICO;ALTA;DIRECTOR DE MANUFACTURA;MUY ALTA;5762;2;SI;EXCELENTE;15;6;MUY BUENO;jueves, 10 de septiembre de 2015;7;7;1;7
1333;1868;miércoles, 19 de mayo de 1993;NO;VIAJA FRECUENTEMENTE;INVESTIGACIOÓN Y DESARROLLO;24;UNIVERSITARIO;CIENCIAS DE LA VIDA;MEDIA;CIENTIFICO DE INVESTIGACION;MUY ALTA;2439;1;NO;SOBRESALIENTE;1;3;BUENO;martes, 10 de agosto de 2021;1;0;1;0
1371;1934;viernes, 11 de abril de 1975;SI;NO VIAJA;INVESTIGACIOÓN Y DESARROLLO;14;MAESTRIA;TITULO TECNICO;ALTA;CIENTIFICO DE INVESTIGACION;MEDIA;5467;8;SI;EXCELENTE;16;4;EXCELENTE;jueves, 20 de noviembre de 2014;8;7;1;7
1382;1947;domingo, 26 de junio de 1994;SI;NO VIAJA;INVESTIGACIOÓN Y DESARROLLO;16;LICENCIATURA;MEDICO;ALTA;CIENTIFICO DE INVESTIGACION;ALTA;2144;1;SI;EXCELENTE;5;3;BUENO;sábado, 18 de febrero de 2017;5;3;1;4
1438;2022;viernes, 25 de marzo de 1983;SI;NO VIAJA;INVESTIGACIOÓN Y DESARROLLO;9;LICENCIATURA;CIENCIAS DE LA VIDA;ALTA;GERENTE INVESTIGACION Y DESARROLLO;MUY ALTA;19431;2;SI;EXCELENTE;21;3;BUENO;martes, 16 de agosto de 2016;6;0;1;3
1439;2023;lunes, 8 de noviembre de 1999;NO;VIAJA FRECUENTEMENTE;VENTAS;9;LICENCIATURA;MARKETING;ALTA;REPRESENTATE DE VENTAS;BAJA;1790;1;SI;EXCELENTE;1;3;BUENO;jueves, 28 de enero de 2021;1;0;1;0
1442;2026;lunes, 27 de junio de 1966;SI;NO VIAJA;INVESTIGACIOÓN Y DESARROLLO;1;MAESTRIA;CIENCIAS DE LA VIDA;ALTA;REPRESENTANTE DE ATENCION MEDICA;ALTA;6306;1;SI;SOBRESALIENTE;13;2;BUENO;martes, 14 de julio de 2009;13;12;1;9
1464;2057;martes, 23 de julio de 1991;SI;NO VIAJA;INVESTIGACIOÓN Y DESARROLLO;5;LICENCIATURA;MEDICO;ALTA;DIRECTOR DE MANUFACTURA;BAJA;9936;0;SI;EXCELENTE;10;2;MUY BUENO;sábado, 16 de noviembre de 2013;9;4;1;7
53;68;domingo, 17 de septiembre de 1978;SI;VIAJA RARAMENTE;VENTAS;1;DOCTORADO;MARKETING;ALTA;EJECUTIVO DE VENTAS;BAJA;5454;5;NO;SOBRESALIENTE;9;2;BUENO;lunes, 28 de mayo de 2018;4;3;1;3
83;106;domingo, 29 de octubre de 1967;SI;VIAJA RARAMENTE;VENTAS;1;UNIVERSITARIO;CIENCIAS DE LA VIDA;ALTA;EJECUTIVO DE VENTAS;MUY ALTA;10239;3;SI;EXCELENTE;24;4;MUY BUENO;sábado, 18 de septiembre de 2021;1;0;1;0
92;120;lunes, 20 de diciembre de 1971;SI;VIAJA RARAMENTE;VENTAS;21;MAESTRIA;MARKETING;ALTA;EJECUTIVO DE VENTAS;MUY ALTA;5441;0;NO;SOBRESALIENTE;11;2;MALO;domingo, 2 de diciembre de 2012;10;7;1;0
99;131;sábado, 19 de diciembre de 1964;SI;VIAJA RARAMENTE;VENTAS;10;MAESTRIA;MEDICO;ALTA;EJECUTIVO DE VENTAS;ALTA;13872;0;SI;EXCELENTE;38;1;BUENO;sábado, 19 de enero de 1985;37;10;1;8
116;152;martes, 7 de mayo de 1985;SI;VIAJA RARAMENTE;VENTAS;3;LICENCIATURA;CIENCIAS DE LA VIDA;ALTA;EJECUTIVO DE VENTAS;MUY ALTA;7428;2;SI;EXCELENTE;12;3;MUY BUENO;sábado, 25 de febrero de 2017;5;3;1;3
206;283;lunes, 31 de mayo de 1993;NO;VIAJA RARAMENTE;VENTAS;27;LICENCIATURA;MARKETING;ALTA;EJECUTIVO DE VENTAS;MUY ALTA;7639;1;SI;SOBRESALIENTE;10;3;BUENO;sábado, 1 de diciembre de 2012;10;4;1;9
236;327;miércoles, 6 de junio de 1979;SI;VIAJA RARAMENTE;VENTAS;16;LICENCIATURA;MARKETING;ALTA;GERENTE DE EJECUTIVO DE VENTAS;MUY ALTA;16064;5;NO;SOBRESALIENTE;22;3;MUY BUENO;viernes, 12 de agosto de 2005;17;13;1;9
311;424;domingo, 21 de abril de 1991;SI;VIAJA RARAMENTE;RRHH;2;LICENCIATURA;RRHH;MEDIA;RRHH;BAJA;6410;3;SI;EXCELENTE;9;1;MUY BUENO;lunes, 14 de septiembre de 2020;2;2;1;0
322;438;jueves, 26 de diciembre de 1991;SI;VIAJA RARAMENTE;VENTAS;7;LICENCIATURA;MARKETING;ALTA;EJECUTIVO DE VENTAS;MUY ALTA;7547;4;SI;EXCELENTE;13;3;MUY BUENO;martes, 17 de febrero de 2015;7;7;1;7
344;463;jueves, 21 de octubre de 1993;SI;VIAJA RARAMENTE;VENTAS;10;POR DEBAJO DE LA UNIVERSIDAD;MARKETING;MEDIA;EJECUTIVO DE VENTAS;MEDIA;8268;1;NO;EXCELENTE;7;2;MUY BUENO;miércoles, 11 de febrero de 2015;7;7;1;7
351;470;martes, 29 de abril de 1980;SI;VIAJA RARAMENTE;RRHH;2;POR DEBAJO DE LA UNIVERSIDAD;TITULO TECNICO;ALTA;RRHH;ALTA;2696;0;NO;EXCELENTE;4;5;MUY BUENO;domingo, 3 de noviembre de 2019;3;2;1;0
369;492;jueves, 8 de julio de 1982;NO;VIAJA RARAMENTE;VENTAS;22;UNIVERSITARIO;MARKETING;MEDIA;EJECUTIVO DE VENTAS;ALTA;6380;2;NO;EXCELENTE;8;6;MUY BUENO;miércoles, 3 de febrero de 2016;6;4;1;0
388;516;viernes, 1 de octubre de 1982;SI;VIAJA RARAMENTE;VENTAS;2;UNIVERSITARIO;MARKETING;ALTA;EJECUTIVO DE VENTAS;MEDIA;5715;7;SI;EXCELENTE;8;5;MUY BUENO;lunes, 20 de febrero de 2017;5;4;1;3
398;527;martes, 16 de diciembre de 1997;SI;VIAJA RARAMENTE;VENTAS;4;UNIVERSITARIO;CIENCIAS DE LA VIDA;MEDIA;EJECUTIVO DE VENTAS;MUY ALTA;4487;1;NO;EXCELENTE;5;3;MUY BUENO;miércoles, 22 de febrero de 2017;5;4;1;3
415;554;lunes, 13 de abril de 1998;NO;VIAJA RARAMENTE;VENTAS;1;POR DEBAJO DE LA UNIVERSIDAD;TITULO TECNICO;ALTA;REPRESENTATE DE VENTAS;MEDIA;3202;1;NO;EXCELENTE;6;4;MUY BUENO;miércoles, 29 de marzo de 2017;5;3;1;4
418;558;viernes, 1 de octubre de 1982;SI;VIAJA RARAMENTE;VENTAS;2;MAESTRIA;CIENCIAS DE LA VIDA;ALTA;GERENTE DE EJECUTIVO DE VENTAS;ALTA;18041;0;SI;EXCELENTE;21;2;MUY BUENO;miércoles, 3 de julio de 2002;20;15;1;12
476;641;martes, 12 de noviembre de 1996;SI;VIAJA RARAMENTE;VENTAS;28;UNIVERSITARIO;MARKETING;ALTA;EJECUTIVO DE VENTAS;MEDIA;6272;1;SI;SOBRESALIENTE;6;5;EXCELENTE;jueves, 23 de febrero de 2017;5;3;1;4
487;656;sábado, 8 de junio de 1985;SI;VIAJA RARAMENTE;VENTAS;2;LICENCIATURA;MARKETING;ALTA;EJECUTIVO DE VENTAS;ALTA;9602;4;NO;EXCELENTE;17;3;BUENO;martes, 2 de abril de 2019;3;0;1;0
533;728;martes, 7 de enero de 1975;SI;VIAJA RARAMENTE;VENTAS;14;MAESTRIA;MARKETING;ALTA;EJECUTIVO DE VENTAS;BAJA;4960;2;SI;EXCELENTE;20;2;MUY BUENO;lunes, 14 de septiembre de 2015;7;7;1;7
562;776;jueves, 8 de enero de 1970;SI;VIAJA RARAMENTE;VENTAS;3;MAESTRIA;MARKETING;MEDIA;GERENTE DE EJECUTIVO DE VENTAS;BAJA;16856;1;SI;EXCELENTE;34;3;EXCELENTE;viernes, 19 de agosto de 1988;34;6;1;16
564;781;sábado, 16 de agosto de 1997;NO;VIAJA RARAMENTE;VENTAS;26;POR DEBAJO DE LA UNIVERSIDAD;MEDICO;ALTA;EJECUTIVO DE VENTAS;MUY ALTA;6180;1;SI;SOBRESALIENTE;6;5;BUENO;miércoles, 3 de febrero de 2016;6;5;1;4
568;786;lunes, 12 de diciembre de 1988;SI;VIAJA RARAMENTE;VENTAS;2;LICENCIATURA;OTRO;ALTA;EJECUTIVO DE VENTAS;MUY ALTA;6274;1;SI;SOBRESALIENTE;6;5;MUY BUENO;miércoles, 3 de febrero de 2016;6;5;1;4
699;975;lunes, 21 de diciembre de 1987;SI;VIAJA RARAMENTE;VENTAS;18;LICENCIATURA;MEDICO;ALTA;EJECUTIVO DE VENTAS;ALTA;4601;1;SI;EXCELENTE;5;3;MUY BUENO;jueves, 10 de agosto de 2017;5;2;1;0
756;1045;lunes, 17 de enero de 1977;SI;VIAJA RARAMENTE;VENTAS;11;UNIVERSITARIO;CIENCIAS DE LA VIDA;ALTA;GERENTE DE EJECUTIVO DE VENTAS;MUY ALTA;17650;3;SI;EXCELENTE;26;4;EXCELENTE;viernes, 14 de junio de 2013;9;3;1;1
835;1163;domingo, 10 de julio de 1988;SI;VIAJA RARAMENTE;VENTAS;9;POR DEBAJO DE LA UNIVERSIDAD;CIENCIAS DE LA VIDA;ALTA;EJECUTIVO DE VENTAS;ALTA;5714;1;SI;SOBRESALIENTE;6;3;BUENO;lunes, 4 de enero de 2016;6;5;1;3
836;1164;miércoles, 8 de julio de 1987;SI;VIAJA RARAMENTE;RRHH;8;MAESTRIA;TITULO TECNICO;ALTA;RRHH;ALTA;4323;1;SI;EXCELENTE;6;2;MALO;martes, 31 de octubre de 2017;5;4;1;4
840;1171;martes, 29 de julio de 1980;SI;VIAJA RARAMENTE;VENTAS;4;MAESTRIA;MARKETING;ALTA;EJECUTIVO DE VENTAS;BAJA;5155;7;SI;EXCELENTE;9;3;EXCELENTE;martes, 5 de enero de 2016;6;4;1;5
845;1179;sábado, 4 de enero de 1992;SI;VIAJA RARAMENTE;VENTAS;10;LICENCIATURA;MARKETING;MEDIA;EJECUTIVO DE VENTAS;ALTA;6578;1;SI;EXCELENTE;10;3;MUY BUENO;domingo, 25 de noviembre de 2012;10;3;1;4
850;1188;jueves, 25 de octubre de 1979;NO;VIAJA RARAMENTE;VENTAS;9;LICENCIATURA;MARKETING;BAJA;EJECUTIVO DE VENTAS;ALTA;5346;8;SI;EXCELENTE;7;2;BUENO;martes, 19 de junio de 2018;4;3;1;3
864;1207;sábado, 2 de diciembre de 1989;SI;VIAJA RARAMENTE;RRHH;2;LICENCIATURA;RRHH;ALTA;RRHH;ALTA;3600;1;SI;EXCELENTE;5;2;MUY BUENO;domingo, 26 de marzo de 2017;5;4;1;4
871;1218;lunes, 9 de febrero de 1987;NO;VIAJA RARAMENTE;VENTAS;17;MAESTRIA;CIENCIAS DE LA VIDA;ALTA;EJECUTIVO DE VENTAS;BAJA;8966;3;NO;EXCELENTE;15;2;MUY BUENO;sábado, 31 de octubre de 2015;7;7;1;7
880;1233;jueves, 9 de agosto de 1962;SI;VIAJA RARAMENTE;VENTAS;7;MAESTRIA;MARKETING;MUY ALTA;EJECUTIVO DE VENTAS;MUY ALTA;5220;0;NO;EXCELENTE;12;3;MUY BUENO;martes, 30 de agosto de 2011;11;7;1;9
885;1239;lunes, 27 de septiembre de 1982;SI;VIAJA RARAMENTE;VENTAS;10;LICENCIATURA;TITULO TECNICO;MEDIA;EJECUTIVO DE VENTAS;MEDIA;6852;7;SI;EXCELENTE;7;2;EXCELENTE;miércoles, 22 de febrero de 2017;5;1;1;3
886;1240;viernes, 8 de agosto de 1997;SI;VIAJA RARAMENTE;VENTAS;10;MAESTRIA;CIENCIAS DE LA VIDA;ALTA;EJECUTIVO DE VENTAS;MUY ALTA;4950;0;SI;EXCELENTE;5;4;MUY BUENO;martes, 19 de junio de 2018;4;3;1;1
914;1277;sábado, 8 de enero de 1977;NO;VIAJA RARAMENTE;VENTAS;2;LICENCIATURA;MARKETING;BAJA;GERENTE DE EJECUTIVO DE VENTAS;MEDIA;18824;2;NO;EXCELENTE;26;2;MUY BUENO;miércoles, 10 de junio de 1998;24;10;1;11
947;1318;miércoles, 13 de octubre de 1982;NO;VIAJA RARAMENTE;VENTAS;25;MAESTRIA;MARKETING;MEDIA;EJECUTIVO DE VENTAS;MEDIA;9094;2;NO;EXCELENTE;9;2;MUY BUENO;martes, 5 de septiembre de 2017;5;4;1;0
964;1355;miércoles, 4 de julio de 1984;SI;VIAJA RARAMENTE;VENTAS;2;UNIVERSITARIO;CIENCIAS DE LA VIDA;ALTA;EJECUTIVO DE VENTAS;BAJA;6893;3;SI;EXCELENTE;11;3;MUY BUENO;sábado, 31 de octubre de 2015;7;7;1;7
987;1390;sábado, 22 de octubre de 1983;SI;VIAJA RARAMENTE;VENTAS;21;MAESTRIA;CIENCIAS DE LA VIDA;MEDIA;EJECUTIVO DE VENTAS;MUY ALTA;6120;3;NO;EXCELENTE;8;2;EXCELENTE;martes, 5 de septiembre de 2017;5;4;1;4
1042;1469;domingo, 5 de junio de 1994;SI;VIAJA RARAMENTE;VENTAS;5;LICENCIATURA;MEDICO;ALTA;EJECUTIVO DE VENTAS;BAJA;8463;0;SI;EXCELENTE;6;4;MUY BUENO;martes, 5 de septiembre de 2017;5;4;1;3
1065;1499;martes, 9 de junio de 1992;SI;VIAJA RARAMENTE;RRHH;1;LICENCIATURA;CIENCIAS DE LA VIDA;ALTA;RRHH;ALTA;2064;0;SI;SOBRESALIENTE;6;3;EXCELENTE;sábado, 16 de diciembre de 2017;5;3;1;3
1110;1568;sábado, 26 de septiembre de 1992;NO;VIAJA RARAMENTE;VENTAS;29;MAESTRIA;TITULO TECNICO;ALTA;EJECUTIVO DE VENTAS;MEDIA;9250;3;SI;EXCELENTE;9;3;MUY BUENO;miércoles, 3 de octubre de 2018;4;2;1;3
1155;1625;sábado, 28 de junio de 1975;SI;VIAJA RARAMENTE;RRHH;26;MAESTRIA;CIENCIAS DE LA VIDA;ALTA;GERENTE RRHH;ALTA;19658;3;SI;EXCELENTE;27;2;MUY BUENO;viernes, 15 de septiembre de 2017;5;2;1;0
1173;1650;domingo, 5 de septiembre de 1993;SI;VIAJA RARAMENTE;VENTAS;10;LICENCIATURA;MEDICO;MEDIA;EJECUTIVO DE VENTAS;ALTA;5869;9;SI;EXCELENTE;8;2;MUY BUENO;miércoles, 6 de septiembre de 2017;5;2;1;4
1252;1754;lunes, 2 de marzo de 1992;SI;VIAJA RARAMENTE;VENTAS;15;UNIVERSITARIO;MARKETING;MEDIA;EJECUTIVO DE VENTAS;BAJA;7140;2;SI;EXCELENTE;12;2;MUY BUENO;domingo, 24 de mayo de 2015;7;7;1;7
1270;1778;sábado, 11 de agosto de 1979;SI;VIAJA RARAMENTE;RRHH;2;LICENCIATURA;CIENCIAS DE LA VIDA;ALTA;RRHH;MUY ALTA;3539;0;SI;EXCELENTE;10;5;MUY BUENO;martes, 25 de junio de 2013;9;7;1;8
1272;1780;domingo, 15 de abril de 2001;NO;VIAJA RARAMENTE;VENTAS;7;POR DEBAJO DE LA UNIVERSIDAD;MARKETING;ALTA;REPRESENTATE DE VENTAS;MEDIA;2679;1;SI;EXCELENTE;1;3;MUY BUENO;jueves, 18 de marzo de 2021;1;0;1;0
1298;1818;domingo, 21 de julio de 1996;NO;VIAJA RARAMENTE;RRHH;20;UNIVERSITARIO;MEDICO;ALTA;RRHH;MEDIA;2148;0;NO;EXCELENTE;6;3;MUY BUENO;lunes, 16 de enero de 2017;5;1;1;4
1341;1880;lunes, 14 de julio de 1986;SI;VIAJA RARAMENTE;VENTAS;10;MAESTRIA;TITULO TECNICO;MEDIA;EJECUTIVO DE VENTAS;ALTA;5673;1;NO;EXCELENTE;10;4;MUY BUENO;sábado, 1 de diciembre de 2012;10;9;1;7
1343;1882;domingo, 22 de mayo de 1988;SI;VIAJA RARAMENTE;VENTAS;4;LICENCIATURA;CIENCIAS DE LA VIDA;ALTA;EJECUTIVO DE VENTAS;MUY ALTA;9713;2;NO;EXCELENTE;9;3;MUY BUENO;domingo, 10 de septiembre de 2017;5;3;1;0
1356;1908;domingo, 16 de febrero de 1986;SI;VIAJA RARAMENTE;VENTAS;17;UNIVERSITARIO;MARKETING;MEDIA;EJECUTIVO DE VENTAS;MEDIA;5507;2;SI;EXCELENTE;12;1;MALO;martes, 2 de octubre de 2018;4;2;1;3
1357;1909;lunes, 27 de julio de 1981;SI;VIAJA RARAMENTE;VENTAS;8;LICENCIATURA;MARKETING;ALTA;EJECUTIVO DE VENTAS;MEDIA;4393;5;SI;SOBRESALIENTE;14;3;MUY BUENO;lunes, 11 de septiembre de 2017;5;4;1;4
1359;1912;domingo, 8 de septiembre de 1991;SI;VIAJA RARAMENTE;VENTAS;10;UNIVERSITARIO;MEDICO;ALTA;EJECUTIVO DE VENTAS;MUY ALTA;6583;2;NO;EXCELENTE;8;2;MUY BUENO;jueves, 2 de noviembre de 2017;5;2;1;4
1386;1951;martes, 7 de junio de 1988;SI;VIAJA RARAMENTE;VENTAS;13;MAESTRIA;MEDICO;ALTA;EJECUTIVO DE VENTAS;ALTA;8628;1;SI;EXCELENTE;9;2;BUENO;lunes, 19 de mayo de 2014;8;7;1;1
1402;1973;jueves, 23 de noviembre de 1967;SI;VIAJA RARAMENTE;RRHH;26;MAESTRIA;RRHH;MUY ALTA;GERENTE RRHH;MEDIA;19636;4;NO;EXCELENTE;35;0;MUY BUENO;domingo, 9 de septiembre de 2012;10;9;1;4
1447;2035;lunes, 17 de octubre de 1988;NO;VIAJA RARAMENTE;VENTAS;28;LICENCIATURA;MARKETING;MEDIA;EJECUTIVO DE VENTAS;ALTA;6712;1;SI;SOBRESALIENTE;8;2;MUY BUENO;lunes, 19 de mayo de 2014;8;7;1;7
1451;2040;martes, 29 de septiembre de 1987;NO;VIAJA RARAMENTE;RRHH;26;MAESTRIA;CIENCIAS DE LA VIDA;ALTA;RRHH;MUY ALTA;8837;1;NO;EXCELENTE;9;2;MUY BUENO;martes, 25 de junio de 2013;9;0;1;7
1452;2041;sábado, 17 de marzo de 1984;SI;VIAJA RARAMENTE;VENTAS;10;UNIVERSITARIO;CIENCIAS DE LA VIDA;ALTA;EJECUTIVO DE VENTAS;MUY ALTA;5343;1;SI;EXCELENTE;10;1;MUY BUENO;miércoles, 1 de febrero de 2012;10;7;1;9
59;76;domingo, 19 de mayo de 1991;SI;VIAJA RARAMENTE;INVESTIGACIOÓN Y DESARROLLO;7;MAESTRIA;CIENCIAS DE LA VIDA;ALTA;TECNICO DE LABORATORIO;MUY ALTA;5915;3;SI;SOBRESALIENTE;10;3;BUENO;lunes, 9 de marzo de 2015;7;7;1;7
76;98;miércoles, 15 de mayo de 1991;SI;VIAJA RARAMENTE;INVESTIGACIOÓN Y DESARROLLO;8;MAESTRIA;CIENCIAS DE LA VIDA;ALTA;DIRECTOR DE MANUFACTURA;MUY ALTA;4424;1;SI;SOBRESALIENTE;11;2;MUY BUENO;miércoles, 4 de mayo de 2011;11;7;1;8
149;200;sábado, 2 de mayo de 1981;SI;VIAJA RARAMENTE;INVESTIGACIOÓN Y DESARROLLO;9;MAESTRIA;CIENCIAS DE LA VIDA;ALTA;TECNICO DE LABORATORIO;BAJA;2238;2;SI;SOBRESALIENTE;7;2;MUY BUENO;lunes, 18 de septiembre de 2017;5;0;1;4
170;231;domingo, 8 de julio de 1990;SI;VIAJA RARAMENTE;INVESTIGACIOÓN Y DESARROLLO;6;DOCTORADO;CIENCIAS DE LA VIDA;ALTA;CIENTIFICO DE INVESTIGACION;ALTA;3038;3;SI;SOBRESALIENTE;8;2;MUY BUENO;jueves, 21 de diciembre de 2017;5;4;1;4
178;243;domingo, 14 de diciembre de 2003;NO;VIAJA RARAMENTE;INVESTIGACIOÓN Y DESARROLLO;2;LICENCIATURA;CIENCIAS DE LA VIDA;MEDIA;TECNICO DE LABORATORIO;MUY ALTA;1102;1;SI;SOBRESALIENTE;1;3;BUENO;sábado, 11 de septiembre de 2021;1;0;1;0
222;305;jueves, 28 de diciembre de 1989;SI;VIAJA RARAMENTE;INVESTIGACIOÓN Y DESARROLLO;4;MAESTRIA;MEDICO;MEDIA;CIENTIFICO DE INVESTIGACION;MEDIA;2622;6;SI;SOBRESALIENTE;7;3;MUY BUENO;jueves, 12 de diciembre de 2019;3;2;1;1
237;328;viernes, 7 de abril de 1989;NO;VIAJA RARAMENTE;INVESTIGACIOÓN Y DESARROLLO;2;UNIVERSITARIO;CIENCIAS DE LA VIDA;ALTA;TECNICO DE LABORATORIO;BAJA;2707;7;SI;SOBRESALIENTE;13;3;EXCELENTE;domingo, 17 de febrero de 2013;9;7;1;7
588;813;jueves, 21 de mayo de 1970;SI;VIAJA RARAMENTE;INVESTIGACIOÓN Y DESARROLLO;11;MAESTRIA;CIENCIAS DE LA VIDA;ALTA;TECNICO DE LABORATORIO;ALTA;3149;8;SI;SOBRESALIENTE;9;3;MUY BUENO;martes, 31 de octubre de 2017;5;2;1;4
610;843;miércoles, 14 de noviembre de 1979;SI;VIAJA RARAMENTE;INVESTIGACIOÓN Y DESARROLLO;14;UNIVERSITARIO;CIENCIAS DE LA VIDA;ALTA;DIRECTOR INVESTIGACION Y DESARROLLO;BAJA;17159;6;SI;SOBRESALIENTE;22;3;MUY BUENO;domingo, 25 de febrero de 2018;4;1;1;0
612;845;domingo, 29 de marzo de 1987;SI;VIAJA RARAMENTE;INVESTIGACIOÓN Y DESARROLLO;7;LICENCIATURA;OTRO;ALTA;DIRECTOR DE MANUFACTURA;ALTA;10221;3;SI;SOBRESALIENTE;17;3;EXCELENTE;jueves, 25 de septiembre de 2014;8;5;1;6
715;997;martes, 10 de octubre de 1972;SI;VIAJA RARAMENTE;INVESTIGACIOÓN Y DESARROLLO;1;UNIVERSITARIO;MEDICO;ALTA;DIRECTOR INVESTIGACION Y DESARROLLO;MUY ALTA;17399;9;SI;SOBRESALIENTE;32;1;BUENO;viernes, 16 de junio de 2017;5;4;1;3
779;1080;miércoles, 3 de noviembre de 1976;SI;VIAJA RARAMENTE;INVESTIGACIOÓN Y DESARROLLO;8;MAESTRIA;CIENCIAS DE LA VIDA;MEDIA;CIENTIFICO DE INVESTIGACION;BAJA;4615;8;NO;SOBRESALIENTE;19;2;MUY BUENO;martes, 9 de mayo de 2006;16;13;1;7
809;1120;miércoles, 18 de agosto de 1993;SI;VIAJA RARAMENTE;INVESTIGACIOÓN Y DESARROLLO;28;MAESTRIA;CIENCIAS DE LA VIDA;ALTA;CIENTIFICO DE INVESTIGACION;MUY ALTA;2514;4;SI;SOBRESALIENTE;11;1;MUY BUENO;martes, 28 de julio de 2015;7;5;1;7
1010;1423;domingo, 13 de septiembre de 1964;SI;VIAJA RARAMENTE;INVESTIGACIOÓN Y DESARROLLO;1;LICENCIATURA;MEDICO;ALTA;DIRECTOR INVESTIGACION Y DESARROLLO;BAJA;19701;3;NO;SOBRESALIENTE;32;3;MUY BUENO;domingo, 28 de abril de 2013;9;8;1;5
1024;1441;lunes, 2 de mayo de 1966;SI;VIAJA RARAMENTE;INVESTIGACIOÓN Y DESARROLLO;1;UNIVERSITARIO;CIENCIAS DE LA VIDA;ALTA;CIENTIFICO DE INVESTIGACION;BAJA;2066;2;SI;SOBRESALIENTE;5;3;EXCELENTE;jueves, 4 de julio de 2019;3;2;1;0
1176;1654;martes, 18 de enero de 1983;SI;VIAJA RARAMENTE;INVESTIGACIOÓN Y DESARROLLO;12;LICENCIATURA;MEDICO;ALTA;DIRECTOR DE MANUFACTURA;MEDIA;5295;4;SI;SOBRESALIENTE;7;3;MUY BUENO;domingo, 19 de noviembre de 2017;5;4;1;0
1421;1999;sábado, 7 de marzo de 1981;SI;VIAJA RARAMENTE;INVESTIGACIOÓN Y DESARROLLO;1;LICENCIATURA;CIENCIAS DE LA VIDA;ALTA;CIENTIFICO DE INVESTIGACION;MUY ALTA;2782;3;SI;SOBRESALIENTE;12;3;MUY BUENO;viernes, 17 de febrero de 2017;5;3;1;0
25;31;domingo, 31 de julio de 1988;NO;VIAJA RARAMENTE;INVESTIGACIOÓN Y DESARROLLO;6;POR DEBAJO DE LA UNIVERSIDAD;MEDICO;ALTA;CIENTIFICO DE INVESTIGACION;BAJA;2960;2;SI;EXCELENTE;8;2;MUY BUENO;lunes, 5 de noviembre de 2018;4;2;1;3
164;223;viernes, 15 de octubre de 1965;NO;VIAJA RARAMENTE;INVESTIGACIOÓN Y DESARROLLO;24;UNIVERSITARIO;CIENCIAS DE LA VIDA;MUY ALTA;REPRESENTANTE DE ATENCION MEDICA;MUY ALTA;9439;3;NO;EXCELENTE;12;2;MALO;domingo, 8 de enero de 2017;5;3;1;4
196;267;martes, 12 de febrero de 1985;NO;VIAJA RARAMENTE;INVESTIGACIOÓN Y DESARROLLO;21;LICENCIATURA;CIENCIAS DE LA VIDA;MUY ALTA;CIENTIFICO DE INVESTIGACION;BAJA;3564;1;NO;EXCELENTE;8;3;BUENO;viernes, 21 de marzo de 2014;8;7;1;7
200;273;jueves, 2 de agosto de 1984;NO;VIAJA RARAMENTE;INVESTIGACIOÓN Y DESARROLLO;29;LICENCIATURA;TITULO TECNICO;ALTA;DIRECTOR DE MANUFACTURA;MUY ALTA;6261;3;SI;EXCELENTE;9;3;MALO;miércoles, 7 de enero de 2015;7;7;1;7
218;300;sábado, 18 de diciembre de 1993;NO;VIAJA RARAMENTE;INVESTIGACIOÓN Y DESARROLLO;1;LICENCIATURA;TITULO TECNICO;ALTA;CIENTIFICO DE INVESTIGACION;ALTA;2058;0;SI;EXCELENTE;7;1;BUENO;miércoles, 24 de febrero de 2016;6;2;1;5
422;565;jueves, 22 de julio de 1993;NO;VIAJA RARAMENTE;INVESTIGACIOÓN Y DESARROLLO;25;DOCTORADO;TITULO TECNICO;MEDIA;CIENTIFICO DE INVESTIGACION;MEDIA;2546;5;SI;EXCELENTE;6;2;EXCELENTE;jueves, 4 de junio de 2020;2;2;1;1
437;584;domingo, 14 de mayo de 1989;NO;VIAJA RARAMENTE;INVESTIGACIOÓN Y DESARROLLO;10;POR DEBAJO DE LA UNIVERSIDAD;MEDICO;BAJA;TECNICO DE LABORATORIO;MUY ALTA;3408;7;SI;EXCELENTE;8;2;MUY BUENO;sábado, 3 de noviembre de 2018;4;3;1;3
475;639;domingo, 14 de junio de 1998;NO;VIAJA RARAMENTE;INVESTIGACIOÓN Y DESARROLLO;23;LICENCIATURA;MEDICO;MUY ALTA;CIENTIFICO DE INVESTIGACION;MUY ALTA;2725;1;NO;EXCELENTE;6;3;MUY BUENO;jueves, 31 de marzo de 2016;6;5;1;4
514;701;domingo, 8 de diciembre de 2002;NO;VIAJA RARAMENTE;INVESTIGACIOÓN Y DESARROLLO;10;POR DEBAJO DE LA UNIVERSIDAD;MEDICO;ALTA;CIENTIFICO DE INVESTIGACION;ALTA;1009;1;NO;EXCELENTE;1;5;MUY BUENO;martes, 27 de abril de 2021;1;0;1;1
569;787;jueves, 2 de febrero de 1967;NO;VIAJA RARAMENTE;INVESTIGACIOÓN Y DESARROLLO;2;LICENCIATURA;MEDICO;ALTA;GERENTE INVESTIGACION Y DESARROLLO;BAJA;19859;5;NO;EXCELENTE;24;2;MUY BUENO;jueves, 5 de enero de 2017;5;2;1;4
576;799;viernes, 5 de abril de 1968;NO;VIAJA RARAMENTE;INVESTIGACIOÓN Y DESARROLLO;19;MAESTRIA;MEDICO;ALTA;DIRECTOR DE MANUFACTURA;BAJA;5485;9;NO;EXCELENTE;9;4;MUY BUENO;miércoles, 30 de agosto de 2017;5;3;1;4
621;856;domingo, 24 de mayo de 1987;NO;VIAJA RARAMENTE;INVESTIGACIOÓN Y DESARROLLO;27;POR DEBAJO DE LA UNIVERSIDAD;MEDICO;MEDIA;CIENTIFICO DE INVESTIGACION;BAJA;2559;1;SI;EXCELENTE;6;3;BUENO;lunes, 28 de marzo de 2016;6;5;1;1
668;927;sábado, 31 de octubre de 1981;NO;VIAJA RARAMENTE;INVESTIGACIOÓN Y DESARROLLO;2;MAESTRIA;CIENCIAS DE LA VIDA;BAJA;TECNICO DE LABORATORIO;MUY ALTA;2778;4;NO;EXCELENTE;10;1;BUENO;lunes, 9 de marzo de 2015;7;7;1;0
778;1079;lunes, 1 de enero de 2001;NO;VIAJA RARAMENTE;INVESTIGACIOÓN Y DESARROLLO;10;LICENCIATURA;CIENCIAS DE LA VIDA;MEDIA;TECNICO DE LABORATORIO;BAJA;1416;1;SI;EXCELENTE;1;6;BUENO;domingo, 7 de marzo de 2021;1;0;1;0
833;1161;domingo, 26 de mayo de 1985;NO;VIAJA RARAMENTE;INVESTIGACIOÓN Y DESARROLLO;25;UNIVERSITARIO;MEDICO;MEDIA;REPRESENTANTE DE ATENCION MEDICA;MUY ALTA;5731;7;SI;EXCELENTE;9;2;MUY BUENO;jueves, 24 de marzo de 2016;6;2;1;3
940;1309;lunes, 3 de diciembre de 1990;NO;VIAJA RARAMENTE;INVESTIGACIOÓN Y DESARROLLO;7;UNIVERSITARIO;CIENCIAS DE LA VIDA;ALTA;TECNICO DE LABORATORIO;ALTA;4883;1;SI;EXCELENTE;10;3;MUY BUENO;miércoles, 3 de octubre de 2012;10;4;1;1
1084;1534;miércoles, 9 de junio de 1982;NO;VIAJA RARAMENTE;INVESTIGACIOÓN Y DESARROLLO;9;MAESTRIA;CIENCIAS DE LA VIDA;ALTA;TECNICO DE LABORATORIO;BAJA;2018;3;SI;EXCELENTE;15;3;MALO;viernes, 15 de septiembre de 2017;5;4;1;0
1112;1572;lunes, 28 de abril de 1969;NO;VIAJA RARAMENTE;INVESTIGACIOÓN Y DESARROLLO;2;DOCTORADO;TITULO TECNICO;MEDIA;DIRECTOR DE MANUFACTURA;MUY ALTA;10169;0;SI;EXCELENTE;34;4;MUY BUENO;martes, 12 de septiembre de 1989;33;7;1;9
1113;1573;jueves, 27 de septiembre de 1984;NO;VIAJA RARAMENTE;INVESTIGACIOÓN Y DESARROLLO;2;LICENCIATURA;MEDICO;ALTA;DIRECTOR DE MANUFACTURA;MEDIA;4855;4;SI;EXCELENTE;7;2;MUY BUENO;viernes, 3 de marzo de 2017;5;2;1;4
1151;1621;miércoles, 22 de abril de 1987;NO;VIAJA RARAMENTE;INVESTIGACIOÓN Y DESARROLLO;18;DOCTORADO;CIENCIAS DE LA VIDA;MUY ALTA;CIENTIFICO DE INVESTIGACION;BAJA;5208;1;SI;EXCELENTE;16;2;MUY BUENO;miércoles, 10 de mayo de 2006;16;15;1;10
1260;1763;sábado, 15 de febrero de 1992;NO;VIAJA RARAMENTE;INVESTIGACIOÓN Y DESARROLLO;16;LICENCIATURA;CIENCIAS DE LA VIDA;MUY ALTA;REPRESENTANTE DE ATENCION MEDICA;ALTA;5294;3;SI;EXCELENTE;10;3;MUY BUENO;sábado, 21 de noviembre de 2015;7;0;1;7
1325;1859;jueves, 3 de junio de 1993;NO;VIAJA RARAMENTE;INVESTIGACIOÓN Y DESARROLLO;29;POR DEBAJO DE LA UNIVERSIDAD;CIENCIAS DE LA VIDA;BAJA;REPRESENTANTE DE ATENCION MEDICA;ALTA;6384;8;SI;EXCELENTE;11;3;MUY BUENO;viernes, 3 de abril de 2015;7;0;1;6
1355;1907;martes, 31 de mayo de 1966;NO;VIAJA RARAMENTE;INVESTIGACIOÓN Y DESARROLLO;24;UNIVERSITARIO;CIENCIAS DE LA VIDA;ALTA;TECNICO DE LABORATORIO;MUY ALTA;2587;1;SI;EXCELENTE;5;3;MUY BUENO;martes, 6 de noviembre de 2018;4;2;1;0
32;40;martes, 18 de abril de 1978;SI;VIAJA RARAMENTE;INVESTIGACIOÓN Y DESARROLLO;10;MAESTRIA;OTRO;ALTA;REPRESENTANTE DE ATENCION MEDICA;MUY ALTA;6465;2;NO;EXCELENTE;9;5;EXCELENTE;jueves, 31 de mayo de 2018;4;2;1;3
33;41;viernes, 6 de marzo de 1992;SI;VIAJA RARAMENTE;INVESTIGACIOÓN Y DESARROLLO;9;UNIVERSITARIO;MEDICO;MEDIA;TECNICO DE LABORATORIO;ALTA;2206;1;SI;EXCELENTE;10;5;MUY BUENO;jueves, 10 de mayo de 2012;10;0;1;8
36;46;sábado, 3 de noviembre de 1979;SI;VIAJA RARAMENTE;INVESTIGACIOÓN Y DESARROLLO;2;UNIVERSITARIO;MEDICO;MUY ALTA;CIENTIFICO DE INVESTIGACION;ALTA;2645;1;SI;EXCELENTE;6;3;BUENO;miércoles, 20 de diciembre de 2017;5;3;1;4
73;95;martes, 2 de abril de 1991;SI;VIAJA RARAMENTE;INVESTIGACIOÓN Y DESARROLLO;1;MAESTRIA;MEDICO;ALTA;CIENTIFICO DE INVESTIGACION;MEDIA;2501;1;SI;EXCELENTE;1;4;MUY BUENO;jueves, 16 de septiembre de 2021;1;1;1;0
85;110;lunes, 26 de septiembre de 1988;SI;VIAJA RARAMENTE;INVESTIGACIOÓN Y DESARROLLO;1;UNIVERSITARIO;MEDICO;ALTA;DIRECTOR DE MANUFACTURA;MEDIA;4325;1;SI;EXCELENTE;5;2;MUY BUENO;domingo, 5 de marzo de 2017;5;2;1;3
167;227;miércoles, 18 de noviembre de 1981;SI;VIAJA RARAMENTE;INVESTIGACIOÓN Y DESARROLLO;14;LICENCIATURA;CIENCIAS DE LA VIDA;ALTA;CIENTIFICO DE INVESTIGACION;ALTA;2451;4;SI;EXCELENTE;13;2;MUY BUENO;sábado, 16 de febrero de 2013;9;8;1;8
171;233;jueves, 20 de julio de 1995;SI;VIAJA RARAMENTE;INVESTIGACIOÓN Y DESARROLLO;17;LICENCIATURA;TITULO TECNICO;ALTA;CIENTIFICO DE INVESTIGACION;MEDIA;3058;0;NO;EXCELENTE;6;3;BUENO;martes, 19 de diciembre de 2017;5;2;1;1
185;250;lunes, 22 de septiembre de 1969;SI;VIAJA RARAMENTE;INVESTIGACIOÓN Y DESARROLLO;13;UNIVERSITARIO;MEDICO;MUY ALTA;DIRECTOR DE MANUFACTURA;BAJA;4450;1;SI;EXCELENTE;5;3;MUY BUENO;miércoles, 17 de enero de 2018;4;2;1;3
186;252;miércoles, 9 de agosto de 1989;SI;VIAJA RARAMENTE;INVESTIGACIOÓN Y DESARROLLO;14;LICENCIATURA;MEDICO;ALTA;CIENTIFICO DE INVESTIGACION;MEDIA;2756;1;SI;EXCELENTE;8;5;MUY BUENO;sábado, 22 de marzo de 2014;8;7;1;6
190;258;martes, 15 de junio de 1971;SI;VIAJA RARAMENTE;INVESTIGACIOÓN Y DESARROLLO;3;LICENCIATURA;MEDICO;ALTA;REPRESENTANTE DE ATENCION MEDICA;MEDIA;13734;3;SI;EXCELENTE;21;6;MUY BUENO;jueves, 26 de febrero de 2015;7;7;1;0
245;336;miércoles, 11 de mayo de 1977;SI;VIAJA RARAMENTE;INVESTIGACIOÓN Y DESARROLLO;1;LICENCIATURA;OTRO;MUY ALTA;GERENTE INVESTIGACION Y DESARROLLO;MUY ALTA;19202;0;SI;EXCELENTE;25;2;MUY BUENO;domingo, 26 de julio de 1998;24;0;1;7
253;346;lunes, 20 de septiembre de 1993;SI;VIAJA RARAMENTE;INVESTIGACIOÓN Y DESARROLLO;15;LICENCIATURA;CIENCIAS DE LA VIDA;ALTA;CIENTIFICO DE INVESTIGACION;MUY ALTA;2340;1;SI;EXCELENTE;6;1;MUY BUENO;viernes, 26 de febrero de 2016;6;5;1;5
275;379;miércoles, 28 de marzo de 2001;SI;VIAJA RARAMENTE;INVESTIGACIOÓN Y DESARROLLO;3;UNIVERSITARIO;MEDICO;MEDIA;CIENTIFICO DE INVESTIGACION;ALTA;3230;1;SI;EXCELENTE;3;4;EXCELENTE;sábado, 14 de diciembre de 2019;3;2;1;0
280;385;lunes, 6 de marzo de 1972;SI;VIAJA RARAMENTE;INVESTIGACIOÓN Y DESARROLLO;4;POR DEBAJO DE LA UNIVERSIDAD;CIENCIAS DE LA VIDA;ALTA;DIRECTOR INVESTIGACION Y DESARROLLO;MEDIA;19144;3;SI;EXCELENTE;28;4;BUENO;miércoles, 3 de octubre de 2012;10;4;1;6
281;386;jueves, 20 de febrero de 1969;SI;VIAJA RARAMENTE;INVESTIGACIOÓN Y DESARROLLO;3;MAESTRIA;MEDICO;ALTA;DIRECTOR INVESTIGACION Y DESARROLLO;ALTA;17584;3;NO;EXCELENTE;21;5;BUENO;viernes, 24 de noviembre de 2017;5;3;1;3
325;441;jueves, 30 de julio de 1992;SI;VIAJA RARAMENTE;INVESTIGACIOÓN Y DESARROLLO;28;UNIVERSITARIO;MEDICO;ALTA;CIENTIFICO DE INVESTIGACION;MUY ALTA;5775;1;SI;EXCELENTE;11;2;MUY BUENO;martes, 11 de septiembre de 2012;10;8;1;9
330;447;domingo, 4 de mayo de 1975;SI;VIAJA RARAMENTE;INVESTIGACIOÓN Y DESARROLLO;5;DOCTORADO;CIENCIAS DE LA VIDA;ALTA;DIRECTOR INVESTIGACION Y DESARROLLO;ALTA;18300;4;SI;EXCELENTE;21;2;MUY BUENO;domingo, 11 de agosto de 2019;3;2;1;1
362;483;lunes, 8 de febrero de 1982;SI;VIAJA RARAMENTE;INVESTIGACIOÓN Y DESARROLLO;10;MAESTRIA;CIENCIAS DE LA VIDA;MUY ALTA;TECNICO DE LABORATORIO;ALTA;2213;3;NO;EXCELENTE;10;3;MUY BUENO;lunes, 9 de marzo de 2015;7;7;1;7
368;491;jueves, 10 de agosto de 1972;SI;VIAJA RARAMENTE;INVESTIGACIOÓN Y DESARROLLO;10;LICENCIATURA;TITULO TECNICO;MEDIA;REPRESENTANTE DE ATENCION MEDICA;MUY ALTA;10496;6;SI;EXCELENTE;20;2;MUY BUENO;viernes, 18 de mayo de 2018;4;3;1;3
405;536;martes, 2 de agosto de 1994;SI;VIAJA RARAMENTE;INVESTIGACIOÓN Y DESARROLLO;17;UNIVERSITARIO;MEDICO;ALTA;TECNICO DE LABORATORIO;BAJA;4558;1;SI;EXCELENTE;10;2;MUY BUENO;viernes, 11 de mayo de 2012;10;0;1;8
409;546;martes, 27 de octubre de 1970;SI;VIAJA RARAMENTE;INVESTIGACIOÓN Y DESARROLLO;4;UNIVERSITARIO;CIENCIAS DE LA VIDA;ALTA;GERENTE INVESTIGACION Y DESARROLLO;MUY ALTA;16555;2;SI;EXCELENTE;31;2;MALO;sábado, 4 de noviembre de 2017;5;2;1;4
482;649;domingo, 13 de marzo de 1988;SI;VIAJA RARAMENTE;INVESTIGACIOÓN Y DESARROLLO;1;UNIVERSITARIO;CIENCIAS DE LA VIDA;MEDIA;CIENTIFICO DE INVESTIGACION;MUY ALTA;3622;1;NO;EXCELENTE;6;3;MUY BUENO;miércoles, 30 de marzo de 2016;6;5;1;3
513;700;sábado, 6 de mayo de 1995;SI;VIAJA RARAMENTE;INVESTIGACIOÓN Y DESARROLLO;3;MAESTRIA;MEDICO;MEDIA;CIENTIFICO DE INVESTIGACION;MUY ALTA;2045;0;SI;EXCELENTE;5;0;MUY BUENO;martes, 6 de noviembre de 2018;4;2;1;1
530;724;jueves, 26 de julio de 1984;SI;VIAJA RARAMENTE;INVESTIGACIOÓN Y DESARROLLO;1;MAESTRIA;CIENCIAS DE LA VIDA;MUY ALTA;REPRESENTANTE DE ATENCION MEDICA;MUY ALTA;7625;0;SI;EXCELENTE;10;4;BUENO;jueves, 31 de octubre de 2013;9;7;1;8
535;730;lunes, 23 de junio de 1969;SI;VIAJA RARAMENTE;INVESTIGACIOÓN Y DESARROLLO;7;LICENCIATURA;CIENCIAS DE LA VIDA;MUY ALTA;DIRECTOR INVESTIGACION Y DESARROLLO;ALTA;14814;3;SI;EXCELENTE;32;3;MUY BUENO;viernes, 12 de mayo de 2017;5;1;1;3
553;762;viernes, 27 de mayo de 1966;SI;VIAJA RARAMENTE;INVESTIGACIOÓN Y DESARROLLO;9;LICENCIATURA;MEDICO;ALTA;REPRESENTANTE DE ATENCION MEDICA;MUY ALTA;11103;7;SI;EXCELENTE;30;1;BUENO;domingo, 11 de marzo de 2012;10;7;1;1
573;793;jueves, 15 de abril de 1993;SI;VIAJA RARAMENTE;INVESTIGACIOÓN Y DESARROLLO;27;LICENCIATURA;MEDICO;ALTA;REPRESENTANTE DE ATENCION MEDICA;ALTA;4335;4;SI;EXCELENTE;11;3;BUENO;jueves, 20 de marzo de 2014;8;7;1;1
575;797;viernes, 14 de octubre de 1988;SI;VIAJA RARAMENTE;INVESTIGACIOÓN Y DESARROLLO;1;MAESTRIA;CIENCIAS DE LA VIDA;MUY ALTA;CIENTIFICO DE INVESTIGACION;MUY ALTA;3280;2;SI;EXCELENTE;10;2;MUY BUENO;jueves, 21 de junio de 2018;4;2;1;3
580;804;miércoles, 17 de febrero de 1988;SI;VIAJA RARAMENTE;INVESTIGACIOÓN Y DESARROLLO;2;MAESTRIA;MEDICO;MEDIA;CIENTIFICO DE INVESTIGACION;BAJA;4381;1;SI;EXCELENTE;6;3;MUY BUENO;martes, 29 de marzo de 2016;6;5;1;3
627;865;lunes, 21 de mayo de 1990;SI;VIAJA RARAMENTE;INVESTIGACIOÓN Y DESARROLLO;8;UNIVERSITARIO;MEDICO;MUY ALTA;CIENTIFICO DE INVESTIGACION;ALTA;5175;5;SI;EXCELENTE;9;3;BUENO;viernes, 1 de diciembre de 2017;5;3;1;3
644;894;jueves, 18 de diciembre de 1980;SI;VIAJA RARAMENTE;INVESTIGACIOÓN Y DESARROLLO;3;LICENCIATURA;CIENCIAS DE LA VIDA;MUY ALTA;TECNICO DE LABORATORIO;MUY ALTA;5231;2;NO;EXCELENTE;17;1;BUENO;sábado, 6 de mayo de 2017;5;3;1;3
672;934;martes, 23 de agosto de 1988;SI;VIAJA RARAMENTE;INVESTIGACIOÓN Y DESARROLLO;10;LICENCIATURA;CIENCIAS DE LA VIDA;ALTA;TECNICO DE LABORATORIO;MEDIA;2008;1;SI;EXCELENTE;1;3;MUY BUENO;miércoles, 1 de septiembre de 2021;1;0;1;0
678;944;domingo, 13 de mayo de 1973;SI;VIAJA RARAMENTE;INVESTIGACIOÓN Y DESARROLLO;8;UNIVERSITARIO;OTRO;ALTA;TECNICO DE LABORATORIO;MEDIA;7403;4;SI;EXCELENTE;29;3;BUENO;miércoles, 7 de febrero de 1996;26;9;1;7
695;969;sábado, 8 de abril de 1989;SI;VIAJA RARAMENTE;INVESTIGACIOÓN Y DESARROLLO;1;LICENCIATURA;CIENCIAS DE LA VIDA;MEDIA;REPRESENTANTE DE ATENCION MEDICA;MUY ALTA;6949;0;SI;EXCELENTE;6;3;MUY BUENO;viernes, 21 de julio de 2017;5;0;1;4
722;1005;viernes, 6 de octubre de 1972;SI;VIAJA RARAMENTE;INVESTIGACIOÓN Y DESARROLLO;24;LICENCIATURA;CIENCIAS DE LA VIDA;ALTA;DIRECTOR DE MANUFACTURA;ALTA;13973;3;NO;EXCELENTE;22;2;MUY BUENO;sábado, 10 de abril de 2010;12;11;1;5
731;1015;martes, 12 de mayo de 1992;SI;VIAJA RARAMENTE;INVESTIGACIOÓN Y DESARROLLO;8;UNIVERSITARIO;CIENCIAS DE LA VIDA;MUY ALTA;DIRECTOR INVESTIGACION Y DESARROLLO;BAJA;11416;0;NO;EXCELENTE;9;4;BUENO;jueves, 28 de agosto de 2014;8;7;1;7
734;1018;jueves, 3 de octubre de 1996;SI;VIAJA RARAMENTE;INVESTIGACIOÓN Y DESARROLLO;2;UNIVERSITARIO;MEDICO;MUY ALTA;DIRECTOR DE MANUFACTURA;MUY ALTA;5472;1;SI;EXCELENTE;8;2;MUY BUENO;miércoles, 21 de mayo de 2014;8;7;1;3
735;1019;viernes, 10 de marzo de 2000;SI;VIAJA RARAMENTE;INVESTIGACIOÓN Y DESARROLLO;8;POR DEBAJO DE LA UNIVERSIDAD;CIENCIAS DE LA VIDA;BAJA;TECNICO DE LABORATORIO;BAJA;2451;1;SI;EXCELENTE;4;3;BUENO;lunes, 26 de marzo de 2018;4;3;1;1
782;1083;lunes, 11 de marzo de 1996;SI;VIAJA RARAMENTE;INVESTIGACIOÓN Y DESARROLLO;1;UNIVERSITARIO;MEDICO;MEDIA;TECNICO DE LABORATORIO;BAJA;3955;1;SI;EXCELENTE;6;2;MUY BUENO;viernes, 5 de mayo de 2017;5;3;1;3
785;1088;viernes, 18 de mayo de 1984;SI;VIAJA RARAMENTE;INVESTIGACIOÓN Y DESARROLLO;17;POR DEBAJO DE LA UNIVERSIDAD;CIENCIAS DE LA VIDA;MEDIA;REPRESENTANTE DE ATENCION MEDICA;ALTA;8823;0;SI;EXCELENTE;20;4;BUENO;jueves, 2 de octubre de 2003;19;9;1;9
789;1097;martes, 2 de agosto de 1994;SI;VIAJA RARAMENTE;INVESTIGACIOÓN Y DESARROLLO;10;LICENCIATURA;OTRO;ALTA;CIENTIFICO DE INVESTIGACION;ALTA;3660;3;SI;EXCELENTE;10;4;EXCELENTE;domingo, 18 de mayo de 2014;8;7;1;7
810;1121;domingo, 7 de agosto de 1994;SI;VIAJA RARAMENTE;INVESTIGACIOÓN Y DESARROLLO;3;LICENCIATURA;MEDICO;ALTA;DIRECTOR DE MANUFACTURA;MEDIA;7655;0;SI;EXCELENTE;10;3;BUENO;lunes, 1 de julio de 2013;9;7;1;7
841;1172;jueves, 10 de diciembre de 1987;SI;VIAJA RARAMENTE;INVESTIGACIOÓN Y DESARROLLO;1;MAESTRIA;MEDICO;MEDIA;TECNICO DE LABORATORIO;ALTA;2258;6;SI;EXCELENTE;10;2;MUY BUENO;miércoles, 8 de enero de 2014;8;0;1;7
860;1202;sábado, 6 de noviembre de 1993;SI;VIAJA RARAMENTE;INVESTIGACIOÓN Y DESARROLLO;15;POR DEBAJO DE LA UNIVERSIDAD;CIENCIAS DE LA VIDA;BAJA;CIENTIFICO DE INVESTIGACION;MUY ALTA;2168;0;NO;EXCELENTE;6;2;BUENO;sábado, 4 de febrero de 2017;5;4;1;3
874;1221;miércoles, 8 de octubre de 1986;SI;VIAJA RARAMENTE;INVESTIGACIOÓN Y DESARROLLO;6;MAESTRIA;CIENCIAS DE LA VIDA;BAJA;TECNICO DE LABORATORIO;ALTA;2741;1;SI;EXCELENTE;7;4;MUY BUENO;sábado, 25 de julio de 2015;7;7;1;7
878;1228;jueves, 6 de mayo de 1976;SI;VIAJA RARAMENTE;INVESTIGACIOÓN Y DESARROLLO;2;MAESTRIA;TITULO TECNICO;ALTA;DIRECTOR DE MANUFACTURA;MUY ALTA;7379;2;SI;EXCELENTE;12;3;BUENO;viernes, 22 de julio de 2016;6;3;1;4
897;1252;domingo, 24 de noviembre de 1991;SI;VIAJA RARAMENTE;INVESTIGACIOÓN Y DESARROLLO;24;LICENCIATURA;MEDICO;MEDIA;REPRESENTANTE DE ATENCION MEDICA;BAJA;6812;1;SI;EXCELENTE;10;2;MUY BUENO;miércoles, 14 de marzo de 2012;10;9;1;8
904;1260;miércoles, 14 de abril de 1993;SI;VIAJA RARAMENTE;INVESTIGACIOÓN Y DESARROLLO;7;LICENCIATURA;CIENCIAS DE LA VIDA;ALTA;REPRESENTANTE DE ATENCION MEDICA;MUY ALTA;6623;1;NO;EXCELENTE;6;2;MUY BUENO;miércoles, 23 de marzo de 2016;6;0;1;0
906;1264;lunes, 27 de septiembre de 1993;SI;VIAJA RARAMENTE;INVESTIGACIOÓN Y DESARROLLO;1;LICENCIATURA;CIENCIAS DE LA VIDA;MEDIA;DIRECTOR INVESTIGACION Y DESARROLLO;MUY ALTA;16124;3;SI;EXCELENTE;9;2;BUENO;martes, 10 de noviembre de 2015;7;7;1;7
943;1312;viernes, 25 de julio de 1986;SI;VIAJA RARAMENTE;INVESTIGACIOÓN Y DESARROLLO;10;MAESTRIA;TITULO TECNICO;ALTA;REPRESENTANTE DE ATENCION MEDICA;ALTA;7094;3;SI;EXCELENTE;10;0;MUY BUENO;miércoles, 25 de febrero de 2015;7;7;1;7
950;1322;miércoles, 23 de febrero de 1983;SI;VIAJA RARAMENTE;INVESTIGACIOÓN Y DESARROLLO;18;UNIVERSITARIO;CIENCIAS DE LA VIDA;ALTA;DIRECTOR DE MANUFACTURA;ALTA;4534;0;SI;EXCELENTE;9;6;MUY BUENO;lunes, 13 de enero de 2014;8;7;1;7
959;1344;domingo, 9 de octubre de 1988;SI;VIAJA RARAMENTE;INVESTIGACIOÓN Y DESARROLLO;9;LICENCIATURA;CIENCIAS DE LA VIDA;ALTA;REPRESENTANTE DE ATENCION MEDICA;MUY ALTA;8500;0;SI;EXCELENTE;10;0;BUENO;miércoles, 6 de febrero de 2013;9;7;1;6
990;1394;viernes, 22 de noviembre de 1985;SI;VIAJA RARAMENTE;INVESTIGACIOÓN Y DESARROLLO;4;POR DEBAJO DE LA UNIVERSIDAD;CIENCIAS DE LA VIDA;ALTA;CIENTIFICO DE INVESTIGACION;ALTA;2996;7;NO;EXCELENTE;8;2;MUY BUENO;miércoles, 2 de noviembre de 2016;6;4;1;3
996;1402;jueves, 19 de julio de 1979;SI;VIAJA RARAMENTE;INVESTIGACIOÓN Y DESARROLLO;6;LICENCIATURA;MEDICO;MEDIA;CIENTIFICO DE INVESTIGACION;ALTA;4081;1;NO;EXCELENTE;20;3;MALO;viernes, 22 de marzo de 2002;20;7;1;8
999;1407;miércoles, 3 de enero de 1996;SI;VIAJA RARAMENTE;INVESTIGACIOÓN Y DESARROLLO;2;POR DEBAJO DE LA UNIVERSIDAD;MEDICO;MEDIA;CIENTIFICO DE INVESTIGACION;MUY ALTA;3904;0;SI;EXCELENTE;5;2;MUY BUENO;martes, 11 de diciembre de 2018;4;3;1;1
1015;1430;sábado, 11 de mayo de 1991;SI;VIAJA RARAMENTE;INVESTIGACIOÓN Y DESARROLLO;8;DOCTORADO;CIENCIAS DE LA VIDA;ALTA;DIRECTOR INVESTIGACION Y DESARROLLO;MEDIA;16422;3;SI;EXCELENTE;9;3;EXCELENTE;viernes, 8 de marzo de 2019;3;2;1;0
1018;1434;martes, 5 de diciembre de 1995;SI;VIAJA RARAMENTE;INVESTIGACIOÓN Y DESARROLLO;11;POR DEBAJO DE LA UNIVERSIDAD;CIENCIAS DE LA VIDA;ALTA;TECNICO DE LABORATORIO;BAJA;2099;0;SI;EXCELENTE;6;3;EXCELENTE;jueves, 4 de mayo de 2017;5;0;1;4
1019;1435;lunes, 20 de enero de 1986;SI;VIAJA RARAMENTE;INVESTIGACIOÓN Y DESARROLLO;4;MAESTRIA;CIENCIAS DE LA VIDA;MEDIA;TECNICO DE LABORATORIO;MUY ALTA;5810;1;SI;EXCELENTE;10;2;BUENO;viernes, 7 de septiembre de 2012;10;4;1;8
1047;1475;lunes, 6 de febrero de 1978;SI;VIAJA RARAMENTE;INVESTIGACIOÓN Y DESARROLLO;20;LICENCIATURA;CIENCIAS DE LA VIDA;ALTA;CIENTIFICO DE INVESTIGACION;MEDIA;3420;1;SI;EXCELENTE;6;3;BUENO;viernes, 17 de febrero de 2017;5;2;1;3
1074;1514;viernes, 12 de agosto de 1994;SI;VIAJA RARAMENTE;INVESTIGACIOÓN Y DESARROLLO;29;POR DEBAJO DE LA UNIVERSIDAD;CIENCIAS DE LA VIDA;BAJA;DIRECTOR DE MANUFACTURA;MEDIA;6549;1;SI;EXCELENTE;8;2;BUENO;jueves, 25 de septiembre de 2014;8;6;1;7
1123;1586;sábado, 26 de junio de 1993;SI;VIAJA RARAMENTE;INVESTIGACIOÓN Y DESARROLLO;3;POR DEBAJO DE LA UNIVERSIDAD;MEDICO;ALTA;TECNICO DE LABORATORIO;BAJA;4723;1;NO;EXCELENTE;10;3;MUY BUENO;miércoles, 3 de octubre de 2012;10;9;1;5
1141;1608;martes, 20 de junio de 1978;SI;VIAJA RARAMENTE;INVESTIGACIOÓN Y DESARROLLO;7;LICENCIATURA;MEDICO;ALTA;DIRECTOR INVESTIGACION Y DESARROLLO;MUY ALTA;19049;0;NO;EXCELENTE;23;4;BUENO;domingo, 26 de noviembre de 2000;22;7;1;10
1142;1609;lunes, 29 de junio de 1992;SI;VIAJA RARAMENTE;INVESTIGACIOÓN Y DESARROLLO;7;LICENCIATURA;MEDICO;MEDIA;CIENTIFICO DE INVESTIGACION;MEDIA;2141;1;SI;EXCELENTE;6;3;BUENO;viernes, 4 de noviembre de 2016;6;4;1;1
1143;1611;domingo, 3 de abril de 1977;SI;VIAJA RARAMENTE;INVESTIGACIOÓN Y DESARROLLO;5;DOCTORADO;MEDICO;BAJA;TECNICO DE LABORATORIO;BAJA;5769;1;NO;EXCELENTE;10;3;MUY BUENO;viernes, 5 de octubre de 2012;10;7;1;4
1146;1614;miércoles, 1 de enero de 1986;SI;VIAJA RARAMENTE;INVESTIGACIOÓN Y DESARROLLO;12;MAESTRIA;CIENCIAS DE LA VIDA;ALTA;DIRECTOR DE MANUFACTURA;ALTA;4663;9;NO;EXCELENTE;7;2;MUY BUENO;jueves, 14 de marzo de 2019;3;2;1;1
1148;1617;domingo, 18 de febrero de 1973;SI;VIAJA RARAMENTE;INVESTIGACIOÓN Y DESARROLLO;25;MAESTRIA;CIENCIAS DE LA VIDA;ALTA;TECNICO DE LABORATORIO;BAJA;3211;1;SI;EXCELENTE;10;3;BUENO;martes, 17 de septiembre de 2013;9;6;1;4
1178;1656;jueves, 21 de diciembre de 1972;SI;VIAJA RARAMENTE;INVESTIGACIOÓN Y DESARROLLO;17;DOCTORADO;CIENCIAS DE LA VIDA;MEDIA;DIRECTOR INVESTIGACION Y DESARROLLO;BAJA;13269;5;SI;EXCELENTE;19;3;MUY BUENO;jueves, 24 de abril de 2008;14;11;1;11
1181;1659;lunes, 20 de octubre de 1986;SI;VIAJA RARAMENTE;INVESTIGACIOÓN Y DESARROLLO;7;LICENCIATURA;CIENCIAS DE LA VIDA;ALTA;TECNICO DE LABORATORIO;MEDIA;2013;2;SI;EXCELENTE;15;4;MUY BUENO;lunes, 19 de marzo de 2018;4;3;1;3
1191;1671;lunes, 8 de enero de 1990;SI;VIAJA RARAMENTE;INVESTIGACIOÓN Y DESARROLLO;2;LICENCIATURA;MEDICO;ALTA;CIENTIFICO DE INVESTIGACION;MEDIA;5470;0;SI;EXCELENTE;10;4;BUENO;miércoles, 30 de enero de 2013;9;5;1;6
1249;1751;miércoles, 1 de marzo de 1995;SI;VIAJA RARAMENTE;INVESTIGACIOÓN Y DESARROLLO;8;LICENCIATURA;MEDICO;ALTA;CIENTIFICO DE INVESTIGACION;MUY ALTA;3445;1;SI;EXCELENTE;6;5;BUENO;viernes, 4 de noviembre de 2016;6;2;1;4
1262;1766;jueves, 5 de enero de 1984;SI;VIAJA RARAMENTE;INVESTIGACIOÓN Y DESARROLLO;18;LICENCIATURA;MEDICO;BAJA;REPRESENTANTE DE ATENCION MEDICA;MUY ALTA;5811;3;NO;EXCELENTE;15;2;MUY BUENO;lunes, 27 de diciembre de 2021;1;0;1;0
1306;1830;domingo, 3 de noviembre de 1968;SI;VIAJA RARAMENTE;INVESTIGACIOÓN Y DESARROLLO;7;MAESTRIA;MEDICO;ALTA;CIENTIFICO DE INVESTIGACION;MUY ALTA;6854;4;SI;EXCELENTE;14;2;BUENO;sábado, 7 de marzo de 2015;7;1;1;7
1350;1893;domingo, 27 de octubre de 1996;SI;VIAJA RARAMENTE;INVESTIGACIOÓN Y DESARROLLO;1;UNIVERSITARIO;CIENCIAS DE LA VIDA;MEDIA;CIENTIFICO DE INVESTIGACION;ALTA;2933;1;NO;EXCELENTE;1;3;BUENO;domingo, 25 de abril de 2021;1;0;1;0
1407;1980;martes, 8 de octubre de 1968;SI;VIAJA RARAMENTE;INVESTIGACIOÓN Y DESARROLLO;10;LICENCIATURA;MEDICO;ALTA;DIRECTOR DE MANUFACTURA;BAJA;4440;6;NO;EXCELENTE;9;3;MUY BUENO;sábado, 18 de noviembre de 2017;5;2;1;4
1409;1982;lunes, 30 de agosto de 1999;SI;VIAJA RARAMENTE;INVESTIGACIOÓN Y DESARROLLO;12;UNIVERSITARIO;OTRO;ALTA;TECNICO DE LABORATORIO;MUY ALTA;2647;1;SI;EXCELENTE;5;6;EXCELENTE;viernes, 15 de septiembre de 2017;5;2;1;4
1413;1989;domingo, 26 de abril de 1992;SI;VIAJA RARAMENTE;INVESTIGACIOÓN Y DESARROLLO;1;UNIVERSITARIO;MEDICO;ALTA;TECNICO DE LABORATORIO;MEDIA;3748;1;SI;EXCELENTE;12;6;BUENO;viernes, 20 de agosto de 2010;12;8;1;7
1430;2014;jueves, 5 de mayo de 1983;SI;VIAJA RARAMENTE;INVESTIGACIOÓN Y DESARROLLO;24;POR DEBAJO DE LA UNIVERSIDAD;CIENCIAS DE LA VIDA;ALTA;CIENTIFICO DE INVESTIGACION;MUY ALTA;4108;7;SI;EXCELENTE;18;2;MUY BUENO;domingo, 8 de marzo de 2015;7;7;1;7
1431;2015;viernes, 25 de mayo de 1984;SI;VIAJA RARAMENTE;INVESTIGACIOÓN Y DESARROLLO;10;LICENCIATURA;MEDICO;BAJA;DIRECTOR INVESTIGACION Y DESARROLLO;ALTA;13206;3;SI;EXCELENTE;20;3;MUY BUENO;domingo, 1 de agosto de 2004;18;16;1;11
1459;2052;lunes, 27 de julio de 1987;SI;VIAJA RARAMENTE;INVESTIGACIOÓN Y DESARROLLO;1;MAESTRIA;CIENCIAS DE LA VIDA;BAJA;CIENTIFICO DE INVESTIGACION;MUY ALTA;2977;1;SI;EXCELENTE;4;5;MUY BUENO;jueves, 8 de noviembre de 2018;4;3;1;1
1467;2062;viernes, 18 de marzo de 1983;SI;VIAJA RARAMENTE;INVESTIGACIOÓN Y DESARROLLO;6;POR DEBAJO DE LA UNIVERSIDAD;MEDICO;MEDIA;REPRESENTANTE DE ATENCION MEDICA;BAJA;9991;4;SI;EXCELENTE;9;5;MUY BUENO;viernes, 3 de abril de 2015;7;7;1;7
114;150;jueves, 8 de enero de 1998;SI;VIAJA RARAMENTE;INVESTIGACIOÓN Y DESARROLLO;18;POR DEBAJO DE LA UNIVERSIDAD;CIENCIAS DE LA VIDA;ALTA;TECNICO DE LABORATORIO;ALTA;2774;0;SI;EXCELENTE;6;2;MUY BUENO;miércoles, 22 de noviembre de 2017;5;3;1;2
147;198;lunes, 30 de noviembre de 1992;SI;VIAJA RARAMENTE;INVESTIGACIOÓN Y DESARROLLO;2;POR DEBAJO DE LA UNIVERSIDAD;MEDICO;MEDIA;TECNICO DE LABORATORIO;MUY ALTA;2720;0;SI;EXCELENTE;6;3;MUY BUENO;lunes, 18 de septiembre de 2017;5;3;1;2
160;216;jueves, 28 de julio de 1988;SI;VIAJA FRECUENTEMENTE;VENTAS;2;MAESTRIA;MARKETING;ALTA;REPRESENTATE DE VENTAS;ALTA;2231;6;SI;EXCELENTE;6;3;MUY BUENO;sábado, 4 de agosto de 2018;4;3;1;2
239;330;domingo, 22 de julio de 1990;SI;VIAJA RARAMENTE;VENTAS;4;UNIVERSITARIO;CIENCIAS DE LA VIDA;ALTA;REPRESENTATE DE VENTAS;MEDIA;3931;2;SI;EXCELENTE;6;5;MUY BUENO;miércoles, 21 de marzo de 2018;4;3;1;2
300;408;domingo, 21 de noviembre de 1971;SI;VIAJA RARAMENTE;INVESTIGACIOÓN Y DESARROLLO;2;LICENCIATURA;MEDICO;BAJA;DIRECTOR DE MANUFACTURA;MEDIA;5482;5;SI;EXCELENTE;13;3;MUY BUENO;lunes, 13 de agosto de 2018;4;1;1;2
309;422;sábado, 29 de agosto de 1964;SI;NO VIAJA;INVESTIGACIOÓN Y DESARROLLO;1;MAESTRIA;CIENCIAS DE LA VIDA;BAJA;REPRESENTANTE DE ATENCION MEDICA;ALTA;5660;2;NO;EXCELENTE;12;2;MUY BUENO;domingo, 8 de enero de 2017;5;3;1;2
319;434;martes, 26 de diciembre de 1995;SI;VIAJA RARAMENTE;INVESTIGACIOÓN Y DESARROLLO;5;LICENCIATURA;CIENCIAS DE LA VIDA;ALTA;CIENTIFICO DE INVESTIGACION;MEDIA;2478;1;NO;EXCELENTE;4;2;BUENO;martes, 5 de junio de 2018;4;3;1;2
339;456;jueves, 19 de marzo de 1992;SI;VIAJA RARAMENTE;VENTAS;5;LICENCIATURA;MARKETING;MEDIA;EJECUTIVO DE VENTAS;ALTA;6118;1;SI;EXCELENTE;10;2;MUY BUENO;domingo, 25 de noviembre de 2012;10;9;1;2
347;466;lunes, 14 de septiembre de 1981;SI;VIAJA RARAMENTE;INVESTIGACIOÓN Y DESARROLLO;6;LICENCIATURA;MEDICO;MEDIA;DIRECTOR DE MANUFACTURA;MEDIA;6032;6;NO;EXCELENTE;8;3;MUY BUENO;lunes, 16 de octubre de 2017;5;4;1;2
380;505;sábado, 22 de abril de 1967;SI;VIAJA RARAMENTE;INVESTIGACIOÓN Y DESARROLLO;2;LICENCIATURA;CIENCIAS DE LA VIDA;ALTA;GERENTE INVESTIGACION Y DESARROLLO;MUY ALTA;16659;2;NO;EXCELENTE;30;2;MUY BUENO;martes, 3 de octubre de 2017;5;4;1;2
384;511;jueves, 4 de mayo de 2000;SI;VIAJA RARAMENTE;INVESTIGACIOÓN Y DESARROLLO;11;LICENCIATURA;MEDICO;ALTA;CIENTIFICO DE INVESTIGACION;MEDIA;2244;1;SI;EXCELENTE;2;1;MUY BUENO;martes, 17 de marzo de 2020;2;1;1;2
465;623;domingo, 17 de febrero de 1985;SI;VIAJA RARAMENTE;INVESTIGACIOÓN Y DESARROLLO;1;LICENCIATURA;TITULO TECNICO;ALTA;DIRECTOR DE MANUFACTURA;MUY ALTA;7491;4;SI;EXCELENTE;12;3;EXCELENTE;martes, 9 de febrero de 2016;6;5;1;2
480;647;miércoles, 23 de diciembre de 1998;NO;VIAJA FRECUENTEMENTE;INVESTIGACIOÓN Y DESARROLLO;7;LICENCIATURA;CIENCIAS DE LA VIDA;ALTA;TECNICO DE LABORATORIO;ALTA;2886;1;NO;EXCELENTE;6;4;MUY BUENO;sábado, 2 de julio de 2016;6;3;1;2
483;650;viernes, 15 de noviembre de 1991;NO;VIAJA RARAMENTE;VENTAS;13;MAESTRIA;MEDICO;ALTA;EJECUTIVO DE VENTAS;BAJA;4233;2;SI;EXCELENTE;9;2;MALO;martes, 2 de abril de 2019;3;1;1;2
500;677;viernes, 3 de febrero de 1989;SI;VIAJA RARAMENTE;VENTAS;8;MAESTRIA;MARKETING;ALTA;EJECUTIVO DE VENTAS;ALTA;7104;0;SI;EXCELENTE;6;3;MUY BUENO;jueves, 23 de febrero de 2017;5;0;1;2
508;690;domingo, 27 de junio de 1993;SI;VIAJA RARAMENTE;VENTAS;3;UNIVERSITARIO;MEDICO;ALTA;EJECUTIVO DE VENTAS;ALTA;5561;1;SI;EXCELENTE;6;5;BUENO;martes, 2 de febrero de 2016;6;0;1;2
571;791;miércoles, 11 de marzo de 1970;SI;NO VIAJA;INVESTIGACIOÓN Y DESARROLLO;19;MAESTRIA;MEDICO;ALTA;CIENTIFICO DE INVESTIGACION;MUY ALTA;4258;0;SI;EXCELENTE;5;3;MUY BUENO;miércoles, 20 de junio de 2018;4;3;1;2
574;796;lunes, 21 de octubre de 1996;NO;VIAJA RARAMENTE;VENTAS;8;LICENCIATURA;TITULO TECNICO;MEDIA;EJECUTIVO DE VENTAS;BAJA;5326;6;SI;EXCELENTE;6;2;BUENO;viernes, 25 de mayo de 2018;4;3;1;2
606;837;viernes, 13 de abril de 1984;SI;VIAJA FRECUENTEMENTE;INVESTIGACIOÓN Y DESARROLLO;12;LICENCIATURA;CIENCIAS DE LA VIDA;MEDIA;REPRESENTANTE DE ATENCION MEDICA;BAJA;6288;2;SI;EXCELENTE;13;3;BUENO;lunes, 29 de enero de 2018;4;3;1;2
716;998;sábado, 28 de enero de 1989;SI;VIAJA FRECUENTEMENTE;INVESTIGACIOÓN Y DESARROLLO;1;MAESTRIA;OTRO;MUY ALTA;REPRESENTANTE DE ATENCION MEDICA;MEDIA;5488;1;NO;EXCELENTE;6;2;MUY BUENO;jueves, 24 de marzo de 2016;6;5;1;2
826;1150;viernes, 18 de junio de 1993;SI;VIAJA RARAMENTE;INVESTIGACIOÓN Y DESARROLLO;8;POR DEBAJO DE LA UNIVERSIDAD;MEDICO;MEDIA;DIRECTOR DE MANUFACTURA;MUY ALTA;5056;1;NO;EXCELENTE;10;2;BUENO;domingo, 12 de febrero de 2012;10;7;1;2
842;1173;jueves, 8 de enero de 1998;SI;VIAJA RARAMENTE;INVESTIGACIOÓN Y DESARROLLO;24;LICENCIATURA;MEDICO;ALTA;TECNICO DE LABORATORIO;MEDIA;3597;8;SI;SOBRESALIENTE;6;2;MUY BUENO;domingo, 25 de marzo de 2018;4;3;1;2
991;1395;martes, 29 de agosto de 1989;SI;VIAJA FRECUENTEMENTE;VENTAS;5;POR DEBAJO DE LA UNIVERSIDAD;CIENCIAS DE LA VIDA;ALTA;EJECUTIVO DE VENTAS;MUY ALTA;9998;6;SI;EXCELENTE;8;2;EXCELENTE;martes, 5 de septiembre de 2017;5;4;1;2
1021;1438;sábado, 22 de marzo de 1975;SI;VIAJA RARAMENTE;INVESTIGACIOÓN Y DESARROLLO;1;LICENCIATURA;TITULO TECNICO;ALTA;CIENTIFICO DE INVESTIGACION;MUY ALTA;3420;7;SI;EXCELENTE;17;2;BUENO;jueves, 3 de noviembre de 2016;6;5;1;2
1038;1465;miércoles, 9 de marzo de 1977;NO;VIAJA RARAMENTE;INVESTIGACIOÓN Y DESARROLLO;29;LICENCIATURA;TITULO TECNICO;ALTA;DIRECTOR DE MANUFACTURA;MUY ALTA;9380;4;NO;EXCELENTE;10;4;EXCELENTE;sábado, 1 de junio de 2019;3;1;1;2
1046;1474;martes, 27 de abril de 1982;SI;VIAJA RARAMENTE;INVESTIGACIOÓN Y DESARROLLO;2;LICENCIATURA;MEDICO;ALTA;CIENTIFICO DE INVESTIGACION;ALTA;2345;2;SI;EXCELENTE;8;3;EXCELENTE;domingo, 17 de febrero de 2019;3;1;1;2
1068;1503;sábado, 15 de febrero de 1975;SI;VIAJA RARAMENTE;VENTAS;14;LICENCIATURA;MEDICO;ALTA;EJECUTIVO DE VENTAS;ALTA;4591;3;NO;EXCELENTE;11;4;BUENO;martes, 31 de octubre de 2017;5;4;1;2
1083;1533;miércoles, 17 de febrero de 1999;SI;VIAJA RARAMENTE;INVESTIGACIOÓN Y DESARROLLO;20;POR DEBAJO DE LA UNIVERSIDAD;CIENCIAS DE LA VIDA;ALTA;TECNICO DE LABORATORIO;ALTA;2272;0;SI;EXCELENTE;5;2;MUY BUENO;viernes, 16 de marzo de 2018;4;3;1;2
1108;1563;martes, 7 de agosto de 1984;SI;VIAJA FRECUENTEMENTE;RRHH;10;MAESTRIA;RRHH;ALTA;RRHH;ALTA;6077;3;SI;EXCELENTE;10;2;MUY BUENO;viernes, 9 de diciembre de 2016;6;3;1;2
1109;1564;lunes, 5 de octubre de 1987;SI;VIAJA RARAMENTE;INVESTIGACIOÓN Y DESARROLLO;1;LICENCIATURA;MEDICO;MEDIA;TECNICO DE LABORATORIO;BAJA;2450;1;SI;EXCELENTE;3;3;MUY BUENO;miércoles, 6 de febrero de 2019;3;0;1;2
1114;1574;martes, 13 de marzo de 1990;SI;NO VIAJA;INVESTIGACIOÓN Y DESARROLLO;1;MAESTRIA;TITULO TECNICO;ALTA;CIENTIFICO DE INVESTIGACION;BAJA;4087;4;SI;EXCELENTE;9;3;BUENO;viernes, 4 de noviembre de 2016;6;5;1;2
1133;1598;jueves, 15 de julio de 1982;SI;VIAJA RARAMENTE;VENTAS;14;UNIVERSITARIO;CIENCIAS DE LA VIDA;ALTA;EJECUTIVO DE VENTAS;BAJA;4639;1;SI;EXCELENTE;5;2;MUY BUENO;domingo, 10 de diciembre de 2017;5;4;1;2
1199;1681;lunes, 23 de enero de 1989;NO;NO VIAJA;VENTAS;16;LICENCIATURA;CIENCIAS DE LA VIDA;ALTA;EJECUTIVO DE VENTAS;MUY ALTA;5368;1;NO;SOBRESALIENTE;7;2;MUY BUENO;viernes, 6 de mayo de 2016;6;5;1;2
1202;1684;lunes, 1 de febrero de 1999;NO;VIAJA RARAMENTE;INVESTIGACIOÓN Y DESARROLLO;8;POR DEBAJO DE LA UNIVERSIDAD;MEDICO;MEDIA;TECNICO DE LABORATORIO;ALTA;3989;1;NO;EXCELENTE;5;2;MUY BUENO;jueves, 30 de noviembre de 2017;5;4;1;2
1204;1689;domingo, 27 de julio de 1969;SI;VIAJA RARAMENTE;INVESTIGACIOÓN Y DESARROLLO;24;MAESTRIA;MEDICO;MUY ALTA;REPRESENTANTE DE ATENCION MEDICA;MUY ALTA;7005;3;SI;EXCELENTE;11;2;MUY BUENO;sábado, 17 de marzo de 2018;4;3;1;2
1220;1709;miércoles, 15 de septiembre de 1993;SI;VIAJA RARAMENTE;INVESTIGACIOÓN Y DESARROLLO;9;MAESTRIA;MEDICO;ALTA;TECNICO DE LABORATORIO;ALTA;2974;9;SI;EXCELENTE;9;2;MUY BUENO;domingo, 24 de septiembre de 2017;5;3;1;2
1253;1755;sábado, 20 de agosto de 1988;SI;VIAJA RARAMENTE;INVESTIGACIOÓN Y DESARROLLO;2;MAESTRIA;MEDICO;MUY ALTA;CIENTIFICO DE INVESTIGACION;MUY ALTA;2932;0;NO;EXCELENTE;6;3;MUY BUENO;viernes, 17 de febrero de 2017;5;0;1;2
1310;1836;miércoles, 7 de febrero de 1996;SI;VIAJA RARAMENTE;VENTAS;10;LICENCIATURA;MEDICO;ALTA;EJECUTIVO DE VENTAS;MUY ALTA;4684;1;SI;EXCELENTE;5;4;MUY BUENO;miércoles, 6 de septiembre de 2017;5;3;1;2
1368;1931;jueves, 30 de noviembre de 1995;SI;VIAJA RARAMENTE;INVESTIGACIOÓN Y DESARROLLO;2;MAESTRIA;TITULO TECNICO;ALTA;CIENTIFICO DE INVESTIGACION;MEDIA;2226;1;SI;EXCELENTE;6;3;BUENO;domingo, 19 de febrero de 2017;5;3;1;2
1389;1955;martes, 28 de agosto de 1990;SI;NO VIAJA;INVESTIGACIOÓN Y DESARROLLO;15;MAESTRIA;MEDICO;ALTA;REPRESENTANTE DE ATENCION MEDICA;MUY ALTA;6667;5;SI;EXCELENTE;9;6;MUY BUENO;martes, 10 de enero de 2017;5;1;1;2
1408;1981;lunes, 12 de octubre de 1998;SI;VIAJA RARAMENTE;INVESTIGACIOÓN Y DESARROLLO;1;UNIVERSITARIO;CIENCIAS DE LA VIDA;MEDIA;REPRESENTANTE DE ATENCION MEDICA;ALTA;4617;1;SI;EXCELENTE;4;2;BUENO;viernes, 9 de noviembre de 2018;4;3;1;2
1412;1987;miércoles, 10 de diciembre de 1997;SI;VIAJA RARAMENTE;RRHH;2;LICENCIATURA;RRHH;ALTA;RRHH;MEDIA;2187;4;SI;EXCELENTE;6;3;MUY BUENO;miércoles, 16 de septiembre de 2020;2;0;1;2
1420;1998;sábado, 1 de noviembre de 1980;SI;VIAJA RARAMENTE;INVESTIGACIOÓN Y DESARROLLO;18;MAESTRIA;CIENCIAS DE LA VIDA;ALTA;CIENTIFICO DE INVESTIGACION;BAJA;5410;6;NO;EXCELENTE;9;3;BUENO;miércoles, 7 de noviembre de 2018;4;3;1;2
1436;2020;jueves, 28 de septiembre de 1978;SI;VIAJA RARAMENTE;INVESTIGACIOÓN Y DESARROLLO;1;LICENCIATURA;MEDICO;ALTA;CIENTIFICO DE INVESTIGACION;MUY ALTA;2436;6;NO;EXCELENTE;6;2;MUY BUENO;miércoles, 7 de noviembre de 2018;4;3;1;2
1470;2068;miércoles, 30 de marzo de 1988;SI;VIAJA RARAMENTE;INVESTIGACIOÓN Y DESARROLLO;8;LICENCIATURA;MEDICO;MUY ALTA;TECNICO DE LABORATORIO;ALTA;4404;2;SI;EXCELENTE;6;3;EXCELENTE;lunes, 5 de noviembre de 2018;4;3;1;2
14;18;martes, 16 de agosto de 1988;NO;VIAJA RARAMENTE;INVESTIGACIOÓN Y DESARROLLO;19;UNIVERSITARIO;MEDICO;ALTA;TECNICO DE LABORATORIO;MUY ALTA;2661;0;SI;EXCELENTE;3;2;MUY BUENO;domingo, 25 de octubre de 2020;2;2;1;2
20;24;domingo, 9 de septiembre de 1984;SI;VIAJA RARAMENTE;INVESTIGACIOÓN Y DESARROLLO;2;LICENCIATURA;CIENCIAS DE LA VIDA;ALTA;CIENTIFICO DE INVESTIGACION;MUY ALTA;3944;5;NO;EXCELENTE;6;3;MUY BUENO;viernes, 13 de diciembre de 2019;3;2;1;2
69;88;jueves, 7 de mayo de 1987;SI;VIAJA FRECUENTEMENTE;INVESTIGACIOÓN Y DESARROLLO;1;LICENCIATURA;MEDICO;ALTA;CIENTIFICO DE INVESTIGACION;BAJA;2194;4;SI;EXCELENTE;5;2;BUENO;viernes, 13 de diciembre de 2019;3;2;1;2
100;132;sábado, 9 de septiembre de 1978;SI;NO VIAJA;INVESTIGACIOÓN Y DESARROLLO;23;LICENCIATURA;MEDICO;ALTA;TECNICO DE LABORATORIO;MEDIA;2042;4;SI;EXCELENTE;17;3;EXCELENTE;lunes, 11 de febrero de 2019;3;2;1;2
131;171;sábado, 8 de septiembre de 1979;NO;VIAJA FRECUENTEMENTE;INVESTIGACIOÓN Y DESARROLLO;28;LICENCIATURA;MEDICO;MUY ALTA;CIENTIFICO DE INVESTIGACION;ALTA;4739;4;SI;EXCELENTE;18;2;MUY BUENO;viernes, 13 de diciembre de 2019;3;2;1;2
182;247;jueves, 3 de marzo de 1988;SI;VIAJA RARAMENTE;INVESTIGACIOÓN Y DESARROLLO;27;UNIVERSITARIO;MEDICO;ALTA;CIENTIFICO DE INVESTIGACION;MEDIA;2311;2;SI;EXCELENTE;9;3;MUY BUENO;jueves, 12 de diciembre de 2019;3;2;1;2
197;269;domingo, 15 de noviembre de 1987;SI;VIAJA FRECUENTEMENTE;INVESTIGACIOÓN Y DESARROLLO;2;LICENCIATURA;MEDICO;ALTA;TECNICO DE LABORATORIO;MEDIA;4425;5;SI;EXCELENTE;10;5;MUY BUENO;sábado, 2 de julio de 2016;6;2;1;2
240;331;domingo, 1 de julio de 1990;NO;VIAJA RARAMENTE;INVESTIGACIOÓN Y DESARROLLO;1;LICENCIATURA;CIENCIAS DE LA VIDA;MEDIA;TECNICO DE LABORATORIO;ALTA;3730;0;NO;EXCELENTE;4;2;MALO;miércoles, 13 de febrero de 2019;3;2;1;2
241;332;jueves, 11 de agosto de 1983;SI;VIAJA RARAMENTE;INVESTIGACIOÓN Y DESARROLLO;1;MAESTRIA;MEDICO;ALTA;TECNICO DE LABORATORIO;ALTA;2232;7;SI;EXCELENTE;7;1;MUY BUENO;martes, 12 de febrero de 2019;3;2;1;2
256;350;domingo, 13 de julio de 1997;SI;VIAJA RARAMENTE;INVESTIGACIOÓN Y DESARROLLO;1;LICENCIATURA;CIENCIAS DE LA VIDA;ALTA;DIRECTOR DE MANUFACTURA;ALTA;4898;0;SI;EXCELENTE;5;3;MUY BUENO;domingo, 6 de mayo de 2018;4;2;1;2
288;393;martes, 10 de enero de 1984;SI;VIAJA RARAMENTE;INVESTIGACIOÓN Y DESARROLLO;23;MAESTRIA;CIENCIAS DE LA VIDA;ALTA;REPRESENTANTE DE ATENCION MEDICA;MUY ALTA;5745;9;SI;EXCELENTE;10;2;MUY BUENO;jueves, 12 de noviembre de 2020;2;2;1;2
291;396;viernes, 16 de noviembre de 1973;SI;VIAJA FRECUENTEMENTE;INVESTIGACIOÓN Y DESARROLLO;10;MAESTRIA;CIENCIAS DE LA VIDA;ALTA;DIRECTOR INVESTIGACION Y DESARROLLO;BAJA;18665;9;NO;EXCELENTE;22;4;MUY BUENO;lunes, 21 de octubre de 2019;3;2;1;2
295;403;domingo, 20 de enero de 1985;SI;VIAJA FRECUENTEMENTE;INVESTIGACIOÓN Y DESARROLLO;9;LICENCIATURA;MEDICO;ALTA;CIENTIFICO DE INVESTIGACION;MUY ALTA;2326;1;NO;EXCELENTE;4;3;BUENO;lunes, 4 de junio de 2018;4;2;1;2
358;478;jueves, 29 de marzo de 2001;NO;VIAJA FRECUENTEMENTE;VENTAS;1;POR DEBAJO DE LA UNIVERSIDAD;TITULO TECNICO;MEDIA;REPRESENTATE DE VENTAS;MEDIA;2174;1;NO;EXCELENTE;3;3;MUY BUENO;jueves, 7 de febrero de 2019;3;2;1;2
361;482;lunes, 20 de diciembre de 1965;SI;VIAJA RARAMENTE;INVESTIGACIOÓN Y DESARROLLO;1;MAESTRIA;MEDICO;ALTA;REPRESENTANTE DE ATENCION MEDICA;ALTA;6755;2;SI;EXCELENTE;15;2;MUY BUENO;domingo, 5 de mayo de 2019;3;2;1;2
372;495;sábado, 6 de febrero de 1993;NO;VIAJA RARAMENTE;INVESTIGACIOÓN Y DESARROLLO;23;LICENCIATURA;CIENCIAS DE LA VIDA;ALTA;CIENTIFICO DE INVESTIGACION;MUY ALTA;2201;9;SI;EXCELENTE;6;4;MUY BUENO;jueves, 4 de julio de 2019;3;2;1;2
389;517;jueves, 5 de junio de 1980;SI;VIAJA RARAMENTE;INVESTIGACIOÓN Y DESARROLLO;1;MAESTRIA;CIENCIAS DE LA VIDA;ALTA;TECNICO DE LABORATORIO;BAJA;2576;3;SI;EXCELENTE;8;5;MUY BUENO;viernes, 24 de noviembre de 2017;5;2;1;2
393;522;viernes, 15 de noviembre de 1968;SI;VIAJA RARAMENTE;INVESTIGACIOÓN Y DESARROLLO;5;UNIVERSITARIO;MEDICO;ALTA;DIRECTOR INVESTIGACION Y DESARROLLO;BAJA;19406;4;SI;EXCELENTE;24;4;BUENO;lunes, 16 de julio de 2018;4;2;1;2
394;523;domingo, 11 de septiembre de 1988;SI;NO VIAJA;VENTAS;4;MAESTRIA;MARKETING;ALTA;EJECUTIVO DE VENTAS;ALTA;6538;9;SI;EXCELENTE;6;3;MUY BUENO;miércoles, 3 de abril de 2019;3;2;1;2
396;525;martes, 2 de octubre de 1979;NO;VIAJA FRECUENTEMENTE;INVESTIGACIOÓN Y DESARROLLO;21;LICENCIATURA;MEDICO;ALTA;TECNICO DE LABORATORIO;MUY ALTA;2258;7;SI;SOBRESALIENTE;8;1;MUY BUENO;viernes, 5 de julio de 2019;3;2;1;2
434;580;miércoles, 31 de marzo de 1976;SI;VIAJA RARAMENTE;VENTAS;10;LICENCIATURA;MARKETING;MEDIA;EJECUTIVO DE VENTAS;MUY ALTA;9071;2;NO;EXCELENTE;15;3;MUY BUENO;martes, 2 de abril de 2019;3;2;1;2
438;585;lunes, 20 de abril de 1992;SI;VIAJA RARAMENTE;VENTAS;7;POR DEBAJO DE LA UNIVERSIDAD;MARKETING;ALTA;REPRESENTATE DE VENTAS;MEDIA;2983;0;SI;EXCELENTE;4;3;MUY BUENO;viernes, 8 de febrero de 2019;3;2;1;2
444;593;martes, 2 de mayo de 2000;NO;VIAJA FRECUENTEMENTE;INVESTIGACIOÓN Y DESARROLLO;4;POR DEBAJO DE LA UNIVERSIDAD;TITULO TECNICO;MEDIA;TECNICO DE LABORATORIO;ALTA;3894;5;SI;EXCELENTE;4;3;MUY BUENO;jueves, 29 de octubre de 2020;2;2;1;2
455;611;domingo, 28 de noviembre de 1993;NO;VIAJA RARAMENTE;INVESTIGACIOÓN Y DESARROLLO;19;LICENCIATURA;TITULO TECNICO;ALTA;DIRECTOR DE MANUFACTURA;MUY ALTA;4262;4;SI;EXCELENTE;8;2;EXCELENTE;lunes, 4 de noviembre de 2019;3;2;1;2
466;624;domingo, 3 de octubre de 1976;NO;VIAJA FRECUENTEMENTE;INVESTIGACIOÓN Y DESARROLLO;18;POR DEBAJO DE LA UNIVERSIDAD;MEDICO;ALTA;REPRESENTANTE DE ATENCION MEDICA;ALTA;10527;5;SI;EXCELENTE;28;3;BUENO;jueves, 12 de noviembre de 2020;2;2;1;2
470;631;lunes, 20 de agosto de 1990;NO;NO VIAJA;VENTAS;11;MAESTRIA;OTRO;MUY ALTA;EJECUTIVO DE VENTAS;ALTA;4707;8;SI;EXCELENTE;6;2;MUY BUENO;lunes, 28 de mayo de 2018;4;2;1;2
497;669;lunes, 1 de octubre de 2001;NO;VIAJA RARAMENTE;VENTAS;22;POR DEBAJO DE LA UNIVERSIDAD;TITULO TECNICO;ALTA;REPRESENTATE DE VENTAS;ALTA;3447;1;SI;EXCELENTE;3;2;MUY BUENO;viernes, 8 de febrero de 2019;3;2;1;2
518;707;martes, 14 de enero de 1997;SI;VIAJA RARAMENTE;VENTAS;8;LICENCIATURA;CIENCIAS DE LA VIDA;MUY ALTA;EJECUTIVO DE VENTAS;MEDIA;4851;0;SI;SOBRESALIENTE;4;4;MUY BUENO;lunes, 4 de noviembre de 2019;3;2;1;2
584;808;viernes, 3 de junio de 1988;SI;VIAJA RARAMENTE;VENTAS;8;UNIVERSITARIO;CIENCIAS DE LA VIDA;ALTA;EJECUTIVO DE VENTAS;BAJA;6500;5;SI;EXCELENTE;6;1;MUY BUENO;lunes, 6 de mayo de 2019;3;2;1;2
643;893;domingo, 16 de diciembre de 1984;SI;VIAJA RARAMENTE;VENTAS;9;LICENCIATURA;MARKETING;MEDIA;REPRESENTATE DE VENTAS;MEDIA;2899;0;SI;EXCELENTE;3;3;MUY BUENO;lunes, 13 de julio de 2020;2;2;1;2
666;925;miércoles, 22 de enero de 1975;SI;VIAJA RARAMENTE;VENTAS;2;MAESTRIA;CIENCIAS DE LA VIDA;MEDIA;REPRESENTATE DE VENTAS;MUY ALTA;3294;1;NO;EXCELENTE;3;3;BUENO;domingo, 3 de noviembre de 2019;3;2;1;2
710;991;jueves, 29 de agosto de 1991;NO;NO VIAJA;INVESTIGACIOÓN Y DESARROLLO;9;UNIVERSITARIO;MEDICO;MEDIA;CIENTIFICO DE INVESTIGACION;BAJA;2321;0;NO;SOBRESALIENTE;4;0;MUY BUENO;jueves, 12 de diciembre de 2019;3;2;1;2
733;1017;sábado, 27 de junio de 1992;NO;VIAJA FRECUENTEMENTE;INVESTIGACIOÓN Y DESARROLLO;5;LICENCIATURA;MEDICO;ALTA;TECNICO DE LABORATORIO;MEDIA;2422;0;SI;EXCELENTE;4;3;MUY BUENO;lunes, 11 de febrero de 2019;3;2;1;2
741;1028;domingo, 15 de febrero de 1987;SI;VIAJA RARAMENTE;INVESTIGACIOÓN Y DESARROLLO;10;LICENCIATURA;OTRO;ALTA;TECNICO DE LABORATORIO;MUY ALTA;3917;1;SI;SOBRESALIENTE;3;4;BUENO;miércoles, 4 de diciembre de 2019;3;2;1;2
763;1053;miércoles, 30 de octubre de 1996;NO;VIAJA FRECUENTEMENTE;INVESTIGACIOÓN Y DESARROLLO;2;LICENCIATURA;CIENCIAS DE LA VIDA;ALTA;CIENTIFICO DE INVESTIGACION;BAJA;2042;6;NO;EXCELENTE;6;2;MUY BUENO;viernes, 13 de diciembre de 2019;3;2;1;2
787;1094;sábado, 4 de marzo de 1995;SI;NO VIAJA;INVESTIGACIOÓN Y DESARROLLO;8;DOCTORADO;CIENCIAS DE LA VIDA;BAJA;TECNICO DE LABORATORIO;ALTA;4621;1;SI;EXCELENTE;3;4;MUY BUENO;miércoles, 4 de diciembre de 2019;3;2;1;2
788;1096;viernes, 4 de agosto de 1967;SI;VIAJA FRECUENTEMENTE;INVESTIGACIOÓN Y DESARROLLO;2;POR DEBAJO DE LA UNIVERSIDAD;CIENCIAS DE LA VIDA;ALTA;DIRECTOR DE MANUFACTURA;MEDIA;10976;3;SI;EXCELENTE;23;4;MUY BUENO;martes, 25 de junio de 2019;3;2;1;2
791;1099;martes, 5 de septiembre de 1989;SI;VIAJA RARAMENTE;INVESTIGACIOÓN Y DESARROLLO;5;LICENCIATURA;CIENCIAS DE LA VIDA;MEDIA;REPRESENTANTE DE ATENCION MEDICA;MUY ALTA;7119;4;SI;EXCELENTE;9;2;MUY BUENO;viernes, 15 de noviembre de 2019;3;2;1;2
857;1198;viernes, 31 de mayo de 2002;SI;VIAJA RARAMENTE;INVESTIGACIOÓN Y DESARROLLO;3;LICENCIATURA;CIENCIAS DE LA VIDA;MEDIA;TECNICO DE LABORATORIO;ALTA;3033;1;SI;EXCELENTE;2;2;BUENO;lunes, 18 de mayo de 2020;2;2;1;2
894;1249;jueves, 16 de septiembre de 1993;SI;VIAJA RARAMENTE;INVESTIGACIOÓN Y DESARROLLO;1;LICENCIATURA;CIENCIAS DE LA VIDA;ALTA;CIENTIFICO DE INVESTIGACION;MUY ALTA;3760;1;SI;EXCELENTE;3;5;MUY BUENO;viernes, 5 de julio de 2019;3;2;1;2
934;1301;martes, 6 de septiembre de 1994;SI;VIAJA RARAMENTE;INVESTIGACIOÓN Y DESARROLLO;1;LICENCIATURA;TITULO TECNICO;ALTA;CIENTIFICO DE INVESTIGACION;BAJA;2080;2;SI;EXCELENTE;5;2;BUENO;sábado, 6 de julio de 2019;3;2;1;2
946;1317;viernes, 22 de septiembre de 1972;NO;VIAJA RARAMENTE;INVESTIGACIOÓN Y DESARROLLO;28;LICENCIATURA;CIENCIAS DE LA VIDA;ALTA;DIRECTOR INVESTIGACION Y DESARROLLO;BAJA;16880;4;NO;EXCELENTE;25;2;MUY BUENO;viernes, 8 de marzo de 2019;3;2;1;2
954;1333;viernes, 27 de octubre de 1978;NO;VIAJA RARAMENTE;INVESTIGACIOÓN Y DESARROLLO;3;LICENCIATURA;CIENCIAS DE LA VIDA;ALTA;TECNICO DE LABORATORIO;BAJA;2362;4;SI;EXCELENTE;10;4;EXCELENTE;martes, 3 de diciembre de 2019;3;2;1;2
966;1358;jueves, 21 de agosto de 1997;NO;VIAJA RARAMENTE;INVESTIGACIOÓN Y DESARROLLO;19;POR DEBAJO DE LA UNIVERSIDAD;MEDICO;ALTA;TECNICO DE LABORATORIO;MUY ALTA;3669;3;SI;EXCELENTE;7;6;BUENO;martes, 3 de diciembre de 2019;3;2;1;2
992;1396;domingo, 16 de septiembre de 1990;SI;VIAJA RARAMENTE;VENTAS;2;POR DEBAJO DE LA UNIVERSIDAD;MARKETING;ALTA;EJECUTIVO DE VENTAS;MEDIA;4078;0;NO;EXCELENTE;4;3;BUENO;lunes, 14 de enero de 2019;3;2;1;2
994;1399;miércoles, 12 de febrero de 1997;NO;VIAJA RARAMENTE;VENTAS;18;POR DEBAJO DE LA UNIVERSIDAD;CIENCIAS DE LA VIDA;MUY ALTA;EJECUTIVO DE VENTAS;ALTA;6232;2;SI;EXCELENTE;6;3;BUENO;martes, 15 de enero de 2019;3;2;1;2
1045;1473;jueves, 29 de marzo de 1973;SI;VIAJA RARAMENTE;INVESTIGACIOÓN Y DESARROLLO;5;MAESTRIA;TITULO TECNICO;ALTA;REPRESENTANTE DE ATENCION MEDICA;ALTA;6651;2;SI;EXCELENTE;20;0;BUENO;martes, 12 de noviembre de 2019;3;2;1;2
1057;1486;viernes, 27 de mayo de 1994;NO;VIAJA FRECUENTEMENTE;VENTAS;1;LICENCIATURA;TITULO TECNICO;ALTA;REPRESENTATE DE VENTAS;ALTA;2909;3;SI;EXCELENTE;5;3;EXCELENTE;sábado, 7 de diciembre de 2019;3;2;1;2
1066;1501;miércoles, 23 de agosto de 1967;SI;VIAJA RARAMENTE;INVESTIGACIOÓN Y DESARROLLO;4;MAESTRIA;CIENCIAS DE LA VIDA;ALTA;REPRESENTANTE DE ATENCION MEDICA;ALTA;4035;0;NO;EXCELENTE;4;2;MUY BUENO;domingo, 14 de abril de 2019;3;2;1;2
1072;1509;miércoles, 11 de julio de 1973;SI;VIAJA RARAMENTE;INVESTIGACIOÓN Y DESARROLLO;3;UNIVERSITARIO;MEDICO;MEDIA;TECNICO DE LABORATORIO;BAJA;4789;4;SI;SOBRESALIENTE;10;3;MUY BUENO;jueves, 5 de diciembre de 2019;3;2;1;2
1103;1556;miércoles, 22 de octubre de 1986;SI;VIAJA RARAMENTE;VENTAS;2;MAESTRIA;CIENCIAS DE LA VIDA;ALTA;REPRESENTATE DE VENTAS;MUY ALTA;2644;3;NO;SOBRESALIENTE;7;3;BUENO;sábado, 7 de diciembre de 2019;3;2;1;2
1121;1583;viernes, 2 de noviembre de 1984;SI;VIAJA RARAMENTE;VENTAS;16;LICENCIATURA;CIENCIAS DE LA VIDA;ALTA;EJECUTIVO DE VENTAS;MEDIA;4198;2;SI;EXCELENTE;8;5;EXCELENTE;martes, 1 de octubre de 2019;3;2;1;2
1171;1648;lunes, 11 de septiembre de 1995;SI;VIAJA FRECUENTEMENTE;INVESTIGACIOÓN Y DESARROLLO;2;LICENCIATURA;MEDICO;ALTA;CIENTIFICO DE INVESTIGACION;MUY ALTA;2580;2;SI;EXCELENTE;6;0;BUENO;miércoles, 19 de diciembre de 2018;4;2;1;2
1177;1655;martes, 13 de noviembre de 1973;SI;VIAJA RARAMENTE;INVESTIGACIOÓN Y DESARROLLO;22;MAESTRIA;OTRO;ALTA;DIRECTOR INVESTIGACION Y DESARROLLO;MEDIA;16413;3;SI;EXCELENTE;27;2;MUY BUENO;sábado, 27 de octubre de 2018;4;2;1;2
1183;1662;martes, 25 de noviembre de 1986;SI;NO VIAJA;INVESTIGACIOÓN Y DESARROLLO;1;MAESTRIA;MEDICO;MEDIA;DIRECTOR DE MANUFACTURA;ALTA;4374;0;SI;EXCELENTE;4;6;MUY BUENO;martes, 19 de noviembre de 2019;3;2;1;2
1195;1676;domingo, 16 de febrero de 1975;SI;VIAJA RARAMENTE;VENTAS;2;MAESTRIA;CIENCIAS DE LA VIDA;MUY ALTA;GERENTE DE EJECUTIVO DE VENTAS;MEDIA;15972;6;SI;EXCELENTE;29;2;MUY BUENO;martes, 2 de abril de 2019;3;2;1;2
1208;1694;lunes, 16 de enero de 1967;NO;VIAJA RARAMENTE;INVESTIGACIOÓN Y DESARROLLO;22;LICENCIATURA;TITULO TECNICO;MEDIA;CIENTIFICO DE INVESTIGACION;MEDIA;3537;5;SI;EXCELENTE;8;1;MUY BUENO;miércoles, 19 de diciembre de 2018;4;2;1;2
1229;1722;jueves, 17 de septiembre de 1981;SI;NO VIAJA;RRHH;4;LICENCIATURA;RRHH;BAJA;RRHH;MEDIA;6430;6;SI;EXCELENTE;10;4;MUY BUENO;sábado, 3 de agosto de 2019;3;2;1;2
1231;1725;viernes, 27 de febrero de 1998;NO;VIAJA RARAMENTE;INVESTIGACIOÓN Y DESARROLLO;29;POR DEBAJO DE LA UNIVERSIDAD;MEDICO;ALTA;TECNICO DE LABORATORIO;BAJA;3907;1;SI;EXCELENTE;6;2;EXCELENTE;domingo, 3 de enero de 2016;6;2;1;2
1239;1735;jueves, 1 de julio de 1999;SI;VIAJA RARAMENTE;INVESTIGACIOÓN Y DESARROLLO;4;POR DEBAJO DE LA UNIVERSIDAD;MEDICO;ALTA;TECNICO DE LABORATORIO;MEDIA;3295;1;SI;EXCELENTE;3;3;MALO;lunes, 30 de septiembre de 2019;3;2;1;2
1247;1747;sábado, 21 de noviembre de 1992;NO;VIAJA FRECUENTEMENTE;RRHH;8;LICENCIATURA;RRHH;MEDIA;RRHH;MUY ALTA;2180;6;SI;EXCELENTE;6;0;BUENO;viernes, 12 de octubre de 2018;4;2;1;2
1294;1813;domingo, 18 de marzo de 1979;SI;NO VIAJA;INVESTIGACIOÓN Y DESARROLLO;9;LICENCIATURA;CIENCIAS DE LA VIDA;ALTA;CIENTIFICO DE INVESTIGACION;ALTA;2438;4;SI;EXCELENTE;7;2;BUENO;viernes, 5 de julio de 2019;3;2;1;2
1295;1814;domingo, 20 de septiembre de 1981;SI;VIAJA RARAMENTE;INVESTIGACIOÓN Y DESARROLLO;5;LICENCIATURA;CIENCIAS DE LA VIDA;MUY ALTA;REPRESENTANTE DE ATENCION MEDICA;MEDIA;6870;3;SI;EXCELENTE;11;3;MALO;jueves, 11 de julio de 2019;3;2;1;2
1308;1834;lunes, 10 de enero de 1994;SI;VIAJA RARAMENTE;INVESTIGACIOÓN Y DESARROLLO;1;LICENCIATURA;MEDICO;ALTA;CIENTIFICO DE INVESTIGACION;BAJA;3591;1;SI;SOBRESALIENTE;3;3;MUY BUENO;viernes, 5 de julio de 2019;3;2;1;2
1344;1883;jueves, 15 de julio de 1993;SI;VIAJA RARAMENTE;INVESTIGACIOÓN Y DESARROLLO;7;LICENCIATURA;CIENCIAS DE LA VIDA;ALTA;TECNICO DE LABORATORIO;BAJA;2062;3;SI;EXCELENTE;11;2;MUY BUENO;viernes, 5 de julio de 2019;3;2;1;2
1367;1929;viernes, 26 de agosto de 1983;NO;NO VIAJA;VENTAS;21;MAESTRIA;CIENCIAS DE LA VIDA;BAJA;EJECUTIVO DE VENTAS;ALTA;5736;6;SI;EXCELENTE;10;1;MUY BUENO;jueves, 3 de octubre de 2019;3;2;1;2
1401;1972;sábado, 8 de diciembre de 1984;SI;VIAJA FRECUENTEMENTE;RRHH;1;MAESTRIA;OTRO;ALTA;RRHH;MEDIA;2991;0;NO;EXCELENTE;7;2;MUY BUENO;lunes, 12 de diciembre de 2016;6;2;1;2
1418;1996;sábado, 10 de agosto de 1991;SI;VIAJA RARAMENTE;VENTAS;2;UNIVERSITARIO;CIENCIAS DE LA VIDA;ALTA;REPRESENTATE DE VENTAS;ALTA;3067;0;SI;EXCELENTE;3;1;MUY BUENO;martes, 15 de septiembre de 2020;2;2;1;2
1424;2007;sábado, 19 de agosto de 2000;SI;VIAJA RARAMENTE;INVESTIGACIOÓN Y DESARROLLO;1;UNIVERSITARIO;CIENCIAS DE LA VIDA;ALTA;CIENTIFICO DE INVESTIGACION;ALTA;3375;0;SI;EXCELENTE;4;2;EXCELENTE;sábado, 6 de julio de 2019;3;2;1;2
1437;2021;jueves, 13 de septiembre de 2001;SI;VIAJA RARAMENTE;VENTAS;5;POR DEBAJO DE LA UNIVERSIDAD;MEDICO;ALTA;REPRESENTATE DE VENTAS;BAJA;2380;1;NO;EXCELENTE;2;6;MUY BUENO;miércoles, 16 de septiembre de 2020;2;2;1;2
1450;2038;domingo, 11 de marzo de 1990;SI;VIAJA RARAMENTE;INVESTIGACIOÓN Y DESARROLLO;2;LICENCIATURA;TITULO TECNICO;ALTA;CIENTIFICO DE INVESTIGACION;BAJA;2439;1;SI;EXCELENTE;4;4;MUY BUENO;jueves, 8 de noviembre de 2018;4;2;1;2
6;8;jueves, 12 de julio de 1990;SI;VIAJA FRECUENTEMENTE;INVESTIGACIOÓN Y DESARROLLO;2;UNIVERSITARIO;CIENCIAS DE LA VIDA;ALTA;TECNICO DE LABORATORIO;MUY ALTA;3068;0;SI;EXCELENTE;8;2;BUENO;lunes, 9 de marzo de 2015;7;7;3;6
47;60;viernes, 25 de noviembre de 1988;SI;NO VIAJA;VENTAS;23;MAESTRIA;MARKETING;ALTA;EJECUTIVO DE VENTAS;ALTA;4568;0;SI;SOBRESALIENTE;10;2;MUY BUENO;lunes, 12 de agosto de 2013;9;5;8;7
54;70;domingo, 26 de abril de 1987;SI;NO VIAJA;INVESTIGACIOÓN Y DESARROLLO;11;UNIVERSITARIO;MEDICO;MEDIA;REPRESENTANTE DE ATENCION MEDICA;BAJA;9884;2;NO;EXCELENTE;10;3;MUY BUENO;jueves, 31 de mayo de 2018;4;0;2;3
94;124;martes, 6 de enero de 1976;SI;VIAJA FRECUENTEMENTE;INVESTIGACIOÓN Y DESARROLLO;1;LICENCIATURA;MEDICO;MEDIA;REPRESENTANTE DE ATENCION MEDICA;BAJA;10673;2;NO;EXCELENTE;21;5;BUENO;domingo, 11 de marzo de 2012;10;9;9;5
111;145;viernes, 19 de marzo de 1971;SI;VIAJA FRECUENTEMENTE;INVESTIGACIOÓN Y DESARROLLO;1;MAESTRIA;MEDICO;MEDIA;REPRESENTANTE DE ATENCION MEDICA;BAJA;7484;3;SI;SOBRESALIENTE;23;1;BUENO;martes, 14 de julio de 2009;13;12;12;8
113;148;lunes, 16 de diciembre de 1968;NO;NO VIAJA;RRHH;26;LICENCIATURA;RRHH;MUY ALTA;GERENTE RRHH;MUY ALTA;17328;2;NO;EXCELENTE;23;3;MUY BUENO;jueves, 2 de febrero de 2017;5;3;4;4
118;154;sábado, 15 de febrero de 1986;SI;VIAJA FRECUENTEMENTE;VENTAS;11;UNIVERSITARIO;TITULO TECNICO;ALTA;EJECUTIVO DE VENTAS;MUY ALTA;9738;0;SI;EXCELENTE;10;6;MUY BUENO;lunes, 12 de agosto de 2013;9;7;2;8
148;199;sábado, 30 de mayo de 1981;SI;VIAJA FRECUENTEMENTE;INVESTIGACIOÓN Y DESARROLLO;10;LICENCIATURA;CIENCIAS DE LA VIDA;MEDIA;GERENTE INVESTIGACION Y DESARROLLO;BAJA;17181;4;SI;EXCELENTE;21;2;BUENO;jueves, 30 de abril de 2015;7;6;7;7
173;238;miércoles, 16 de julio de 1986;SI;VIAJA FRECUENTEMENTE;INVESTIGACIOÓN Y DESARROLLO;3;UNIVERSITARIO;MEDICO;ALTA;TECNICO DE LABORATORIO;MEDIA;2088;4;SI;EXCELENTE;13;3;BUENO;viernes, 10 de enero de 2014;8;7;7;2
194;262;lunes, 21 de mayo de 1979;SI;NO VIAJA;INVESTIGACIOÓN Y DESARROLLO;7;LICENCIATURA;MEDICO;MUY ALTA;CIENTIFICO DE INVESTIGACION;MUY ALTA;2089;4;SI;EXCELENTE;7;3;EXCELENTE;martes, 19 de diciembre de 2017;5;4;2;2
195;264;martes, 1 de febrero de 1977;SI;NO VIAJA;INVESTIGACIOÓN Y DESARROLLO;2;UNIVERSITARIO;MEDICO;MEDIA;GERENTE INVESTIGACION Y DESARROLLO;MUY ALTA;16792;9;SI;SOBRESALIENTE;22;1;MUY BUENO;sábado, 1 de junio de 2002;20;8;11;8
219;302;viernes, 30 de septiembre de 1977;SI;NO VIAJA;VENTAS;6;LICENCIATURA;MEDICO;MEDIA;EJECUTIVO DE VENTAS;MUY ALTA;8865;6;SI;EXCELENTE;23;2;MUY BUENO;miércoles, 29 de enero de 2003;19;7;12;8
227;311;sábado, 12 de enero de 1985;SI;VIAJA FRECUENTEMENTE;VENTAS;4;MAESTRIA;MARKETING;ALTA;REPRESENTATE DE VENTAS;MUY ALTA;2793;4;SI;EXCELENTE;13;2;MUY BUENO;martes, 3 de diciembre de 2013;9;8;5;8
252;343;jueves, 6 de enero de 1983;SI;VIAJA FRECUENTEMENTE;INVESTIGACIOÓN Y DESARROLLO;2;MAESTRIA;TITULO TECNICO;ALTA;REPRESENTANTE DE ATENCION MEDICA;ALTA;10938;0;SI;SOBRESALIENTE;20;1;MUY BUENO;sábado, 25 de enero de 2003;19;6;11;8
262;361;lunes, 2 de enero de 1984;SI;NO VIAJA;VENTAS;2;UNIVERSITARIO;CIENCIAS DE LA VIDA;MEDIA;EJECUTIVO DE VENTAS;MUY ALTA;5249;3;SI;EXCELENTE;13;0;MUY BUENO;martes, 8 de julio de 2014;8;7;7;5
296;404;jueves, 24 de julio de 1980;SI;VIAJA FRECUENTEMENTE;VENTAS;26;LICENCIATURA;MARKETING;ALTA;EJECUTIVO DE VENTAS;MEDIA;13525;5;SI;EXCELENTE;23;2;EXCELENTE;sábado, 9 de noviembre de 2002;20;4;4;8
314;428;domingo, 30 de julio de 1989;SI;VIAJA FRECUENTEMENTE;INVESTIGACIOÓN Y DESARROLLO;5;MAESTRIA;CIENCIAS DE LA VIDA;ALTA;GERENTE INVESTIGACION Y DESARROLLO;MEDIA;11878;6;SI;EXCELENTE;12;2;MUY BUENO;lunes, 15 de octubre de 2012;10;6;8;8
399;529;martes, 30 de abril de 1985;SI;NO VIAJA;INVESTIGACIOÓN Y DESARROLLO;25;DOCTORADO;MEDICO;ALTA;CIENTIFICO DE INVESTIGACION;ALTA;4449;3;NO;EXCELENTE;15;2;MUY BUENO;viernes, 16 de enero de 2009;13;11;10;7
402;532;jueves, 17 de noviembre de 1966;SI;VIAJA FRECUENTEMENTE;VENTAS;6;LICENCIATURA;CIENCIAS DE LA VIDA;MUY ALTA;EJECUTIVO DE VENTAS;BAJA;13212;9;SI;EXCELENTE;36;0;BUENO;martes, 22 de septiembre de 2015;7;7;7;7
424;567;viernes, 13 de marzo de 1992;NO;NO VIAJA;VENTAS;22;MAESTRIA;OTRO;ALTA;EJECUTIVO DE VENTAS;BAJA;8412;0;SI;EXCELENTE;10;3;MUY BUENO;martes, 29 de enero de 2013;9;8;7;8
427;571;jueves, 7 de mayo de 1992;SI;NO VIAJA;INVESTIGACIOÓN Y DESARROLLO;2;LICENCIATURA;MEDICO;ALTA;TECNICO DE LABORATORIO;MUY ALTA;2564;0;SI;EXCELENTE;12;2;BUENO;martes, 11 de enero de 2011;11;7;6;7
428;573;martes, 13 de noviembre de 1962;SI;VIAJA FRECUENTEMENTE;VENTAS;28;LICENCIATURA;MARKETING;MEDIA;EJECUTIVO DE VENTAS;BAJA;10266;4;SI;EXCELENTE;22;5;EXCELENTE;martes, 25 de mayo de 2004;18;13;13;11
492;663;martes, 4 de septiembre de 1979;SI;VIAJA FRECUENTEMENTE;INVESTIGACIOÓN Y DESARROLLO;9;DOCTORADO;MEDICO;ALTA;TECNICO DE LABORATORIO;ALTA;5679;3;NO;EXCELENTE;10;3;MUY BUENO;jueves, 9 de enero de 2014;8;7;4;7
510;692;sábado, 29 de julio de 1989;SI;VIAJA FRECUENTEMENTE;INVESTIGACIOÓN Y DESARROLLO;6;LICENCIATURA;CIENCIAS DE LA VIDA;ALTA;REPRESENTANTE DE ATENCION MEDICA;MUY ALTA;7725;3;SI;SOBRESALIENTE;15;2;MALO;domingo, 19 de julio de 2009;13;11;4;7
579;803;viernes, 16 de noviembre de 1984;SI;VIAJA FRECUENTEMENTE;INVESTIGACIOÓN Y DESARROLLO;2;MAESTRIA;CIENCIAS DE LA VIDA;MUY ALTA;DIRECTOR DE MANUFACTURA;BAJA;5980;6;NO;EXCELENTE;17;2;MUY BUENO;jueves, 12 de abril de 2007;15;7;4;12
633;875;lunes, 27 de octubre de 1980;SI;VIAJA FRECUENTEMENTE;INVESTIGACIOÓN Y DESARROLLO;2;POR DEBAJO DE LA UNIVERSIDAD;MEDICO;ALTA;CIENTIFICO DE INVESTIGACION;MUY ALTA;2515;5;NO;EXCELENTE;8;2;MUY BUENO;jueves, 4 de junio de 2020;2;1;2;2
746;1034;lunes, 5 de junio de 1967;NO;VIAJA FRECUENTEMENTE;INVESTIGACIOÓN Y DESARROLLO;18;MAESTRIA;MEDICO;ALTA;REPRESENTANTE DE ATENCION MEDICA;MEDIA;6385;3;NO;EXCELENTE;17;3;MUY BUENO;viernes, 3 de octubre de 2014;8;7;6;7
757;1046;miércoles, 1 de agosto de 1990;NO;NO VIAJA;INVESTIGACIOÓN Y DESARROLLO;29;MAESTRIA;MEDICO;ALTA;TECNICO DE LABORATORIO;ALTA;4025;9;SI;EXCELENTE;10;2;MUY BUENO;jueves, 9 de enero de 2014;8;7;7;7
761;1050;miércoles, 12 de noviembre de 1969;SI;VIAJA FRECUENTEMENTE;VENTAS;2;LICENCIATURA;MARKETING;MEDIA;EJECUTIVO DE VENTAS;MEDIA;7525;2;SI;EXCELENTE;30;2;MUY BUENO;sábado, 8 de septiembre de 2007;15;7;6;12
775;1074;martes, 23 de mayo de 1967;SI;NO VIAJA;INVESTIGACIOÓN Y DESARROLLO;2;POR DEBAJO DE LA UNIVERSIDAD;MEDICO;MEDIA;GERENTE INVESTIGACION Y DESARROLLO;BAJA;16756;7;SI;EXCELENTE;31;3;EXCELENTE;martes, 12 de febrero de 2013;9;7;6;2
805;1116;sábado, 14 de septiembre de 1974;SI;NO VIAJA;INVESTIGACIOÓN Y DESARROLLO;1;MAESTRIA;MEDICO;MUY ALTA;GERENTE INVESTIGACION Y DESARROLLO;MUY ALTA;16885;2;SI;SOBRESALIENTE;27;3;BUENO;viernes, 20 de enero de 2017;5;4;2;1
814;1127;domingo, 17 de abril de 1983;NO;VIAJA FRECUENTEMENTE;INVESTIGACIOÓN Y DESARROLLO;2;LICENCIATURA;CIENCIAS DE LA VIDA;ALTA;REPRESENTANTE DE ATENCION MEDICA;MUY ALTA;12169;7;SI;EXCELENTE;21;4;MUY BUENO;martes, 17 de agosto de 2004;18;7;11;5
838;1166;sábado, 29 de mayo de 1982;SI;VIAJA FRECUENTEMENTE;INVESTIGACIOÓN Y DESARROLLO;9;MAESTRIA;MEDICO;ALTA;DIRECTOR INVESTIGACION Y DESARROLLO;ALTA;13499;9;SI;EXCELENTE;20;3;BUENO;jueves, 29 de julio de 2004;18;7;2;13
839;1167;lunes, 11 de febrero de 1980;NO;VIAJA FRECUENTEMENTE;VENTAS;12;LICENCIATURA;CIENCIAS DE LA VIDA;ALTA;EJECUTIVO DE VENTAS;BAJA;13758;0;NO;EXCELENTE;22;2;BUENO;jueves, 24 de mayo de 2001;21;9;13;14
848;1184;viernes, 19 de febrero de 1988;SI;VIAJA FRECUENTEMENTE;INVESTIGACIOÓN Y DESARROLLO;1;LICENCIATURA;MEDICO;MEDIA;REPRESENTANTE DE ATENCION MEDICA;BAJA;5343;0;SI;SOBRESALIENTE;14;3;MUY BUENO;viernes, 30 de octubre de 2009;13;9;4;9
919;1282;lunes, 13 de diciembre de 1971;SI;VIAJA FRECUENTEMENTE;VENTAS;9;LICENCIATURA;CIENCIAS DE LA VIDA;ALTA;GERENTE DE EJECUTIVO DE VENTAS;MEDIA;19847;4;NO;SOBRESALIENTE;31;5;BUENO;viernes, 10 de septiembre de 1993;29;10;11;10
921;1285;jueves, 3 de marzo de 1988;SI;VIAJA FRECUENTEMENTE;INVESTIGACIOÓN Y DESARROLLO;19;LICENCIATURA;MEDICO;ALTA;TECNICO DE LABORATORIO;MEDIA;4444;4;SI;EXCELENTE;15;2;EXCELENTE;miércoles, 12 de enero de 2011;11;8;5;10
931;1297;lunes, 14 de junio de 1971;SI;VIAJA FRECUENTEMENTE;INVESTIGACIOÓN Y DESARROLLO;6;UNIVERSITARIO;MEDICO;MEDIA;TECNICO DE LABORATORIO;ALTA;2838;0;SI;EXCELENTE;8;6;BUENO;domingo, 26 de julio de 2015;7;0;7;7
945;1315;jueves, 14 de julio de 1994;SI;NO VIAJA;INVESTIGACIOÓN Y DESARROLLO;1;LICENCIATURA;CIENCIAS DE LA VIDA;BAJA;TECNICO DE LABORATORIO;MUY ALTA;6674;0;SI;EXCELENTE;10;6;MUY BUENO;martes, 17 de septiembre de 2013;9;8;7;5
955;1334;jueves, 7 de agosto de 1980;SI;NO VIAJA;INVESTIGACIOÓN Y DESARROLLO;2;POR DEBAJO DE LA UNIVERSIDAD;CIENCIAS DE LA VIDA;ALTA;GERENTE INVESTIGACION Y DESARROLLO;ALTA;17861;0;NO;EXCELENTE;21;3;BUENO;domingo, 2 de junio de 2002;20;8;2;10
969;1362;sábado, 26 de abril de 1986;SI;VIAJA FRECUENTEMENTE;VENTAS;7;LICENCIATURA;MARKETING;MUY ALTA;EJECUTIVO DE VENTAS;BAJA;4639;2;SI;EXCELENTE;17;2;BUENO;domingo, 8 de julio de 2007;15;7;6;13
1008;1421;miércoles, 3 de febrero de 1993;NO;VIAJA FRECUENTEMENTE;INVESTIGACIOÓN Y DESARROLLO;14;POR DEBAJO DE LA UNIVERSIDAD;OTRO;ALTA;REPRESENTANTE DE ATENCION MEDICA;MUY ALTA;7553;0;NO;EXCELENTE;9;1;MUY BUENO;miércoles, 30 de abril de 2014;8;7;7;7
1041;1468;domingo, 19 de diciembre de 1982;SI;NO VIAJA;INVESTIGACIOÓN Y DESARROLLO;8;POR DEBAJO DE LA UNIVERSIDAD;MEDICO;MEDIA;DIRECTOR INVESTIGACION Y DESARROLLO;MEDIA;13757;2;SI;EXCELENTE;16;5;MUY BUENO;domingo, 1 de diciembre de 2013;9;8;4;8
1056;1485;lunes, 19 de diciembre de 1988;SI;VIAJA FRECUENTEMENTE;INVESTIGACIOÓN Y DESARROLLO;15;LICENCIATURA;MEDICO;ALTA;DIRECTOR INVESTIGACION Y DESARROLLO;BAJA;17007;7;SI;EXCELENTE;16;3;BUENO;domingo, 2 de noviembre de 2008;14;8;6;9
1094;1547;viernes, 12 de septiembre de 1980;SI;VIAJA FRECUENTEMENTE;INVESTIGACIOÓN Y DESARROLLO;2;LICENCIATURA;CIENCIAS DE LA VIDA;ALTA;REPRESENTANTE DE ATENCION MEDICA;MUY ALTA;10124;2;NO;EXCELENTE;24;3;MALO;miércoles, 17 de julio de 2002;20;8;13;9
1139;1606;viernes, 25 de febrero de 1972;NO;VIAJA FRECUENTEMENTE;INVESTIGACIOÓN Y DESARROLLO;20;DOCTORADO;MEDICO;ALTA;REPRESENTANTE DE ATENCION MEDICA;ALTA;11245;2;NO;EXCELENTE;32;3;MUY BUENO;viernes, 13 de noviembre de 1992;30;8;12;13
1187;1667;miércoles, 23 de septiembre de 1987;NO;VIAJA FRECUENTEMENTE;VENTAS;12;MAESTRIA;OTRO;ALTA;EJECUTIVO DE VENTAS;MUY ALTA;4581;3;NO;SOBRESALIENTE;13;2;EXCELENTE;jueves, 6 de octubre de 2011;11;9;6;7
1188;1668;martes, 25 de septiembre de 1984;SI;VIAJA FRECUENTEMENTE;INVESTIGACIOÓN Y DESARROLLO;1;LICENCIATURA;CIENCIAS DE LA VIDA;ALTA;CIENTIFICO DE INVESTIGACION;MUY ALTA;4735;7;SI;EXCELENTE;19;4;EXCELENTE;jueves, 15 de enero de 2009;13;11;2;9
1205;1691;sábado, 23 de noviembre de 1974;NO;VIAJA FRECUENTEMENTE;VENTAS;7;UNIVERSITARIO;MEDICO;ALTA;REPRESENTATE DE VENTAS;ALTA;2655;2;NO;EXCELENTE;19;3;MUY BUENO;martes, 3 de diciembre de 2013;9;7;7;7
1222;1712;viernes, 18 de febrero de 1977;SI;NO VIAJA;INVESTIGACIOÓN Y DESARROLLO;1;POR DEBAJO DE LA UNIVERSIDAD;CIENCIAS DE LA VIDA;MEDIA;REPRESENTANTE DE ATENCION MEDICA;ALTA;10748;3;SI;SOBRESALIENTE;25;3;BUENO;miércoles, 20 de enero de 1999;23;15;14;4
1224;1716;lunes, 29 de diciembre de 1975;NO;VIAJA FRECUENTEMENTE;VENTAS;9;LICENCIATURA;CIENCIAS DE LA VIDA;BAJA;EJECUTIVO DE VENTAS;ALTA;12936;7;SI;EXCELENTE;25;3;MALO;miércoles, 10 de febrero de 1999;23;5;14;10
1290;1805;sábado, 11 de febrero de 1984;SI;NO VIAJA;RRHH;2;LICENCIATURA;RRHH;ALTA;RRHH;MEDIA;2592;5;SI;EXCELENTE;13;3;MUY BUENO;domingo, 14 de agosto de 2011;11;10;3;8
1293;1812;domingo, 7 de agosto de 1983;SI;VIAJA FRECUENTEMENTE;VENTAS;20;LICENCIATURA;CIENCIAS DE LA VIDA;ALTA;EJECUTIVO DE VENTAS;MUY ALTA;4127;2;SI;EXCELENTE;7;6;MUY BUENO;domingo, 15 de noviembre de 2020;2;1;2;2
1302;1824;jueves, 18 de junio de 1964;SI;NO VIAJA;VENTAS;2;LICENCIATURA;MEDICO;ALTA;GERENTE DE EJECUTIVO DE VENTAS;MEDIA;16291;4;SI;SOBRESALIENTE;37;0;BUENO;jueves, 14 de diciembre de 2006;16;9;14;14
1315;1845;jueves, 2 de junio de 1977;SI;NO VIAJA;VENTAS;2;MAESTRIA;CIENCIAS DE LA VIDA;ALTA;EJECUTIVO DE VENTAS;ALTA;5154;4;SI;SOBRESALIENTE;10;3;EXCELENTE;sábado, 10 de mayo de 2014;8;7;5;7
1321;1854;viernes, 30 de mayo de 1980;SI;NO VIAJA;INVESTIGACIOÓN Y DESARROLLO;10;MAESTRIA;TITULO TECNICO;ALTA;CIENTIFICO DE INVESTIGACION;ALTA;2936;3;SI;SOBRESALIENTE;10;1;BUENO;viernes, 4 de noviembre de 2016;6;3;3;3
1335;1870;martes, 5 de septiembre de 1995;SI;VIAJA FRECUENTEMENTE;INVESTIGACIOÓN Y DESARROLLO;15;LICENCIATURA;CIENCIAS DE LA VIDA;MEDIA;CIENTIFICO DE INVESTIGACION;BAJA;4774;0;SI;EXCELENTE;8;2;BUENO;domingo, 8 de marzo de 2015;7;6;7;3
1352;1900;miércoles, 1 de mayo de 1974;SI;VIAJA FRECUENTEMENTE;INVESTIGACIOÓN Y DESARROLLO;22;LICENCIATURA;MEDICO;ALTA;GERENTE INVESTIGACION Y DESARROLLO;MUY ALTA;17174;3;SI;EXCELENTE;24;3;MUY BUENO;sábado, 12 de febrero de 2000;22;17;4;7
1362;1918;jueves, 19 de septiembre de 1996;SI;VIAJA FRECUENTEMENTE;INVESTIGACIOÓN Y DESARROLLO;6;LICENCIATURA;OTRO;MUY ALTA;TECNICO DE LABORATORIO;MUY ALTA;2544;0;SI;EXCELENTE;8;3;MUY BUENO;martes, 10 de marzo de 2015;7;7;7;7
1378;1941;martes, 28 de agosto de 1973;SI;VIAJA FRECUENTEMENTE;INVESTIGACIOÓN Y DESARROLLO;2;POR DEBAJO DE LA UNIVERSIDAD;CIENCIAS DE LA VIDA;ALTA;DIRECTOR INVESTIGACION Y DESARROLLO;MUY ALTA;19161;3;SI;EXCELENTE;28;3;MUY BUENO;jueves, 1 de junio de 2017;5;4;4;3
1406;1979;jueves, 1 de agosto de 1991;SI;NO VIAJA;INVESTIGACIOÓN Y DESARROLLO;10;LICENCIATURA;MEDICO;ALTA;DIRECTOR INVESTIGACION Y DESARROLLO;ALTA;11031;4;SI;SOBRESALIENTE;13;2;EXCELENTE;miércoles, 6 de julio de 2011;11;7;4;8
1419;1997;jueves, 27 de septiembre de 1984;SI;VIAJA FRECUENTEMENTE;INVESTIGACIOÓN Y DESARROLLO;6;MAESTRIA;CIENCIAS DE LA VIDA;MEDIA;DIRECTOR DE MANUFACTURA;ALTA;5321;2;SI;EXCELENTE;10;1;MUY BUENO;domingo, 8 de junio de 2014;8;3;7;7
1422;2000;domingo, 22 de junio de 1975;SI;NO VIAJA;INVESTIGACIOÓN Y DESARROLLO;1;POR DEBAJO DE LA UNIVERSIDAD;MEDICO;ALTA;DIRECTOR INVESTIGACION Y DESARROLLO;MEDIA;11957;0;SI;EXCELENTE;14;3;MALO;miércoles, 16 de septiembre de 2009;13;8;5;12
19;23;lunes, 21 de julio de 1969;SI;VIAJA RARAMENTE;VENTAS;2;MAESTRIA;CIENCIAS DE LA VIDA;MEDIA;GERENTE DE EJECUTIVO DE VENTAS;MUY ALTA;15427;2;SI;EXCELENTE;31;3;MUY BUENO;sábado, 18 de octubre de 1997;25;8;3;7
29;36;lunes, 18 de diciembre de 1978;SI;VIAJA RARAMENTE;INVESTIGACIOÓN Y DESARROLLO;7;MAESTRIA;MEDICO;MEDIA;REPRESENTANTE DE ATENCION MEDICA;MUY ALTA;10248;3;SI;EXCELENTE;24;4;MUY BUENO;miércoles, 22 de marzo de 2000;22;6;5;17
63;80;viernes, 14 de abril de 1972;SI;VIAJA RARAMENTE;INVESTIGACIOÓN Y DESARROLLO;7;UNIVERSITARIO;MEDICO;MEDIA;DIRECTOR INVESTIGACION Y DESARROLLO;ALTA;18740;5;NO;EXCELENTE;29;2;BUENO;sábado, 19 de agosto de 1995;27;3;13;8
77;100;martes, 7 de abril de 1987;SI;VIAJA RARAMENTE;VENTAS;1;MAESTRIA;MARKETING;MEDIA;EJECUTIVO DE VENTAS;BAJA;4312;0;SI;EXCELENTE;16;2;MUY BUENO;lunes, 10 de septiembre de 2007;15;13;2;8
117;153;sábado, 24 de septiembre de 1988;SI;VIAJA RARAMENTE;INVESTIGACIOÓN Y DESARROLLO;5;LICENCIATURA;MEDICO;MEDIA;GERENTE INVESTIGACION Y DESARROLLO;BAJA;11631;2;SI;EXCELENTE;14;6;MUY BUENO;domingo, 6 de marzo de 2011;11;10;5;8
125;163;domingo, 22 de septiembre de 1991;NO;VIAJA RARAMENTE;VENTAS;6;MAESTRIA;CIENCIAS DE LA VIDA;BAJA;EJECUTIVO DE VENTAS;ALTA;6172;4;NO;EXCELENTE;12;3;BUENO;miércoles, 18 de febrero de 2015;7;7;7;7
138;182;martes, 11 de enero de 1983;SI;VIAJA RARAMENTE;VENTAS;4;MAESTRIA;CIENCIAS DE LA VIDA;MEDIA;EJECUTIVO DE VENTAS;ALTA;5902;4;SI;EXCELENTE;17;1;EXCELENTE;viernes, 7 de septiembre de 2007;15;11;5;9
159;215;martes, 22 de junio de 1982;SI;VIAJA RARAMENTE;VENTAS;4;MAESTRIA;MARKETING;MEDIA;EJECUTIVO DE VENTAS;MUY ALTA;10855;7;SI;EXCELENTE;15;2;BUENO;sábado, 21 de agosto de 2010;12;11;2;11
188;254;miércoles, 13 de diciembre de 1967;SI;VIAJA RARAMENTE;INVESTIGACIOÓN Y DESARROLLO;14;MAESTRIA;MEDICO;MUY ALTA;DIRECTOR INVESTIGACION Y DESARROLLO;MEDIA;18722;8;SI;EXCELENTE;36;3;MUY BUENO;domingo, 13 de diciembre de 1998;24;15;2;15
191;259;domingo, 6 de diciembre de 1970;SI;VIAJA RARAMENTE;INVESTIGACIOÓN Y DESARROLLO;1;MAESTRIA;CIENCIAS DE LA VIDA;MEDIA;GERENTE INVESTIGACION Y DESARROLLO;ALTA;19999;0;SI;EXCELENTE;34;5;MUY BUENO;viernes, 17 de noviembre de 1989;33;18;11;9
214;296;martes, 27 de abril de 1971;SI;VIAJA RARAMENTE;INVESTIGACIOÓN Y DESARROLLO;8;MAESTRIA;CIENCIAS DE LA VIDA;MEDIA;DIRECTOR INVESTIGACION Y DESARROLLO;MEDIA;12490;5;SI;EXCELENTE;16;5;MALO;jueves, 30 de agosto de 2012;10;9;4;7
248;339;miércoles, 21 de diciembre de 1988;SI;VIAJA RARAMENTE;INVESTIGACIOÓN Y DESARROLLO;2;MAESTRIA;CIENCIAS DE LA VIDA;MEDIA;DIRECTOR DE MANUFACTURA;BAJA;5957;6;SI;EXCELENTE;13;3;MUY BUENO;miércoles, 15 de junio de 2011;11;9;5;9
257;351;jueves, 29 de mayo de 1980;SI;VIAJA RARAMENTE;INVESTIGACIOÓN Y DESARROLLO;2;LICENCIATURA;MEDICO;MEDIA;TECNICO DE LABORATORIO;BAJA;2593;0;NO;EXCELENTE;10;4;MUY BUENO;domingo, 17 de febrero de 2013;9;6;7;8
264;363;martes, 20 de abril de 1976;SI;VIAJA RARAMENTE;VENTAS;2;LICENCIATURA;TITULO TECNICO;BAJA;GERENTE DE EJECUTIVO DE VENTAS;MEDIA;16872;3;NO;EXCELENTE;28;2;BUENO;domingo, 12 de julio de 2015;7;7;7;7
267;367;jueves, 21 de marzo de 1991;SI;VIAJA RARAMENTE;INVESTIGACIOÓN Y DESARROLLO;23;LICENCIATURA;MEDICO;MEDIA;REPRESENTANTE DE ATENCION MEDICA;MUY ALTA;5582;0;SI;SOBRESALIENTE;10;2;MUY BUENO;viernes, 25 de octubre de 2013;9;0;7;8
277;381;viernes, 27 de noviembre de 1987;SI;VIAJA RARAMENTE;INVESTIGACIOÓN Y DESARROLLO;22;LICENCIATURA;CIENCIAS DE LA VIDA;MUY ALTA;GERENTE INVESTIGACION Y DESARROLLO;MEDIA;11996;7;SI;EXCELENTE;10;6;BUENO;domingo, 29 de noviembre de 2015;7;7;6;2
304;416;miércoles, 9 de octubre de 1991;SI;VIAJA RARAMENTE;VENTAS;7;LICENCIATURA;TITULO TECNICO;MUY ALTA;EJECUTIVO DE VENTAS;MUY ALTA;6929;4;SI;EXCELENTE;10;3;BUENO;viernes, 9 de mayo de 2014;8;7;7;7
305;417;viernes, 25 de noviembre de 1983;SI;VIAJA RARAMENTE;INVESTIGACIOÓN Y DESARROLLO;1;LICENCIATURA;MEDICO;MUY ALTA;REPRESENTANTE DE ATENCION MEDICA;MUY ALTA;9613;0;SI;EXCELENTE;19;5;BUENO;miércoles, 3 de marzo de 2004;18;10;3;7
342;461;martes, 1 de mayo de 1984;SI;VIAJA RARAMENTE;INVESTIGACIOÓN Y DESARROLLO;15;UNIVERSITARIO;CIENCIAS DE LA VIDA;MEDIA;DIRECTOR INVESTIGACION Y DESARROLLO;MUY ALTA;11510;0;NO;EXCELENTE;12;3;MUY BUENO;martes, 29 de noviembre de 2011;11;10;2;9
354;474;miércoles, 1 de mayo de 1985;SI;VIAJA RARAMENTE;INVESTIGACIOÓN Y DESARROLLO;6;LICENCIATURA;MEDICO;MUY ALTA;CIENTIFICO DE INVESTIGACION;BAJA;5974;4;NO;EXCELENTE;13;2;MUY BUENO;miércoles, 29 de julio de 2015;7;7;6;7
426;569;martes, 2 de mayo de 1972;NO;VIAJA RARAMENTE;INVESTIGACIOÓN Y DESARROLLO;29;MAESTRIA;CIENCIAS DE LA VIDA;MEDIA;GERENTE INVESTIGACION Y DESARROLLO;ALTA;17046;0;SI;EXCELENTE;28;2;MUY BUENO;domingo, 8 de enero de 1995;27;10;15;7
431;577;domingo, 5 de julio de 1987;NO;VIAJA RARAMENTE;INVESTIGACIOÓN Y DESARROLLO;22;LICENCIATURA;CIENCIAS DE LA VIDA;BAJA;TECNICO DE LABORATORIO;ALTA;4230;0;SI;EXCELENTE;6;2;MUY BUENO;miércoles, 22 de noviembre de 2017;5;4;4;3
433;579;martes, 2 de agosto de 1988;SI;VIAJA RARAMENTE;INVESTIGACIOÓN Y DESARROLLO;2;MAESTRIA;CIENCIAS DE LA VIDA;MEDIA;CIENTIFICO DE INVESTIGACION;ALTA;2768;3;SI;EXCELENTE;14;3;MUY BUENO;martes, 28 de julio de 2015;7;3;5;7
485;653;domingo, 7 de abril de 1991;SI;VIAJA RARAMENTE;VENTAS;6;MAESTRIA;MEDICO;MUY ALTA;EJECUTIVO DE VENTAS;MUY ALTA;5460;4;SI;SOBRESALIENTE;13;4;EXCELENTE;sábado, 19 de septiembre de 2015;7;7;5;7
536;731;martes, 13 de octubre de 1981;SI;VIAJA RARAMENTE;RRHH;10;MAESTRIA;RRHH;MEDIA;GERENTE RRHH;MUY ALTA;19141;3;SI;EXCELENTE;23;2;BUENO;martes, 27 de marzo de 2001;21;6;12;6
541;741;jueves, 23 de junio de 1994;NO;VIAJA RARAMENTE;INVESTIGACIOÓN Y DESARROLLO;1;UNIVERSITARIO;CIENCIAS DE LA VIDA;BAJA;CIENTIFICO DE INVESTIGACION;MEDIA;2216;7;NO;EXCELENTE;10;4;MUY BUENO;miércoles, 29 de julio de 2015;7;7;3;7
552;760;sábado, 9 de abril de 1983;SI;VIAJA RARAMENTE;RRHH;3;LICENCIATURA;RRHH;MUY ALTA;RRHH;MEDIA;6389;9;SI;EXCELENTE;12;3;MALO;lunes, 11 de agosto de 2014;8;3;3;6
565;783;jueves, 13 de octubre de 1977;SI;VIAJA RARAMENTE;VENTAS;2;UNIVERSITARIO;TITULO TECNICO;BAJA;REPRESENTATE DE VENTAS;ALTA;6632;0;SI;EXCELENTE;9;3;MUY BUENO;martes, 25 de noviembre de 2014;8;7;3;1
648;899;martes, 5 de mayo de 1987;NO;VIAJA RARAMENTE;INVESTIGACIOÓN Y DESARROLLO;25;LICENCIATURA;TITULO TECNICO;MEDIA;DIRECTOR DE MANUFACTURA;MEDIA;10903;3;SI;EXCELENTE;16;2;MUY BUENO;miércoles, 18 de marzo de 2009;13;10;4;8
676;941;miércoles, 13 de noviembre de 1991;SI;VIAJA RARAMENTE;VENTAS;7;MAESTRIA;CIENCIAS DE LA VIDA;MEDIA;REPRESENTATE DE VENTAS;ALTA;2329;3;SI;EXCELENTE;13;2;EXCELENTE;jueves, 4 de junio de 2015;7;7;5;2
696;970;sábado, 28 de diciembre de 1985;NO;VIAJA RARAMENTE;VENTAS;1;MAESTRIA;CIENCIAS DE LA VIDA;MEDIA;EJECUTIVO DE VENTAS;ALTA;10609;5;SI;EXCELENTE;17;2;MALO;lunes, 17 de noviembre de 2008;14;1;11;7
737;1024;miércoles, 28 de agosto de 1974;SI;VIAJA RARAMENTE;INVESTIGACIOÓN Y DESARROLLO;4;MAESTRIA;CIENCIAS DE LA VIDA;MEDIA;REPRESENTANTE DE ATENCION MEDICA;ALTA;10999;7;SI;EXCELENTE;27;3;MUY BUENO;sábado, 6 de octubre de 2007;15;11;4;8
744;1032;viernes, 19 de abril de 1963;SI;VIAJA RARAMENTE;INVESTIGACIOÓN Y DESARROLLO;2;LICENCIATURA;CIENCIAS DE LA VIDA;MEDIA;DIRECTOR DE MANUFACTURA;MUY ALTA;13726;3;NO;EXCELENTE;30;4;MUY BUENO;domingo, 7 de mayo de 2017;5;3;4;3
751;1039;jueves, 5 de enero de 1978;NO;VIAJA RARAMENTE;VENTAS;28;LICENCIATURA;MEDICO;MUY ALTA;EJECUTIVO DE VENTAS;MUY ALTA;13320;3;NO;EXCELENTE;23;2;MUY BUENO;miércoles, 25 de agosto de 2010;12;11;11;11
772;1070;viernes, 26 de abril de 1968;SI;VIAJA RARAMENTE;VENTAS;2;MAESTRIA;CIENCIAS DE LA VIDA;MEDIA;EJECUTIVO DE VENTAS;ALTA;10686;6;SI;EXCELENTE;13;4;MUY BUENO;jueves, 18 de julio de 2013;9;4;7;0
774;1073;viernes, 4 de julio de 1986;SI;VIAJA RARAMENTE;INVESTIGACIOÓN Y DESARROLLO;12;DOCTORADO;MEDICO;MEDIA;DIRECTOR DE MANUFACTURA;MUY ALTA;8858;0;SI;EXCELENTE;15;2;BUENO;domingo, 24 de agosto de 2008;14;8;7;8
790;1098;miércoles, 11 de enero de 1978;NO;VIAJA RARAMENTE;RRHH;1;UNIVERSITARIO;MEDICO;MEDIA;RRHH;BAJA;10482;9;SI;EXCELENTE;24;1;MUY BUENO;martes, 5 de febrero de 2002;20;6;3;6
808;1119;jueves, 8 de noviembre de 1984;SI;VIAJA RARAMENTE;VENTAS;10;MAESTRIA;MARKETING;MEDIA;EJECUTIVO DE VENTAS;ALTA;8740;0;NO;EXCELENTE;9;2;MUY BUENO;jueves, 17 de julio de 2014;8;7;2;7
822;1138;sábado, 8 de septiembre de 1973;SI;VIAJA RARAMENTE;VENTAS;8;MAESTRIA;TITULO TECNICO;MEDIA;EJECUTIVO DE VENTAS;MEDIA;13120;6;SI;EXCELENTE;22;3;MUY BUENO;viernes, 19 de julio de 2013;9;8;2;3
847;1182;lunes, 30 de noviembre de 1987;SI;VIAJA RARAMENTE;INVESTIGACIOÓN Y DESARROLLO;2;LICENCIATURA;CIENCIAS DE LA VIDA;MEDIA;DIRECTOR DE MANUFACTURA;MEDIA;10274;2;SI;EXCELENTE;15;2;EXCELENTE;domingo, 20 de septiembre de 2015;7;7;6;4
883;1237;jueves, 15 de mayo de 1986;SI;VIAJA RARAMENTE;INVESTIGACIOÓN Y DESARROLLO;1;LICENCIATURA;TITULO TECNICO;BAJA;DIRECTOR DE MANUFACTURA;BAJA;10252;2;NO;SOBRESALIENTE;17;2;MUY BUENO;martes, 10 de noviembre de 2015;7;7;7;7
927;1293;martes, 13 de febrero de 1979;SI;VIAJA RARAMENTE;VENTAS;4;MAESTRIA;MARKETING;MEDIA;EJECUTIVO DE VENTAS;MUY ALTA;10231;3;SI;EXCELENTE;23;3;EXCELENTE;domingo, 14 de enero de 2001;21;7;15;17
938;1307;sábado, 27 de agosto de 1983;SI;VIAJA RARAMENTE;INVESTIGACIOÓN Y DESARROLLO;13;MAESTRIA;MEDICO;MEDIA;GERENTE INVESTIGACION Y DESARROLLO;MEDIA;17123;6;NO;EXCELENTE;21;4;MUY BUENO;domingo, 23 de noviembre de 2003;19;9;15;2
956;1336;lunes, 23 de enero de 1967;SI;VIAJA RARAMENTE;INVESTIGACIOÓN Y DESARROLLO;2;UNIVERSITARIO;MEDICO;BAJA;GERENTE INVESTIGACION Y DESARROLLO;ALTA;19187;4;SI;EXCELENTE;23;5;MUY BUENO;domingo, 16 de noviembre de 2003;19;9;9;11
967;1360;domingo, 23 de agosto de 1964;NO;VIAJA RARAMENTE;INVESTIGACIOÓN Y DESARROLLO;7;MAESTRIA;MEDICO;MEDIA;DIRECTOR DE MANUFACTURA;BAJA;10008;7;NO;EXCELENTE;31;0;BUENO;jueves, 31 de mayo de 2012;10;9;5;9
976;1372;miércoles, 29 de marzo de 1967;NO;VIAJA RARAMENTE;VENTAS;13;MAESTRIA;MARKETING;MUY ALTA;EJECUTIVO DE VENTAS;ALTA;13695;6;NO;EXCELENTE;24;2;BUENO;miércoles, 22 de octubre de 2003;19;7;3;8
979;1375;viernes, 2 de julio de 1982;SI;VIAJA RARAMENTE;INVESTIGACIOÓN Y DESARROLLO;2;POR DEBAJO DE LA UNIVERSIDAD;MEDICO;MUY ALTA;REPRESENTANTE DE ATENCION MEDICA;ALTA;6377;5;SI;SOBRESALIENTE;15;0;MUY BUENO;martes, 2 de noviembre de 2010;12;11;11;8
1044;1472;martes, 16 de septiembre de 1969;SI;VIAJA RARAMENTE;INVESTIGACIOÓN Y DESARROLLO;2;LICENCIATURA;MEDICO;MUY ALTA;DIRECTOR INVESTIGACION Y DESARROLLO;MEDIA;16598;4;SI;EXCELENTE;35;2;BUENO;jueves, 31 de enero de 2013;9;8;8;8
1049;1478;jueves, 15 de diciembre de 1988;SI;VIAJA RARAMENTE;VENTAS;3;LICENCIATURA;OTRO;BAJA;EJECUTIVO DE VENTAS;BAJA;4759;3;SI;EXCELENTE;15;2;MUY BUENO;lunes, 30 de noviembre de 2009;13;9;3;12
1054;1483;sábado, 23 de enero de 1965;SI;VIAJA RARAMENTE;INVESTIGACIOÓN Y DESARROLLO;1;UNIVERSITARIO;CIENCIAS DE LA VIDA;MUY ALTA;CIENTIFICO DE INVESTIGACION;ALTA;4900;0;SI;SOBRESALIENTE;13;2;BUENO;viernes, 21 de mayo de 2010;12;9;2;8
1059;1489;viernes, 23 de diciembre de 1988;NO;VIAJA RARAMENTE;VENTAS;24;MAESTRIA;MEDICO;MEDIA;EJECUTIVO DE VENTAS;MEDIA;4599;0;NO;SOBRESALIENTE;16;2;EXCELENTE;viernes, 21 de septiembre de 2007;15;9;10;10
1101;1554;viernes, 24 de julio de 1987;NO;VIAJA RARAMENTE;VENTAS;28;MAESTRIA;CIENCIAS DE LA VIDA;MEDIA;REPRESENTATE DE VENTAS;ALTA;2430;0;SI;SOBRESALIENTE;6;5;MUY BUENO;miércoles, 29 de marzo de 2017;5;3;4;2
1102;1555;domingo, 8 de julio de 1990;SI;VIAJA RARAMENTE;INVESTIGACIOÓN Y DESARROLLO;5;UNIVERSITARIO;CIENCIAS DE LA VIDA;MEDIA;CIENTIFICO DE INVESTIGACION;MEDIA;5878;3;SI;EXCELENTE;12;2;MUY BUENO;martes, 10 de marzo de 2015;7;1;2;5
1125;1588;lunes, 5 de diciembre de 1983;SI;VIAJA RARAMENTE;VENTAS;6;LICENCIATURA;MEDICO;MUY ALTA;EJECUTIVO DE VENTAS;ALTA;8237;2;SI;EXCELENTE;11;3;MUY BUENO;lunes, 25 de mayo de 2015;7;6;7;6
1163;1639;viernes, 14 de agosto de 1987;NO;VIAJA RARAMENTE;VENTAS;10;LICENCIATURA;MEDICO;MEDIA;EJECUTIVO DE VENTAS;BAJA;10306;9;SI;EXCELENTE;15;3;MUY BUENO;sábado, 27 de junio de 2009;13;12;6;0
1182;1661;domingo, 20 de mayo de 1973;SI;VIAJA RARAMENTE;INVESTIGACIOÓN Y DESARROLLO;6;POR DEBAJO DE LA UNIVERSIDAD;CIENCIAS DE LA VIDA;MEDIA;REPRESENTANTE DE ATENCION MEDICA;ALTA;13966;2;NO;EXCELENTE;30;3;MUY BUENO;martes, 18 de diciembre de 2007;15;11;2;12
1283;1798;viernes, 1 de septiembre de 1989;SI;VIAJA RARAMENTE;INVESTIGACIOÓN Y DESARROLLO;8;MAESTRIA;CIENCIAS DE LA VIDA;MUY ALTA;CIENTIFICO DE INVESTIGACION;BAJA;3143;6;SI;EXCELENTE;14;1;MUY BUENO;domingo, 1 de abril de 2012;10;8;7;6
1304;1827;miércoles, 13 de agosto de 1975;SI;VIAJA RARAMENTE;INVESTIGACIOÓN Y DESARROLLO;4;LICENCIATURA;CIENCIAS DE LA VIDA;MEDIA;DIRECTOR DE MANUFACTURA;MEDIA;10333;8;NO;EXCELENTE;28;4;MUY BUENO;lunes, 2 de octubre de 2000;22;11;14;10
1328;1863;jueves, 27 de mayo de 1976;SI;VIAJA RARAMENTE;VENTAS;3;LICENCIATURA;TITULO TECNICO;MUY ALTA;EJECUTIVO DE VENTAS;BAJA;13225;2;SI;EXCELENTE;25;5;MUY BUENO;miércoles, 22 de octubre de 2003;19;17;2;8
1331;1866;sábado, 13 de enero de 1979;SI;VIAJA RARAMENTE;INVESTIGACIOÓN Y DESARROLLO;6;LICENCIATURA;MEDICO;MEDIA;GERENTE INVESTIGACION Y DESARROLLO;ALTA;19392;7;SI;EXCELENTE;21;2;MUY BUENO;martes, 21 de noviembre de 2006;16;12;6;14
1332;1867;jueves, 18 de abril de 1974;SI;VIAJA RARAMENTE;INVESTIGACIOÓN Y DESARROLLO;10;LICENCIATURA;CIENCIAS DE LA VIDA;MEDIA;DIRECTOR INVESTIGACION Y DESARROLLO;MEDIA;19665;4;SI;EXCELENTE;29;3;MUY BUENO;lunes, 10 de enero de 2000;22;10;12;9
1347;1888;jueves, 3 de marzo de 1977;NO;VIAJA RARAMENTE;INVESTIGACIOÓN Y DESARROLLO;25;UNIVERSITARIO;CIENCIAS DE LA VIDA;MEDIA;DIRECTOR DE MANUFACTURA;MUY ALTA;5906;0;SI;EXCELENTE;10;2;BUENO;domingo, 30 de junio de 2013;9;8;3;8
1353;1903;viernes, 16 de junio de 1978;SI;VIAJA RARAMENTE;INVESTIGACIOÓN Y DESARROLLO;1;MAESTRIA;CIENCIAS DE LA VIDA;MUY ALTA;REPRESENTANTE DE ATENCION MEDICA;BAJA;5033;2;SI;EXCELENTE;10;5;MUY BUENO;martes, 19 de mayo de 2020;2;0;2;2
1440;2024;viernes, 25 de abril de 1986;SI;VIAJA RARAMENTE;VENTAS;3;LICENCIATURA;MEDICO;MEDIA;EJECUTIVO DE VENTAS;MUY ALTA;7644;0;SI;EXCELENTE;10;2;MUY BUENO;viernes, 19 de julio de 2013;9;7;3;4
1463;2056;jueves, 24 de marzo de 1983;NO;VIAJA RARAMENTE;VENTAS;24;POR DEBAJO DE LA UNIVERSIDAD;MARKETING;MEDIA;EJECUTIVO DE VENTAS;MUY ALTA;12031;0;SI;EXCELENTE;21;2;BUENO;jueves, 2 de mayo de 2002;20;9;9;6
28;35;sábado, 2 de febrero de 1980;SI;VIAJA RARAMENTE;VENTAS;8;MAESTRIA;MARKETING;ALTA;EJECUTIVO DE VENTAS;MEDIA;6825;0;SI;EXCELENTE;10;2;MUY BUENO;domingo, 11 de agosto de 2013;9;7;4;2
64;81;domingo, 12 de mayo de 1963;SI;VIAJA RARAMENTE;VENTAS;25;LICENCIATURA;CIENCIAS DE LA VIDA;ALTA;EJECUTIVO DE VENTAS;BAJA;7637;7;SI;EXCELENTE;28;3;BUENO;jueves, 24 de mayo de 2001;21;16;7;9
140;184;martes, 11 de febrero de 1992;SI;VIAJA RARAMENTE;RRHH;9;LICENCIATURA;RRHH;ALTA;RRHH;MUY ALTA;6347;0;NO;EXCELENTE;12;2;MALO;lunes, 21 de marzo de 2011;11;9;4;7
153;205;martes, 25 de noviembre de 1969;SI;VIAJA RARAMENTE;VENTAS;6;UNIVERSITARIO;MARKETING;ALTA;REPRESENTATE DE VENTAS;ALTA;2306;2;NO;SOBRESALIENTE;13;3;MALO;miércoles, 3 de junio de 2015;7;7;4;5
168;228;viernes, 14 de febrero de 1992;SI;VIAJA RARAMENTE;VENTAS;5;LICENCIATURA;CIENCIAS DE LA VIDA;ALTA;EJECUTIVO DE VENTAS;MUY ALTA;9419;2;SI;EXCELENTE;12;2;MUY BUENO;sábado, 1 de diciembre de 2012;10;9;7;4
224;307;lunes, 15 de octubre de 1984;SI;VIAJA RARAMENTE;VENTAS;3;LICENCIATURA;CIENCIAS DE LA VIDA;ALTA;EJECUTIVO DE VENTAS;ALTA;10609;0;SI;EXCELENTE;17;6;BUENO;viernes, 8 de diciembre de 2006;16;10;5;13
298;406;martes, 17 de marzo de 1987;NO;VIAJA RARAMENTE;VENTAS;16;LICENCIATURA;MARKETING;ALTA;EJECUTIVO DE VENTAS;MEDIA;8020;0;SI;EXCELENTE;12;3;BUENO;martes, 28 de junio de 2011;11;9;6;9
403;533;lunes, 9 de marzo de 1992;SI;VIAJA RARAMENTE;VENTAS;12;LICENCIATURA;TITULO TECNICO;ALTA;EJECUTIVO DE VENTAS;ALTA;6577;0;SI;EXCELENTE;6;6;MUY BUENO;miércoles, 22 de febrero de 2017;5;4;4;4
445;595;miércoles, 6 de febrero de 1974;SI;VIAJA RARAMENTE;VENTAS;2;DOCTORADO;MARKETING;ALTA;EJECUTIVO DE VENTAS;MUY ALTA;4051;2;SI;EXCELENTE;14;2;MUY BUENO;lunes, 28 de enero de 2013;9;7;6;7
446;597;jueves, 19 de enero de 1967;SI;VIAJA RARAMENTE;VENTAS;18;DOCTORADO;CIENCIAS DE LA VIDA;ALTA;GERENTE DE EJECUTIVO DE VENTAS;MEDIA;16835;3;SI;SOBRESALIENTE;37;2;MUY BUENO;lunes, 23 de abril de 2012;10;9;7;7
448;600;miércoles, 21 de octubre de 1987;SI;VIAJA RARAMENTE;VENTAS;1;LICENCIATURA;MARKETING;ALTA;EJECUTIVO DE VENTAS;ALTA;4717;9;SI;EXCELENTE;15;2;MUY BUENO;miércoles, 15 de junio de 2011;11;9;6;9
453;606;martes, 1 de noviembre de 1977;SI;VIAJA RARAMENTE;VENTAS;2;LICENCIATURA;OTRO;ALTA;EJECUTIVO DE VENTAS;MEDIA;4805;0;SI;EXCELENTE;9;3;EXCELENTE;lunes, 7 de julio de 2014;8;7;3;7
467;625;sábado, 24 de octubre de 1981;SI;VIAJA RARAMENTE;VENTAS;2;DOCTORADO;CIENCIAS DE LA VIDA;ALTA;GERENTE DE EJECUTIVO DE VENTAS;BAJA;16595;7;SI;EXCELENTE;22;2;MUY BUENO;jueves, 14 de octubre de 2004;18;16;11;8
503;682;lunes, 3 de noviembre de 1969;SI;VIAJA RARAMENTE;VENTAS;1;POR DEBAJO DE LA UNIVERSIDAD;MEDICO;ALTA;EJECUTIVO DE VENTAS;BAJA;8381;7;SI;SOBRESALIENTE;18;2;EXCELENTE;miércoles, 2 de enero de 2008;14;7;8;10
511;698;miércoles, 11 de septiembre de 1968;NO;VIAJA RARAMENTE;RRHH;19;MAESTRIA;MEDICO;ALTA;RRHH;MEDIA;10725;2;SI;EXCELENTE;16;1;EXCELENTE;lunes, 17 de junio de 2013;9;7;7;1
546;747;miércoles, 12 de agosto de 1992;NO;VIAJA RARAMENTE;VENTAS;27;DOCTORADO;MARKETING;ALTA;EJECUTIVO DE VENTAS;MUY ALTA;5304;7;SI;SOBRESALIENTE;10;2;BUENO;lunes, 7 de julio de 2014;8;7;7;7
609;842;martes, 29 de agosto de 1967;NO;VIAJA RARAMENTE;VENTAS;2;POR DEBAJO DE LA UNIVERSIDAD;MEDICO;ALTA;EJECUTIVO DE VENTAS;MUY ALTA;5160;4;SI;EXCELENTE;12;3;BUENO;jueves, 15 de agosto de 2013;9;7;7;3
617;851;viernes, 23 de abril de 1971;NO;VIAJA RARAMENTE;VENTAS;26;MAESTRIA;MARKETING;ALTA;GERENTE DE EJECUTIVO DE VENTAS;ALTA;16307;2;SI;EXCELENTE;29;2;BUENO;sábado, 9 de noviembre de 2002;20;6;4;17
647;897;jueves, 15 de mayo de 1969;SI;VIAJA RARAMENTE;VENTAS;8;LICENCIATURA;MARKETING;ALTA;EJECUTIVO DE VENTAS;MUY ALTA;11836;5;SI;EXCELENTE;28;3;MUY BUENO;jueves, 22 de octubre de 2020;2;0;2;2
652;903;martes, 15 de abril de 1975;SI;VIAJA RARAMENTE;VENTAS;2;UNIVERSITARIO;MARKETING;ALTA;EJECUTIVO DE VENTAS;MUY ALTA;4537;0;NO;SOBRESALIENTE;8;2;MUY BUENO;sábado, 24 de enero de 2015;7;6;7;7
702;981;lunes, 27 de octubre de 1969;SI;VIAJA RARAMENTE;VENTAS;2;UNIVERSITARIO;MEDICO;ALTA;GERENTE DE EJECUTIVO DE VENTAS;ALTA;14852;6;SI;EXCELENTE;22;3;EXCELENTE;domingo, 9 de enero de 2005;17;13;15;2
703;982;lunes, 14 de septiembre de 1992;SI;VIAJA RARAMENTE;VENTAS;8;UNIVERSITARIO;OTRO;ALTA;EJECUTIVO DE VENTAS;ALTA;7264;5;SI;EXCELENTE;10;2;EXCELENTE;martes, 8 de julio de 2014;8;4;7;7
792;1100;domingo, 4 de octubre de 1987;NO;VIAJA RARAMENTE;VENTAS;4;LICENCIATURA;TITULO TECNICO;ALTA;EJECUTIVO DE VENTAS;BAJA;9582;0;NO;SOBRESALIENTE;9;2;MUY BUENO;martes, 8 de julio de 2014;8;7;4;7
811;1124;sábado, 9 de octubre de 1976;SI;VIAJA RARAMENTE;VENTAS;3;POR DEBAJO DE LA UNIVERSIDAD;MARKETING;ALTA;GERENTE DE EJECUTIVO DE VENTAS;ALTA;17465;3;SI;EXCELENTE;23;3;MUY BUENO;martes, 6 de abril de 2010;12;9;4;9
862;1204;sábado, 13 de marzo de 1976;SI;VIAJA RARAMENTE;VENTAS;2;LICENCIATURA;MARKETING;ALTA;GERENTE DE EJECUTIVO DE VENTAS;BAJA;17048;8;SI;SOBRESALIENTE;28;2;MUY BUENO;domingo, 17 de marzo de 1996;26;15;15;9
908;1267;viernes, 23 de junio de 1978;SI;VIAJA RARAMENTE;VENTAS;5;LICENCIATURA;MARKETING;ALTA;GERENTE DE EJECUTIVO DE VENTAS;MEDIA;18213;7;SI;EXCELENTE;26;5;MUY BUENO;jueves, 6 de enero de 2000;22;9;3;10
944;1314;sábado, 6 de noviembre de 1976;SI;VIAJA RARAMENTE;RRHH;1;UNIVERSITARIO;CIENCIAS DE LA VIDA;ALTA;RRHH;BAJA;3423;6;SI;EXCELENTE;10;3;EXCELENTE;lunes, 9 de febrero de 2015;7;6;5;7
948;1319;domingo, 8 de marzo de 1970;NO;VIAJA RARAMENTE;VENTAS;5;LICENCIATURA;CIENCIAS DE LA VIDA;ALTA;EJECUTIVO DE VENTAS;MEDIA;8446;9;NO;EXCELENTE;10;2;BUENO;miércoles, 9 de julio de 2014;8;7;7;7
957;1338;viernes, 2 de diciembre de 1966;SI;VIAJA RARAMENTE;RRHH;8;MAESTRIA;CIENCIAS DE LA VIDA;ALTA;GERENTE RRHH;MEDIA;19717;6;SI;EXCELENTE;36;4;MUY BUENO;domingo, 27 de septiembre de 2015;7;3;7;7
1032;1457;lunes, 26 de enero de 1976;NO;VIAJA RARAMENTE;VENTAS;9;LICENCIATURA;MARKETING;ALTA;EJECUTIVO DE VENTAS;MUY ALTA;10096;4;SI;EXCELENTE;28;1;EXCELENTE;domingo, 24 de mayo de 2015;7;7;4;3
1050;1479;jueves, 16 de enero de 1992;NO;VIAJA RARAMENTE;VENTAS;16;POR DEBAJO DE LA UNIVERSIDAD;CIENCIAS DE LA VIDA;ALTA;EJECUTIVO DE VENTAS;ALTA;5301;8;SI;EXCELENTE;4;2;BUENO;miércoles, 18 de noviembre de 2020;2;1;2;2
1081;1527;viernes, 13 de febrero de 1976;SI;VIAJA RARAMENTE;VENTAS;3;LICENCIATURA;CIENCIAS DE LA VIDA;ALTA;GERENTE DE EJECUTIVO DE VENTAS;MEDIA;16606;8;SI;EXCELENTE;23;2;EXCELENTE;jueves, 1 de octubre de 2009;13;12;5;1
1088;1541;martes, 24 de mayo de 1988;SI;VIAJA RARAMENTE;VENTAS;7;UNIVERSITARIO;TITULO TECNICO;ALTA;REPRESENTATE DE VENTAS;ALTA;2308;0;NO;SOBRESALIENTE;12;4;MUY BUENO;lunes, 7 de noviembre de 2011;11;10;5;7
1095;1548;jueves, 27 de mayo de 1982;SI;VIAJA RARAMENTE;VENTAS;9;UNIVERSITARIO;MEDICO;ALTA;EJECUTIVO DE VENTAS;BAJA;5473;0;SI;EXCELENTE;9;5;EXCELENTE;viernes, 9 de mayo de 2014;8;4;7;1
1104;1557;viernes, 10 de mayo de 1974;NO;VIAJA RARAMENTE;VENTAS;16;MAESTRIA;CIENCIAS DE LA VIDA;ALTA;EJECUTIVO DE VENTAS;ALTA;6439;8;SI;EXCELENTE;18;2;MUY BUENO;sábado, 10 de mayo de 2014;8;7;7;7
1120;1582;sábado, 15 de septiembre de 1984;SI;VIAJA RARAMENTE;VENTAS;14;LICENCIATURA;CIENCIAS DE LA VIDA;ALTA;EJECUTIVO DE VENTAS;MEDIA;9924;0;SI;EXCELENTE;10;3;MUY BUENO;jueves, 18 de julio de 2013;9;8;7;7
1221;1710;miércoles, 24 de diciembre de 1986;SI;VIAJA RARAMENTE;VENTAS;2;MAESTRIA;CIENCIAS DE LA VIDA;ALTA;REPRESENTATE DE VENTAS;MUY ALTA;4502;3;SI;EXCELENTE;17;2;BUENO;martes, 8 de diciembre de 2009;13;7;6;7
1281;1794;lunes, 23 de diciembre de 1985;SI;VIAJA RARAMENTE;RRHH;8;UNIVERSITARIO;OTRO;ALTA;RRHH;MEDIA;4071;2;SI;EXCELENTE;19;4;BUENO;martes, 6 de marzo de 2012;10;0;4;7
1296;1815;domingo, 31 de mayo de 1981;SI;VIAJA RARAMENTE;VENTAS;4;POR DEBAJO DE LA UNIVERSIDAD;MARKETING;ALTA;EJECUTIVO DE VENTAS;ALTA;10447;0;NO;EXCELENTE;23;3;EXCELENTE;domingo, 6 de febrero de 2000;22;14;13;5
1370;1933;miércoles, 13 de abril de 1994;NO;VIAJA RARAMENTE;VENTAS;13;UNIVERSITARIO;MARKETING;ALTA;EJECUTIVO DE VENTAS;ALTA;9854;3;NO;EXCELENTE;6;0;MUY BUENO;domingo, 23 de agosto de 2020;2;0;2;2
1404;1975;martes, 1 de marzo de 1983;SI;VIAJA RARAMENTE;VENTAS;15;MAESTRIA;MARKETING;ALTA;EJECUTIVO DE VENTAS;BAJA;13341;0;SI;EXCELENTE;21;3;MUY BUENO;jueves, 7 de noviembre de 2002;20;8;11;10
1411;1986;miércoles, 24 de noviembre de 1982;SI;VIAJA RARAMENTE;VENTAS;2;UNIVERSITARIO;MARKETING;ALTA;EJECUTIVO DE VENTAS;MEDIA;5677;3;SI;EXCELENTE;15;4;MUY BUENO;martes, 13 de septiembre de 2011;11;8;5;10
1417;1995;miércoles, 26 de diciembre de 1984;SI;VIAJA RARAMENTE;VENTAS;1;MAESTRIA;CIENCIAS DE LA VIDA;ALTA;EJECUTIVO DE VENTAS;MEDIA;4440;0;SI;EXCELENTE;16;3;MUY BUENO;viernes, 7 de septiembre de 2007;15;13;5;8
10;13;lunes, 20 de octubre de 1986;NO;VIAJA RARAMENTE;INVESTIGACIOÓN Y DESARROLLO;27;LICENCIATURA;MEDICO;ALTA;REPRESENTANTE DE ATENCION MEDICA;ALTA;5237;6;SI;EXCELENTE;17;3;BUENO;viernes, 27 de febrero de 2015;7;7;7;7
23;28;viernes, 9 de diciembre de 1988;SI;VIAJA RARAMENTE;INVESTIGACIOÓN Y DESARROLLO;7;MAESTRIA;CIENCIAS DE LA VIDA;ALTA;DIRECTOR INVESTIGACION Y DESARROLLO;MEDIA;11994;0;SI;EXCELENTE;13;4;MUY BUENO;domingo, 7 de noviembre de 2010;12;6;2;11
26;32;martes, 15 de abril de 1969;SI;VIAJA RARAMENTE;INVESTIGACIOÓN Y DESARROLLO;5;LICENCIATURA;OTRO;ALTA;GERENTE INVESTIGACION Y DESARROLLO;ALTA;19094;4;SI;EXCELENTE;26;3;BUENO;sábado, 10 de mayo de 2008;14;13;4;8
35;45;sábado, 5 de septiembre de 1998;NO;VIAJA RARAMENTE;INVESTIGACIOÓN Y DESARROLLO;1;LICENCIATURA;MEDICO;ALTA;CIENTIFICO DE INVESTIGACION;MUY ALTA;2293;2;NO;EXCELENTE;6;2;BUENO;domingo, 16 de agosto de 2020;2;0;2;0
123;161;sábado, 5 de noviembre de 1966;NO;VIAJA RARAMENTE;INVESTIGACIOÓN Y DESARROLLO;14;MAESTRIA;CIENCIAS DE LA VIDA;ALTA;CIENTIFICO DE INVESTIGACION;MEDIA;4963;9;NO;EXCELENTE;7;2;MUY BUENO;jueves, 21 de diciembre de 2017;5;4;4;3
124;162;jueves, 20 de mayo de 1971;SI;VIAJA RARAMENTE;INVESTIGACIOÓN Y DESARROLLO;6;LICENCIATURA;CIENCIAS DE LA VIDA;ALTA;DIRECTOR INVESTIGACION Y DESARROLLO;ALTA;19537;7;SI;EXCELENTE;23;5;MUY BUENO;miércoles, 23 de enero de 2002;20;18;15;15
129;169;martes, 15 de febrero de 2000;SI;VIAJA RARAMENTE;INVESTIGACIOÓN Y DESARROLLO;2;POR DEBAJO DE LA UNIVERSIDAD;TITULO TECNICO;ALTA;TECNICO DE LABORATORIO;MUY ALTA;2523;0;SI;EXCELENTE;3;2;MUY BUENO;miércoles, 5 de agosto de 2020;2;1;2;1
166;226;jueves, 1 de junio de 1972;SI;VIAJA RARAMENTE;INVESTIGACIOÓN Y DESARROLLO;11;LICENCIATURA;CIENCIAS DE LA VIDA;ALTA;GERENTE INVESTIGACION Y DESARROLLO;MEDIA;19926;3;SI;EXCELENTE;21;5;MUY BUENO;miércoles, 1 de febrero de 2017;5;4;4;4
221;304;martes, 30 de diciembre de 1986;SI;VIAJA RARAMENTE;INVESTIGACIOÓN Y DESARROLLO;5;UNIVERSITARIO;CIENCIAS DE LA VIDA;ALTA;TECNICO DE LABORATORIO;MEDIA;5914;8;SI;EXCELENTE;16;3;EXCELENTE;sábado, 12 de septiembre de 2009;13;11;3;7
258;352;miércoles, 9 de junio de 1982;SI;VIAJA RARAMENTE;INVESTIGACIOÓN Y DESARROLLO;2;UNIVERSITARIO;MEDICO;ALTA;DIRECTOR INVESTIGACION Y DESARROLLO;ALTA;19436;0;SI;EXCELENTE;22;5;MUY BUENO;martes, 22 de mayo de 2001;21;7;3;9
269;372;lunes, 14 de noviembre de 1977;NO;VIAJA RARAMENTE;INVESTIGACIOÓN Y DESARROLLO;20;UNIVERSITARIO;MEDICO;ALTA;REPRESENTANTE DE ATENCION MEDICA;MUY ALTA;13496;0;NO;EXCELENTE;21;2;MUY BUENO;miércoles, 17 de julio de 2002;20;7;4;10
270;373;lunes, 24 de noviembre de 1986;SI;VIAJA RARAMENTE;INVESTIGACIOÓN Y DESARROLLO;6;LICENCIATURA;CIENCIAS DE LA VIDA;ALTA;TECNICO DE LABORATORIO;MUY ALTA;3210;0;SI;EXCELENTE;16;4;MUY BUENO;jueves, 6 de septiembre de 2007;15;13;10;11
271;374;domingo, 18 de junio de 1967;SI;VIAJA RARAMENTE;INVESTIGACIOÓN Y DESARROLLO;1;LICENCIATURA;MEDICO;ALTA;GERENTE INVESTIGACION Y DESARROLLO;BAJA;19045;0;NO;EXCELENTE;37;2;MUY BUENO;jueves, 10 de julio de 1986;36;10;4;13
292;397;viernes, 13 de junio de 1986;SI;VIAJA RARAMENTE;INVESTIGACIOÓN Y DESARROLLO;3;LICENCIATURA;TITULO TECNICO;ALTA;CIENTIFICO DE INVESTIGACION;MEDIA;4485;4;SI;EXCELENTE;10;2;MUY BUENO;viernes, 21 de marzo de 2014;8;0;7;7
335;452;jueves, 6 de octubre de 1977;SI;VIAJA RARAMENTE;INVESTIGACIOÓN Y DESARROLLO;8;MAESTRIA;OTRO;ALTA;CIENTIFICO DE INVESTIGACION;MUY ALTA;3697;9;SI;EXCELENTE;12;3;MUY BUENO;jueves, 3 de mayo de 2012;10;9;9;8
412;549;jueves, 14 de junio de 1962;SI;VIAJA RARAMENTE;INVESTIGACIOÓN Y DESARROLLO;7;LICENCIATURA;CIENCIAS DE LA VIDA;ALTA;GERENTE INVESTIGACION Y DESARROLLO;BAJA;19566;5;SI;EXCELENTE;33;5;MALO;sábado, 13 de marzo de 1993;29;8;11;10
436;582;miércoles, 27 de diciembre de 1989;NO;VIAJA RARAMENTE;INVESTIGACIOÓN Y DESARROLLO;15;POR DEBAJO DE LA UNIVERSIDAD;MEDICO;ALTA;GERENTE INVESTIGACION Y DESARROLLO;ALTA;13610;7;NO;EXCELENTE;15;2;EXCELENTE;martes, 10 de febrero de 2015;7;6;7;7
449;601;jueves, 1 de abril de 1982;SI;VIAJA RARAMENTE;INVESTIGACIOÓN Y DESARROLLO;6;LICENCIATURA;CIENCIAS DE LA VIDA;ALTA;DIRECTOR DE MANUFACTURA;ALTA;13237;7;SI;EXCELENTE;22;3;MUY BUENO;lunes, 30 de diciembre de 2002;20;6;5;13
469;630;miércoles, 18 de marzo de 1970;SI;VIAJA RARAMENTE;INVESTIGACIOÓN Y DESARROLLO;6;UNIVERSITARIO;TITULO TECNICO;ALTA;CIENTIFICO DE INVESTIGACION;BAJA;5577;3;NO;EXCELENTE;18;3;MUY BUENO;sábado, 5 de mayo de 2012;10;9;6;9
473;635;sábado, 12 de octubre de 1985;SI;VIAJA RARAMENTE;INVESTIGACIOÓN Y DESARROLLO;1;MAESTRIA;CIENCIAS DE LA VIDA;ALTA;DIRECTOR DE MANUFACTURA;MEDIA;6447;6;SI;EXCELENTE;8;2;BUENO;sábado, 10 de septiembre de 2016;6;5;4;3
532;727;lunes, 17 de diciembre de 1990;SI;VIAJA RARAMENTE;INVESTIGACIOÓN Y DESARROLLO;3;UNIVERSITARIO;CIENCIAS DE LA VIDA;ALTA;DIRECTOR INVESTIGACION Y DESARROLLO;MUY ALTA;11159;3;SI;EXCELENTE;10;6;MUY BUENO;domingo, 20 de diciembre de 2015;7;7;7;7
550;757;viernes, 8 de enero de 1988;SI;VIAJA RARAMENTE;INVESTIGACIOÓN Y DESARROLLO;8;UNIVERSITARIO;MEDICO;ALTA;REPRESENTANTE DE ATENCION MEDICA;ALTA;6142;3;SI;EXCELENTE;10;2;MUY BUENO;martes, 11 de abril de 2017;5;1;4;3
578;802;domingo, 9 de junio de 1985;SI;VIAJA RARAMENTE;INVESTIGACIOÓN Y DESARROLLO;10;POR DEBAJO DE LA UNIVERSIDAD;CIENCIAS DE LA VIDA;ALTA;CIENTIFICO DE INVESTIGACION;BAJA;2782;0;NO;EXCELENTE;6;3;BUENO;domingo, 3 de diciembre de 2017;5;3;4;3
591;817;miércoles, 30 de agosto de 1989;SI;VIAJA RARAMENTE;INVESTIGACIOÓN Y DESARROLLO;7;LICENCIATURA;MEDICO;ALTA;DIRECTOR INVESTIGACION Y DESARROLLO;ALTA;11691;0;SI;EXCELENTE;14;3;EXCELENTE;lunes, 11 de mayo de 2009;13;9;3;7
596;825;jueves, 23 de julio de 1964;NO;VIAJA RARAMENTE;INVESTIGACIOÓN Y DESARROLLO;2;MAESTRIA;CIENCIAS DE LA VIDA;ALTA;DIRECTOR INVESTIGACION Y DESARROLLO;MEDIA;19246;7;NO;EXCELENTE;40;2;MUY BUENO;domingo, 8 de septiembre de 1991;31;15;13;8
650;901;miércoles, 5 de noviembre de 1969;NO;VIAJA RARAMENTE;INVESTIGACIOÓN Y DESARROLLO;23;MAESTRIA;CIENCIAS DE LA VIDA;ALTA;DIRECTOR INVESTIGACION Y DESARROLLO;MUY ALTA;14275;6;SI;EXCELENTE;33;0;MUY BUENO;viernes, 8 de enero de 2010;12;9;3;8
665;924;viernes, 11 de julio de 1986;SI;VIAJA RARAMENTE;INVESTIGACIOÓN Y DESARROLLO;14;POR DEBAJO DE LA UNIVERSIDAD;CIENCIAS DE LA VIDA;ALTA;REPRESENTANTE DE ATENCION MEDICA;MUY ALTA;6586;0;NO;EXCELENTE;17;2;BUENO;sábado, 2 de diciembre de 2006;16;8;4;11
687;957;martes, 6 de octubre de 1981;SI;VIAJA RARAMENTE;INVESTIGACIOÓN Y DESARROLLO;6;LICENCIATURA;MEDICO;ALTA;TECNICO DE LABORATORIO;BAJA;4721;2;NO;EXCELENTE;20;3;MUY BUENO;viernes, 6 de agosto de 2004;18;13;2;17
688;958;jueves, 3 de julio de 1986;SI;VIAJA RARAMENTE;INVESTIGACIOÓN Y DESARROLLO;2;MAESTRIA;MEDICO;ALTA;TECNICO DE LABORATORIO;ALTA;2519;4;SI;SOBRESALIENTE;16;6;MUY BUENO;miércoles, 12 de enero de 2011;11;8;3;9
691;961;jueves, 18 de julio de 1991;SI;VIAJA RARAMENTE;INVESTIGACIOÓN Y DESARROLLO;12;LICENCIATURA;MEDICO;ALTA;REPRESENTANTE DE ATENCION MEDICA;MUY ALTA;5855;0;NO;EXCELENTE;10;2;MALO;miércoles, 30 de octubre de 2013;9;7;8;5
700;976;miércoles, 14 de octubre de 1970;SI;VIAJA RARAMENTE;INVESTIGACIOÓN Y DESARROLLO;1;UNIVERSITARIO;CIENCIAS DE LA VIDA;ALTA;GERENTE INVESTIGACION Y DESARROLLO;MUY ALTA;17099;2;SI;EXCELENTE;26;2;BUENO;jueves, 11 de abril de 2013;9;8;7;8
767;1061;miércoles, 14 de junio de 1972;SI;VIAJA RARAMENTE;INVESTIGACIOÓN Y DESARROLLO;2;MAESTRIA;MEDICO;ALTA;DIRECTOR INVESTIGACION Y DESARROLLO;ALTA;19237;2;NO;EXCELENTE;29;2;BUENO;jueves, 26 de junio de 2014;8;1;7;7
780;1081;lunes, 31 de mayo de 1971;NO;VIAJA RARAMENTE;INVESTIGACIOÓN Y DESARROLLO;4;MAESTRIA;CIENCIAS DE LA VIDA;ALTA;CIENTIFICO DE INVESTIGACION;ALTA;2461;9;NO;EXCELENTE;18;2;EXCELENTE;domingo, 1 de abril de 2012;10;0;2;7
786;1092;lunes, 4 de enero de 1982;NO;VIAJA RARAMENTE;INVESTIGACIOÓN Y DESARROLLO;20;MAESTRIA;TITULO TECNICO;ALTA;REPRESENTANTE DE ATENCION MEDICA;MUY ALTA;10322;4;SI;SOBRESALIENTE;14;6;MUY BUENO;domingo, 17 de abril de 2011;11;10;11;1
800;1109;martes, 14 de octubre de 1980;SI;VIAJA RARAMENTE;INVESTIGACIOÓN Y DESARROLLO;2;UNIVERSITARIO;MEDICO;ALTA;GERENTE INVESTIGACION Y DESARROLLO;BAJA;17665;0;SI;EXCELENTE;23;3;MUY BUENO;domingo, 21 de mayo de 2000;22;6;13;7
807;1118;jueves, 2 de julio de 1970;SI;VIAJA RARAMENTE;INVESTIGACIOÓN Y DESARROLLO;7;MAESTRIA;CIENCIAS DE LA VIDA;ALTA;REPRESENTANTE DE ATENCION MEDICA;MEDIA;10445;7;SI;EXCELENTE;18;4;MUY BUENO;lunes, 28 de abril de 2014;8;6;4;0
859;1201;jueves, 17 de julio de 1969;SI;VIAJA RARAMENTE;INVESTIGACIOÓN Y DESARROLLO;7;UNIVERSITARIO;MEDICO;ALTA;GERENTE INVESTIGACION Y DESARROLLO;ALTA;18606;3;SI;EXCELENTE;26;6;MUY BUENO;miércoles, 1 de julio de 2015;7;7;4;7
884;1238;lunes, 12 de junio de 1989;SI;VIAJA RARAMENTE;INVESTIGACIOÓN Y DESARROLLO;9;LICENCIATURA;MEDICO;ALTA;CIENTIFICO DE INVESTIGACION;MUY ALTA;2781;0;SI;EXCELENTE;15;5;MUY BUENO;martes, 20 de mayo de 2008;14;10;4;10
887;1241;sábado, 8 de febrero de 1992;SI;VIAJA RARAMENTE;INVESTIGACIOÓN Y DESARROLLO;1;LICENCIATURA;MEDICO;ALTA;CIENTIFICO DE INVESTIGACION;MEDIA;3579;0;NO;SOBRESALIENTE;12;2;MUY BUENO;viernes, 28 de octubre de 2011;11;9;5;7
920;1283;miércoles, 7 de agosto de 1963;NO;VIAJA RARAMENTE;INVESTIGACIOÓN Y DESARROLLO;18;MAESTRIA;MEDICO;ALTA;DIRECTOR DE MANUFACTURA;MUY ALTA;10512;6;SI;EXCELENTE;25;6;BUENO;jueves, 28 de noviembre de 2013;9;7;5;4
928;1294;jueves, 3 de abril de 1986;SI;VIAJA RARAMENTE;INVESTIGACIOÓN Y DESARROLLO;2;MAESTRIA;CIENCIAS DE LA VIDA;ALTA;DIRECTOR DE MANUFACTURA;MEDIA;5410;9;NO;EXCELENTE;18;2;MUY BUENO;sábado, 19 de agosto de 2006;16;14;5;12
933;1299;sábado, 20 de febrero de 1993;NO;VIAJA RARAMENTE;INVESTIGACIOÓN Y DESARROLLO;7;LICENCIATURA;TITULO TECNICO;ALTA;TECNICO DE LABORATORIO;ALTA;3339;3;NO;EXCELENTE;10;2;MUY BUENO;miércoles, 11 de marzo de 2015;7;7;7;7
977;1373;miércoles, 16 de noviembre de 1966;SI;VIAJA RARAMENTE;INVESTIGACIOÓN Y DESARROLLO;23;LICENCIATURA;CIENCIAS DE LA VIDA;ALTA;DIRECTOR DE MANUFACTURA;MEDIA;13402;4;NO;EXCELENTE;33;0;MUY BUENO;jueves, 22 de mayo de 2003;19;16;15;9
980;1377;martes, 29 de marzo de 1988;NO;VIAJA RARAMENTE;INVESTIGACIOÓN Y DESARROLLO;29;LICENCIATURA;MEDICO;ALTA;TECNICO DE LABORATORIO;ALTA;5429;4;SI;EXCELENTE;10;1;MUY BUENO;miércoles, 8 de enero de 2014;8;7;7;7
1009;1422;sábado, 2 de noviembre de 1968;SI;VIAJA RARAMENTE;INVESTIGACIOÓN Y DESARROLLO;1;LICENCIATURA;MEDICO;ALTA;DIRECTOR INVESTIGACION Y DESARROLLO;MUY ALTA;17328;6;SI;EXCELENTE;29;3;BUENO;jueves, 22 de agosto de 2002;20;7;12;7
1025;1443;sábado, 24 de mayo de 1975;SI;VIAJA RARAMENTE;INVESTIGACIOÓN Y DESARROLLO;2;MAESTRIA;MEDICO;ALTA;DIRECTOR INVESTIGACION Y DESARROLLO;ALTA;17169;3;SI;EXCELENTE;26;2;EXCELENTE;jueves, 22 de agosto de 2002;20;17;5;6
1079;1523;domingo, 5 de noviembre de 1978;SI;VIAJA RARAMENTE;INVESTIGACIOÓN Y DESARROLLO;28;LICENCIATURA;CIENCIAS DE LA VIDA;ALTA;DIRECTOR INVESTIGACION Y DESARROLLO;BAJA;16328;3;SI;EXCELENTE;24;1;EXCELENTE;miércoles, 23 de enero de 2002;20;6;14;17
1080;1525;domingo, 30 de octubre de 1983;SI;VIAJA RARAMENTE;INVESTIGACIOÓN Y DESARROLLO;6;LICENCIATURA;CIENCIAS DE LA VIDA;ALTA;DIRECTOR DE MANUFACTURA;MEDIA;8376;4;SI;EXCELENTE;9;3;MUY BUENO;domingo, 19 de enero de 2020;2;0;2;2
1149;1618;martes, 30 de agosto de 1983;SI;VIAJA RARAMENTE;INVESTIGACIOÓN Y DESARROLLO;10;DOCTORADO;MEDICO;ALTA;DIRECTOR DE MANUFACTURA;BAJA;5377;2;SI;EXCELENTE;10;3;MUY BUENO;miércoles, 4 de febrero de 2015;7;7;7;7
1185;1665;miércoles, 8 de mayo de 1968;SI;VIAJA RARAMENTE;INVESTIGACIOÓN Y DESARROLLO;22;DOCTORADO;MEDICO;ALTA;GERENTE INVESTIGACION Y DESARROLLO;ALTA;17426;3;SI;SOBRESALIENTE;36;6;MUY BUENO;martes, 10 de abril de 2012;10;8;4;7
1278;1789;domingo, 22 de febrero de 1976;SI;VIAJA RARAMENTE;INVESTIGACIOÓN Y DESARROLLO;2;MAESTRIA;MEDICO;ALTA;DIRECTOR INVESTIGACION Y DESARROLLO;MUY ALTA;19328;7;NO;EXCELENTE;24;3;MUY BUENO;jueves, 16 de abril de 2020;2;1;2;2
1279;1790;viernes, 12 de septiembre de 1986;SI;VIAJA RARAMENTE;INVESTIGACIOÓN Y DESARROLLO;10;LICENCIATURA;CIENCIAS DE LA VIDA;ALTA;REPRESENTANTE DE ATENCION MEDICA;BAJA;8321;7;NO;EXCELENTE;15;1;MUY BUENO;domingo, 11 de abril de 2010;12;8;5;7
1285;1800;domingo, 27 de marzo de 1983;SI;VIAJA RARAMENTE;INVESTIGACIOÓN Y DESARROLLO;10;POR DEBAJO DE LA UNIVERSIDAD;MEDICO;ALTA;DIRECTOR INVESTIGACION Y DESARROLLO;ALTA;13464;7;SI;SOBRESALIENTE;9;3;MUY BUENO;miércoles, 23 de mayo de 2018;4;3;2;2
1299;1821;sábado, 20 de marzo de 1976;NO;VIAJA RARAMENTE;INVESTIGACIOÓN Y DESARROLLO;21;UNIVERSITARIO;MEDICO;ALTA;REPRESENTANTE DE ATENCION MEDICA;MEDIA;8926;4;SI;SOBRESALIENTE;13;2;EXCELENTE;miércoles, 6 de febrero de 2013;9;7;3;7
1305;1829;domingo, 19 de diciembre de 1982;SI;VIAJA RARAMENTE;INVESTIGACIOÓN Y DESARROLLO;12;LICENCIATURA;CIENCIAS DE LA VIDA;ALTA;REPRESENTANTE DE ATENCION MEDICA;BAJA;4448;2;SI;EXCELENTE;15;3;MUY BUENO;martes, 1 de diciembre de 2015;7;4;7;7
1323;1857;domingo, 24 de octubre de 1976;SI;VIAJA RARAMENTE;INVESTIGACIOÓN Y DESARROLLO;2;UNIVERSITARIO;CIENCIAS DE LA VIDA;ALTA;DIRECTOR DE MANUFACTURA;MUY ALTA;8578;3;SI;EXCELENTE;12;4;BUENO;lunes, 6 de mayo de 2013;9;8;4;7
1349;1892;miércoles, 17 de febrero de 1982;SI;VIAJA RARAMENTE;INVESTIGACIOÓN Y DESARROLLO;1;MAESTRIA;CIENCIAS DE LA VIDA;ALTA;GERENTE INVESTIGACION Y DESARROLLO;BAJA;16823;2;SI;EXCELENTE;22;3;MUY BUENO;sábado, 15 de noviembre de 2003;19;7;11;16
1358;1911;jueves, 13 de noviembre de 1980;SI;VIAJA RARAMENTE;INVESTIGACIOÓN Y DESARROLLO;6;LICENCIATURA;MEDICO;ALTA;DIRECTOR INVESTIGACION Y DESARROLLO;BAJA;13348;9;SI;EXCELENTE;18;3;EXCELENTE;miércoles, 9 de septiembre de 2009;13;7;5;7
1387;1952;viernes, 24 de mayo de 1996;SI;VIAJA RARAMENTE;INVESTIGACIOÓN Y DESARROLLO;1;LICENCIATURA;MEDICO;ALTA;TECNICO DE LABORATORIO;BAJA;2867;0;SI;EXCELENTE;8;6;BUENO;martes, 10 de marzo de 2015;7;7;7;6
1398;1969;sábado, 18 de mayo de 1968;SI;VIAJA RARAMENTE;INVESTIGACIOÓN Y DESARROLLO;9;UNIVERSITARIO;CIENCIAS DE LA VIDA;ALTA;CIENTIFICO DE INVESTIGACION;ALTA;2897;3;SI;EXCELENTE;9;6;BUENO;martes, 6 de noviembre de 2018;4;3;2;3
1415;1993;sábado, 11 de enero de 1975;SI;VIAJA RARAMENTE;INVESTIGACIOÓN Y DESARROLLO;25;LICENCIATURA;MEDICO;ALTA;REPRESENTANTE DE ATENCION MEDICA;ALTA;8633;2;SI;SOBRESALIENTE;25;3;MUY BUENO;domingo, 11 de septiembre de 2005;17;14;12;11
1426;2009;lunes, 17 de julio de 1989;SI;VIAJA RARAMENTE;INVESTIGACIOÓN Y DESARROLLO;15;UNIVERSITARIO;MEDICO;ALTA;REPRESENTANTE DE ATENCION MEDICA;MUY ALTA;4878;0;NO;EXCELENTE;10;6;MUY BUENO;jueves, 7 de febrero de 2013;9;7;8;1
1444;2031;lunes, 21 de enero de 1980;SI;VIAJA RARAMENTE;INVESTIGACIOÓN Y DESARROLLO;2;LICENCIATURA;CIENCIAS DE LA VIDA;ALTA;GERENTE INVESTIGACION Y DESARROLLO;ALTA;18880;5;SI;EXCELENTE;24;2;BUENO;domingo, 13 de febrero de 2000;22;6;4;14
1445;2032;miércoles, 24 de agosto de 1966;NO;VIAJA RARAMENTE;INVESTIGACIOÓN Y DESARROLLO;7;UNIVERSITARIO;TITULO TECNICO;ALTA;TECNICO DE LABORATORIO;ALTA;2339;8;SI;EXCELENTE;14;4;MALO;jueves, 10 de mayo de 2012;10;9;9;8
204;281;martes, 5 de octubre de 1982;NO;VIAJA RARAMENTE;INVESTIGACIOÓN Y DESARROLLO;19;UNIVERSITARIO;MEDICO;ALTA;TECNICO DE LABORATORIO;MUY ALTA;2741;8;NO;EXCELENTE;15;2;EXCELENTE;martes, 10 de marzo de 2015;7;2;3;7
318;433;domingo, 10 de mayo de 1970;NO;VIAJA RARAMENTE;INVESTIGACIOÓN Y DESARROLLO;8;MAESTRIA;MEDICO;MEDIA;CIENTIFICO DE INVESTIGACION;MEDIA;4941;2;SI;EXCELENTE;11;3;BUENO;lunes, 24 de marzo de 2014;8;2;7;7
545;746;viernes, 26 de diciembre de 1975;SI;VIAJA FRECUENTEMENTE;VENTAS;3;LICENCIATURA;MEDICO;ALTA;EJECUTIVO DE VENTAS;ALTA;13770;9;NO;EXCELENTE;28;2;BUENO;domingo, 19 de marzo de 2000;22;2;11;13
641;888;sábado, 7 de marzo de 1998;SI;NO VIAJA;INVESTIGACIOÓN Y DESARROLLO;4;POR DEBAJO DE LA UNIVERSIDAD;CIENCIAS DE LA VIDA;MEDIA;TECNICO DE LABORATORIO;MUY ALTA;3162;0;SI;EXCELENTE;6;2;BUENO;viernes, 5 de mayo de 2017;5;2;3;4
852;1191;jueves, 24 de marzo de 1966;SI;VIAJA RARAMENTE;INVESTIGACIOÓN Y DESARROLLO;4;MAESTRIA;TITULO TECNICO;ALTA;GERENTE INVESTIGACION Y DESARROLLO;BAJA;19943;4;SI;EXCELENTE;28;2;MUY BUENO;miércoles, 19 de julio de 2017;5;2;4;2
889;1243;lunes, 4 de mayo de 1987;SI;NO VIAJA;VENTAS;8;UNIVERSITARIO;MARKETING;MEDIA;EJECUTIVO DE VENTAS;MUY ALTA;10377;4;NO;EXCELENTE;16;6;BUENO;jueves, 23 de abril de 2009;13;2;4;12
942;1311;martes, 5 de mayo de 1992;SI;VIAJA RARAMENTE;INVESTIGACIOÓN Y DESARROLLO;6;LICENCIATURA;TITULO TECNICO;MEDIA;TECNICO DE LABORATORIO;MUY ALTA;4627;0;SI;EXCELENTE;10;6;MUY BUENO;martes, 17 de septiembre de 2013;9;2;6;7
982;1380;lunes, 9 de febrero de 1987;NO;VIAJA FRECUENTEMENTE;VENTAS;18;MAESTRIA;MARKETING;ALTA;EJECUTIVO DE VENTAS;ALTA;4614;0;NO;EXCELENTE;5;0;BUENO;lunes, 18 de junio de 2018;4;2;3;2
988;1391;miércoles, 31 de marzo de 1971;SI;VIAJA FRECUENTEMENTE;VENTAS;2;LICENCIATURA;MARKETING;ALTA;EJECUTIVO DE VENTAS;MEDIA;10596;2;SI;EXCELENTE;14;5;MUY BUENO;martes, 19 de junio de 2018;4;2;3;2
989;1392;martes, 27 de octubre de 1981;SI;VIAJA FRECUENTEMENTE;INVESTIGACIOÓN Y DESARROLLO;22;LICENCIATURA;CIENCIAS DE LA VIDA;ALTA;CIENTIFICO DE INVESTIGACION;MUY ALTA;5467;3;NO;EXCELENTE;12;4;BUENO;miércoles, 2 de noviembre de 2016;6;2;3;3
1115;1576;viernes, 30 de agosto de 1974;SI;VIAJA RARAMENTE;INVESTIGACIOÓN Y DESARROLLO;15;MAESTRIA;OTRO;ALTA;CIENTIFICO DE INVESTIGACION;BAJA;2367;8;SI;EXCELENTE;10;3;BUENO;miércoles, 19 de noviembre de 2014;8;2;7;6
1160;1633;sábado, 9 de julio de 1983;SI;VIAJA FRECUENTEMENTE;INVESTIGACIOÓN Y DESARROLLO;4;LICENCIATURA;MEDICO;ALTA;DIRECTOR DE MANUFACTURA;ALTA;5042;0;SI;EXCELENTE;10;2;MALO;martes, 12 de marzo de 2013;9;2;3;8
1165;1641;sábado, 27 de marzo de 1982;NO;VIAJA RARAMENTE;INVESTIGACIOÓN Y DESARROLLO;16;LICENCIATURA;CIENCIAS DE LA VIDA;ALTA;DIRECTOR DE MANUFACTURA;MUY ALTA;7945;6;NO;EXCELENTE;18;2;BUENO;viernes, 13 de julio de 2018;4;2;3;3
106;140;domingo, 10 de noviembre de 1963;SI;NO VIAJA;RRHH;2;MAESTRIA;RRHH;MEDIA;GERENTE RRHH;MUY ALTA;18844;9;SI;SOBRESALIENTE;30;3;MUY BUENO;viernes, 20 de septiembre de 2019;3;2;2;2
143;193;viernes, 3 de febrero de 1984;SI;VIAJA RARAMENTE;INVESTIGACIOÓN Y DESARROLLO;3;DOCTORADO;TITULO TECNICO;ALTA;CIENTIFICO DE INVESTIGACION;ALTA;4317;3;NO;SOBRESALIENTE;19;2;MUY BUENO;sábado, 14 de diciembre de 2019;3;2;2;2
499;675;sábado, 15 de abril de 2000;SI;VIAJA RARAMENTE;INVESTIGACIOÓN Y DESARROLLO;6;POR DEBAJO DE LA UNIVERSIDAD;MEDICO;ALTA;CIENTIFICO DE INVESTIGACION;ALTA;2773;0;SI;SOBRESALIENTE;3;3;MUY BUENO;jueves, 19 de marzo de 2020;2;2;2;2
554;763;domingo, 28 de marzo de 1982;SI;VIAJA RARAMENTE;INVESTIGACIOÓN Y DESARROLLO;2;POR DEBAJO DE LA UNIVERSIDAD;MEDICO;MEDIA;CIENTIFICO DE INVESTIGACION;MUY ALTA;2342;0;NO;SOBRESALIENTE;5;2;BUENO;lunes, 19 de noviembre de 2018;4;2;2;3
631;872;jueves, 2 de noviembre de 2000;SI;VIAJA RARAMENTE;INVESTIGACIOÓN Y DESARROLLO;1;UNIVERSITARIO;CIENCIAS DE LA VIDA;MEDIA;DIRECTOR DE MANUFACTURA;MUY ALTA;4775;6;SI;SOBRESALIENTE;4;2;MALO;sábado, 18 de enero de 2020;2;2;2;2
670;932;lunes, 26 de diciembre de 1983;NO;VIAJA RARAMENTE;INVESTIGACIOÓN Y DESARROLLO;6;LICENCIATURA;MEDICO;ALTA;TECNICO DE LABORATORIO;BAJA;2404;7;NO;SOBRESALIENTE;8;2;MALO;martes, 21 de abril de 2020;2;2;2;2
799;1108;viernes, 25 de agosto de 1989;NO;VIAJA RARAMENTE;INVESTIGACIOÓN Y DESARROLLO;25;LICENCIATURA;MEDICO;MEDIA;CIENTIFICO DE INVESTIGACION;MEDIA;2313;4;NO;SOBRESALIENTE;5;0;MUY BUENO;jueves, 19 de marzo de 2020;2;2;2;2
868;1215;jueves, 16 de noviembre de 1972;SI;VIAJA FRECUENTEMENTE;INVESTIGACIOÓN Y DESARROLLO;2;LICENCIATURA;MEDICO;ALTA;GERENTE INVESTIGACION Y DESARROLLO;BAJA;17856;2;SI;SOBRESALIENTE;32;3;MUY BUENO;domingo, 10 de mayo de 2020;2;2;2;2
1167;1644;miércoles, 26 de junio de 1974;SI;VIAJA FRECUENTEMENTE;INVESTIGACIOÓN Y DESARROLLO;4;DOCTORADO;MEDICO;MEDIA;GERENTE INVESTIGACION Y DESARROLLO;MUY ALTA;15202;2;SI;SOBRESALIENTE;23;3;MUY BUENO;viernes, 24 de julio de 2020;2;2;2;2
5;7;lunes, 29 de mayo de 1995;SI;VIAJA RARAMENTE;INVESTIGACIOÓN Y DESARROLLO;2;POR DEBAJO DE LA UNIVERSIDAD;MEDICO;ALTA;TECNICO DE LABORATORIO;MEDIA;3468;9;SI;EXCELENTE;6;3;MUY BUENO;sábado, 24 de octubre de 2020;2;2;2;2
30;38;domingo, 10 de octubre de 1976;SI;VIAJA RARAMENTE;VENTAS;2;MAESTRIA;MARKETING;ALTA;GERENTE DE EJECUTIVO DE VENTAS;BAJA;18947;3;SI;EXCELENTE;22;2;BUENO;domingo, 25 de octubre de 2020;2;2;2;1
58;75;miércoles, 29 de abril de 1987;SI;VIAJA RARAMENTE;INVESTIGACIOÓN Y DESARROLLO;23;MAESTRIA;MEDICO;ALTA;TECNICO DE LABORATORIO;BAJA;4014;3;NO;EXCELENTE;4;3;MUY BUENO;martes, 21 de abril de 2020;2;2;2;2
132;174;martes, 23 de mayo de 1972;SI;VIAJA FRECUENTEMENTE;VENTAS;12;LICENCIATURA;MARKETING;ALTA;EJECUTIVO DE VENTAS;MUY ALTA;9208;4;SI;EXCELENTE;16;3;MUY BUENO;sábado, 18 de julio de 2020;2;2;2;1
133;175;domingo, 14 de julio de 1991;NO;VIAJA RARAMENTE;VENTAS;20;LICENCIATURA;CIENCIAS DE LA VIDA;BAJA;EJECUTIVO DE VENTAS;ALTA;4559;3;NO;EXCELENTE;4;2;MUY BUENO;sábado, 18 de julio de 2020;2;2;2;2
139;183;martes, 5 de agosto de 1997;SI;VIAJA RARAMENTE;VENTAS;28;LICENCIATURA;CIENCIAS DE LA VIDA;MEDIA;EJECUTIVO DE VENTAS;ALTA;8639;2;SI;EXCELENTE;6;3;MUY BUENO;sábado, 18 de julio de 2020;2;2;2;2
146;197;domingo, 12 de enero de 1992;SI;VIAJA RARAMENTE;INVESTIGACIOÓN Y DESARROLLO;5;LICENCIATURA;TITULO TECNICO;ALTA;CIENTIFICO DE INVESTIGACION;BAJA;3204;5;SI;EXCELENTE;8;3;MUY BUENO;viernes, 13 de diciembre de 2019;3;2;2;2
162;218;viernes, 27 de enero de 1995;SI;NO VIAJA;INVESTIGACIOÓN Y DESARROLLO;9;LICENCIATURA;MEDICO;ALTA;CIENTIFICO DE INVESTIGACION;MEDIA;2024;6;SI;EXCELENTE;6;1;MALO;miércoles, 18 de marzo de 2020;2;2;2;2
176;241;miércoles, 27 de abril de 1966;SI;VIAJA RARAMENTE;INVESTIGACIOÓN Y DESARROLLO;8;LICENCIATURA;CIENCIAS DE LA VIDA;ALTA;CIENTIFICO DE INVESTIGACION;BAJA;4257;4;NO;EXCELENTE;19;3;MUY BUENO;miércoles, 18 de marzo de 2020;2;2;2;2
201;274;miércoles, 26 de abril de 1995;SI;VIAJA FRECUENTEMENTE;INVESTIGACIOÓN Y DESARROLLO;1;POR DEBAJO DE LA UNIVERSIDAD;TITULO TECNICO;MEDIA;DIRECTOR DE MANUFACTURA;BAJA;4298;5;SI;EXCELENTE;6;1;MUY BUENO;jueves, 30 de abril de 2020;2;2;2;0
231;316;sábado, 17 de enero de 1970;SI;VIAJA RARAMENTE;INVESTIGACIOÓN Y DESARROLLO;2;LICENCIATURA;CIENCIAS DE LA VIDA;MEDIA;TECNICO DE LABORATORIO;MUY ALTA;3212;7;SI;EXCELENTE;6;3;BUENO;sábado, 24 de octubre de 2020;2;2;2;2
233;321;sábado, 15 de junio de 1963;SI;VIAJA RARAMENTE;RRHH;6;UNIVERSITARIO;MEDICO;ALTA;RRHH;ALTA;2267;8;SI;EXCELENTE;7;2;BUENO;lunes, 14 de septiembre de 2020;2;2;2;2
242;333;lunes, 6 de agosto de 1990;SI;NO VIAJA;VENTAS;26;MAESTRIA;MARKETING;ALTA;EJECUTIVO DE VENTAS;MUY ALTA;4465;0;SI;EXCELENTE;4;2;MUY BUENO;domingo, 7 de abril de 2019;3;2;2;2
246;337;jueves, 21 de noviembre de 1991;SI;VIAJA FRECUENTEMENTE;INVESTIGACIOÓN Y DESARROLLO;3;MAESTRIA;MEDICO;ALTA;DIRECTOR INVESTIGACION Y DESARROLLO;ALTA;13675;9;SI;EXCELENTE;9;3;MUY BUENO;viernes, 7 de febrero de 2020;2;2;2;2
313;426;viernes, 20 de septiembre de 1991;SI;VIAJA RARAMENTE;INVESTIGACIOÓN Y DESARROLLO;2;MAESTRIA;CIENCIAS DE LA VIDA;ALTA;CIENTIFICO DE INVESTIGACION;MUY ALTA;2695;0;NO;EXCELENTE;3;2;MALO;martes, 17 de marzo de 2020;2;2;2;2
324;440;miércoles, 17 de agosto de 1994;NO;VIAJA RARAMENTE;INVESTIGACIOÓN Y DESARROLLO;2;MAESTRIA;MEDICO;BAJA;CIENTIFICO DE INVESTIGACION;MUY ALTA;3464;5;NO;EXCELENTE;5;4;BUENO;viernes, 13 de diciembre de 2019;3;2;2;2
338;455;martes, 17 de agosto de 1993;SI;VIAJA RARAMENTE;INVESTIGACIOÓN Y DESARROLLO;9;DOCTORADO;OTRO;MEDIA;TECNICO DE LABORATORIO;MUY ALTA;3983;0;SI;EXCELENTE;4;2;MUY BUENO;jueves, 4 de julio de 2019;3;2;2;2
355;475;sábado, 19 de septiembre de 1992;SI;NO VIAJA;VENTAS;25;UNIVERSITARIO;TITULO TECNICO;ALTA;EJECUTIVO DE VENTAS;ALTA;4736;7;NO;EXCELENTE;4;2;EXCELENTE;sábado, 18 de enero de 2020;2;2;2;2
370;493;miércoles, 23 de enero de 1991;SI;VIAJA RARAMENTE;INVESTIGACIOÓN Y DESARROLLO;9;MAESTRIA;CIENCIAS DE LA VIDA;MEDIA;CIENTIFICO DE INVESTIGACION;MEDIA;2657;0;NO;EXCELENTE;3;5;MUY BUENO;martes, 17 de marzo de 2020;2;2;2;2
378;501;miércoles, 13 de agosto de 1986;SI;VIAJA RARAMENTE;INVESTIGACIOÓN Y DESARROLLO;2;LICENCIATURA;CIENCIAS DE LA VIDA;ALTA;CIENTIFICO DE INVESTIGACION;ALTA;2543;4;SI;EXCELENTE;6;3;MUY BUENO;sábado, 14 de marzo de 2020;2;2;2;2
442;591;sábado, 19 de abril de 1980;SI;VIAJA FRECUENTEMENTE;INVESTIGACIOÓN Y DESARROLLO;5;UNIVERSITARIO;OTRO;ALTA;TECNICO DE LABORATORIO;ALTA;2093;4;SI;EXCELENTE;8;4;MUY BUENO;viernes, 5 de junio de 2020;2;2;2;0
471;632;viernes, 24 de julio de 1998;NO;VIAJA FRECUENTEMENTE;VENTAS;24;LICENCIATURA;MEDICO;ALTA;REPRESENTATE DE VENTAS;MUY ALTA;2400;0;SI;EXCELENTE;3;3;MUY BUENO;viernes, 13 de noviembre de 2020;2;2;2;1
521;712;miércoles, 30 de enero de 1974;SI;VIAJA RARAMENTE;VENTAS;2;POR DEBAJO DE LA UNIVERSIDAD;MARKETING;MUY ALTA;EJECUTIVO DE VENTAS;MEDIA;8120;3;SI;EXCELENTE;12;3;MUY BUENO;viernes, 17 de enero de 2020;2;2;2;2
526;720;jueves, 16 de abril de 1998;NO;VIAJA RARAMENTE;VENTAS;3;UNIVERSITARIO;CIENCIAS DE LA VIDA;ALTA;EJECUTIVO DE VENTAS;ALTA;4577;9;SI;EXCELENTE;4;3;MUY BUENO;sábado, 18 de enero de 2020;2;2;2;0
537;732;viernes, 15 de junio de 1962;SI;VIAJA RARAMENTE;VENTAS;16;MAESTRIA;MARKETING;ALTA;EJECUTIVO DE VENTAS;BAJA;5405;8;SI;EXCELENTE;10;1;MUY BUENO;miércoles, 22 de enero de 2020;2;2;2;2
540;738;lunes, 7 de febrero de 1972;SI;VIAJA RARAMENTE;VENTAS;8;MAESTRIA;MARKETING;ALTA;REPRESENTATE DE VENTAS;MEDIA;3875;7;SI;EXCELENTE;4;2;MUY BUENO;domingo, 12 de julio de 2020;2;2;2;2
548;752;martes, 16 de diciembre de 1980;NO;VIAJA FRECUENTEMENTE;INVESTIGACIOÓN Y DESARROLLO;19;LICENCIATURA;MEDICO;MUY ALTA;CIENTIFICO DE INVESTIGACION;ALTA;2759;6;NO;EXCELENTE;7;2;MUY BUENO;jueves, 19 de marzo de 2020;2;2;2;2
549;754;martes, 3 de abril de 1979;NO;VIAJA FRECUENTEMENTE;VENTAS;15;LICENCIATURA;CIENCIAS DE LA VIDA;MEDIA;EJECUTIVO DE VENTAS;MUY ALTA;6804;3;SI;EXCELENTE;7;5;MUY BUENO;sábado, 18 de enero de 2020;2;2;2;2
557;769;martes, 3 de junio de 1969;SI;VIAJA RARAMENTE;INVESTIGACIOÓN Y DESARROLLO;6;LICENCIATURA;CIENCIAS DE LA VIDA;ALTA;TECNICO DE LABORATORIO;MUY ALTA;2450;2;SI;EXCELENTE;19;4;MUY BUENO;viernes, 5 de junio de 2020;2;2;2;2
572;792;miércoles, 20 de marzo de 1996;SI;VIAJA FRECUENTEMENTE;INVESTIGACIOÓN Y DESARROLLO;1;UNIVERSITARIO;CIENCIAS DE LA VIDA;BAJA;TECNICO DE LABORATORIO;MUY ALTA;4364;3;SI;EXCELENTE;5;2;MUY BUENO;martes, 9 de junio de 2020;2;2;2;0
597;826;lunes, 23 de febrero de 1987;SI;VIAJA RARAMENTE;INVESTIGACIOÓN Y DESARROLLO;1;MAESTRIA;CIENCIAS DE LA VIDA;MUY ALTA;CIENTIFICO DE INVESTIGACION;ALTA;2506;3;SI;EXCELENTE;7;0;MUY BUENO;jueves, 4 de junio de 2020;2;2;2;2
599;828;viernes, 21 de enero de 1994;NO;VIAJA RARAMENTE;INVESTIGACIOÓN Y DESARROLLO;2;MAESTRIA;MEDICO;ALTA;CIENTIFICO DE INVESTIGACION;ALTA;4382;6;SI;EXCELENTE;5;3;BUENO;viernes, 26 de junio de 2020;2;2;2;1
618;852;domingo, 19 de noviembre de 1978;SI;VIAJA RARAMENTE;INVESTIGACIOÓN Y DESARROLLO;4;LICENCIATURA;MEDICO;ALTA;REPRESENTANTE DE ATENCION MEDICA;MEDIA;5933;9;SI;EXCELENTE;10;2;BUENO;sábado, 22 de julio de 2017;5;2;2;3
651;902;martes, 24 de julio de 1979;SI;VIAJA FRECUENTEMENTE;INVESTIGACIOÓN Y DESARROLLO;1;LICENCIATURA;CIENCIAS DE LA VIDA;ALTA;REPRESENTANTE DE ATENCION MEDICA;MUY ALTA;5562;4;SI;EXCELENTE;12;2;BUENO;martes, 11 de abril de 2017;5;2;2;2
669;930;sábado, 26 de febrero de 1994;SI;VIAJA RARAMENTE;INVESTIGACIOÓN Y DESARROLLO;9;LICENCIATURA;MEDICO;ALTA;CIENTIFICO DE INVESTIGACION;ALTA;2377;5;SI;EXCELENTE;6;2;MUY BUENO;viernes, 5 de junio de 2020;2;2;2;2
718;1001;viernes, 14 de julio de 1995;NO;VIAJA RARAMENTE;INVESTIGACIOÓN Y DESARROLLO;16;MAESTRIA;TITULO TECNICO;ALTA;TECNICO DE LABORATORIO;MEDIA;2811;9;SI;EXCELENTE;4;2;MUY BUENO;jueves, 29 de octubre de 2020;2;2;2;2
736;1022;domingo, 15 de diciembre de 1974;SI;VIAJA RARAMENTE;INVESTIGACIOÓN Y DESARROLLO;6;LICENCIATURA;CIENCIAS DE LA VIDA;MEDIA;REPRESENTANTE DE ATENCION MEDICA;ALTA;4240;2;SI;EXCELENTE;19;0;MUY BUENO;miércoles, 20 de mayo de 2020;2;2;2;2
738;1025;jueves, 9 de abril de 1981;SI;VIAJA RARAMENTE;INVESTIGACIOÓN Y DESARROLLO;7;UNIVERSITARIO;MEDICO;ALTA;DIRECTOR DE MANUFACTURA;ALTA;5003;6;SI;EXCELENTE;8;6;MUY BUENO;miércoles, 23 de diciembre de 2020;2;2;2;1
740;1027;jueves, 3 de agosto de 1995;SI;VIAJA RARAMENTE;INVESTIGACIOÓN Y DESARROLLO;2;MAESTRIA;CIENCIAS DE LA VIDA;ALTA;DIRECTOR DE MANUFACTURA;MUY ALTA;4227;0;SI;EXCELENTE;4;2;MUY BUENO;lunes, 25 de marzo de 2019;3;2;2;2
749;1037;lunes, 17 de junio de 1996;NO;NO VIAJA;VENTAS;29;UNIVERSITARIO;MEDICO;BAJA;EJECUTIVO DE VENTAS;BAJA;4969;8;SI;EXCELENTE;7;6;MUY BUENO;viernes, 21 de agosto de 2020;2;2;2;2
755;1044;domingo, 2 de abril de 1989;SI;NO VIAJA;VENTAS;8;POR DEBAJO DE LA UNIVERSIDAD;CIENCIAS DE LA VIDA;MEDIA;REPRESENTATE DE VENTAS;MUY ALTA;2342;0;SI;EXCELENTE;3;2;BUENO;sábado, 12 de septiembre de 2020;2;2;2;2
766;1060;lunes, 26 de noviembre de 1984;SI;VIAJA FRECUENTEMENTE;INVESTIGACIOÓN Y DESARROLLO;3;MAESTRIA;OTRO;ALTA;CIENTIFICO DE INVESTIGACION;ALTA;2821;3;SI;EXCELENTE;8;2;MUY BUENO;sábado, 6 de junio de 2020;2;2;2;2
771;1069;domingo, 29 de agosto de 1976;SI;VIAJA RARAMENTE;INVESTIGACIOÓN Y DESARROLLO;1;MAESTRIA;MEDICO;ALTA;DIRECTOR INVESTIGACION Y DESARROLLO;MUY ALTA;19627;9;SI;EXCELENTE;23;0;MUY BUENO;martes, 23 de junio de 2020;2;2;2;2
819;1135;jueves, 18 de julio de 1991;SI;VIAJA FRECUENTEMENTE;VENTAS;20;LICENCIATURA;CIENCIAS DE LA VIDA;MUY ALTA;REPRESENTATE DE VENTAS;MUY ALTA;2791;0;SI;EXCELENTE;3;4;MUY BUENO;domingo, 9 de febrero de 2020;2;2;2;2
925;1291;miércoles, 15 de julio de 1987;SI;VIAJA RARAMENTE;INVESTIGACIOÓN Y DESARROLLO;6;POR DEBAJO DE LA UNIVERSIDAD;CIENCIAS DE LA VIDA;ALTA;CIENTIFICO DE INVESTIGACION;ALTA;3506;0;NO;EXCELENTE;4;3;MUY BUENO;sábado, 6 de julio de 2019;3;2;2;2
1003;1412;domingo, 23 de agosto de 1987;NO;VIAJA FRECUENTEMENTE;INVESTIGACIOÓN Y DESARROLLO;18;UNIVERSITARIO;CIENCIAS DE LA VIDA;ALTA;DIRECTOR DE MANUFACTURA;MUY ALTA;9362;2;SI;EXCELENTE;10;2;MUY BUENO;domingo, 19 de abril de 2020;2;2;2;2
1022;1439;domingo, 23 de febrero de 1997;NO;VIAJA RARAMENTE;VENTAS;9;UNIVERSITARIO;CIENCIAS DE LA VIDA;MEDIA;REPRESENTATE DE VENTAS;BAJA;4400;3;SI;EXCELENTE;6;2;MUY BUENO;domingo, 3 de noviembre de 2019;3;2;2;2
1037;1464;sábado, 2 de marzo de 1991;NO;VIAJA FRECUENTEMENTE;INVESTIGACIOÓN Y DESARROLLO;2;LICENCIATURA;CIENCIAS DE LA VIDA;ALTA;TECNICO DE LABORATORIO;MUY ALTA;3722;6;NO;EXCELENTE;7;2;MALO;domingo, 17 de mayo de 2020;2;2;2;2
1039;1466;sábado, 19 de octubre de 1974;SI;VIAJA RARAMENTE;VENTAS;7;LICENCIATURA;MARKETING;ALTA;EJECUTIVO DE VENTAS;BAJA;5486;4;SI;EXCELENTE;15;3;MUY BUENO;miércoles, 18 de noviembre de 2020;2;2;2;2
1063;1496;sábado, 25 de marzo de 1978;SI;VIAJA FRECUENTEMENTE;INVESTIGACIOÓN Y DESARROLLO;2;POR DEBAJO DE LA UNIVERSIDAD;MEDICO;ALTA;DIRECTOR DE MANUFACTURA;ALTA;10209;5;NO;EXCELENTE;16;2;BUENO;miércoles, 29 de julio de 2020;2;2;2;2
1099;1552;jueves, 27 de mayo de 1982;SI;NO VIAJA;INVESTIGACIOÓN Y DESARROLLO;8;UNIVERSITARIO;CIENCIAS DE LA VIDA;ALTA;REPRESENTANTE DE ATENCION MEDICA;MUY ALTA;4069;3;NO;EXCELENTE;8;2;MUY BUENO;jueves, 12 de noviembre de 2020;2;2;2;2
1106;1560;jueves, 23 de marzo de 1989;SI;VIAJA RARAMENTE;VENTAS;8;MAESTRIA;CIENCIAS DE LA VIDA;ALTA;EJECUTIVO DE VENTAS;BAJA;6392;2;SI;EXCELENTE;8;6;MALO;sábado, 14 de noviembre de 2020;2;2;2;2
1118;1580;miércoles, 2 de noviembre de 1988;SI;VIAJA RARAMENTE;INVESTIGACIOÓN Y DESARROLLO;1;MAESTRIA;CIENCIAS DE LA VIDA;ALTA;CIENTIFICO DE INVESTIGACION;MUY ALTA;5484;9;SI;EXCELENTE;9;3;BUENO;jueves, 19 de marzo de 2020;2;2;2;1
1128;1592;sábado, 25 de diciembre de 1999;SI;VIAJA RARAMENTE;INVESTIGACIOÓN Y DESARROLLO;10;LICENCIATURA;TITULO TECNICO;MUY ALTA;CIENTIFICO DE INVESTIGACION;ALTA;2073;2;SI;EXCELENTE;4;2;MUY BUENO;miércoles, 18 de marzo de 2020;2;2;2;2
1168;1645;viernes, 18 de septiembre de 1987;NO;VIAJA RARAMENTE;VENTAS;15;UNIVERSITARIO;MEDICO;BAJA;EJECUTIVO DE VENTAS;MUY ALTA;5440;6;NO;EXCELENTE;7;2;BUENO;viernes, 17 de julio de 2020;2;2;2;2
1193;1674;jueves, 20 de diciembre de 1973;SI;VIAJA RARAMENTE;INVESTIGACIOÓN Y DESARROLLO;16;LICENCIATURA;MEDICO;ALTA;TECNICO DE LABORATORIO;BAJA;2587;4;NO;EXCELENTE;17;2;BUENO;domingo, 12 de enero de 2020;2;2;2;2
1201;1683;domingo, 22 de octubre de 1978;SI;VIAJA RARAMENTE;RRHH;1;LICENCIATURA;CIENCIAS DE LA VIDA;ALTA;RRHH;MUY ALTA;3195;4;NO;EXCELENTE;8;2;MUY BUENO;lunes, 14 de septiembre de 2020;2;2;2;2
1237;1733;domingo, 25 de mayo de 1986;NO;VIAJA RARAMENTE;VENTAS;13;DOCTORADO;MARKETING;MEDIA;EJECUTIVO DE VENTAS;BAJA;6134;5;NO;EXCELENTE;16;3;MUY BUENO;lunes, 6 de abril de 2020;2;2;2;2
1246;1746;miércoles, 14 de octubre de 1998;SI;VIAJA FRECUENTEMENTE;RRHH;10;LICENCIATURA;MEDICO;ALTA;RRHH;MUY ALTA;2145;0;SI;EXCELENTE;3;2;MUY BUENO;sábado, 12 de septiembre de 2020;2;2;2;1
1271;1779;sábado, 27 de agosto de 1988;SI;VIAJA RARAMENTE;VENTAS;3;UNIVERSITARIO;CIENCIAS DE LA VIDA;BAJA;EJECUTIVO DE VENTAS;MUY ALTA;6029;5;SI;EXCELENTE;6;3;MUY BUENO;viernes, 3 de abril de 2020;2;2;2;2
1276;1786;lunes, 10 de mayo de 1971;SI;VIAJA RARAMENTE;INVESTIGACIOÓN Y DESARROLLO;3;LICENCIATURA;TITULO TECNICO;ALTA;GERENTE INVESTIGACION Y DESARROLLO;ALTA;13116;2;SI;EXCELENTE;15;2;MUY BUENO;lunes, 30 de noviembre de 2020;2;2;2;2
1286;1801;viernes, 19 de marzo de 1976;NO;NO VIAJA;VENTAS;26;UNIVERSITARIO;CIENCIAS DE LA VIDA;MEDIA;EJECUTIVO DE VENTAS;MEDIA;7991;8;SI;EXCELENTE;6;3;MUY BUENO;viernes, 24 de enero de 2020;2;2;2;2
1307;1833;jueves, 3 de enero de 1991;SI;VIAJA FRECUENTEMENTE;VENTAS;7;MAESTRIA;MARKETING;ALTA;EJECUTIVO DE VENTAS;BAJA;9637;2;SI;EXCELENTE;9;3;MUY BUENO;jueves, 3 de octubre de 2019;3;2;2;2
1311;1837;jueves, 12 de noviembre de 1964;SI;VIAJA FRECUENTEMENTE;INVESTIGACIOÓN Y DESARROLLO;15;MAESTRIA;CIENCIAS DE LA VIDA;ALTA;DIRECTOR INVESTIGACION Y DESARROLLO;ALTA;15787;2;NO;EXCELENTE;23;3;MUY BUENO;sábado, 8 de agosto de 2020;2;2;2;2
1314;1844;martes, 25 de mayo de 1993;NO;VIAJA RARAMENTE;RRHH;13;LICENCIATURA;RRHH;MEDIA;RRHH;BAJA;2335;4;NO;EXCELENTE;4;3;MUY BUENO;miércoles, 28 de octubre de 2020;2;2;2;0
1322;1856;miércoles, 2 de julio de 1975;SI;VIAJA RARAMENTE;INVESTIGACIOÓN Y DESARROLLO;9;MAESTRIA;CIENCIAS DE LA VIDA;ALTA;TECNICO DE LABORATORIO;ALTA;2105;4;SI;EXCELENTE;7;2;MUY BUENO;lunes, 7 de diciembre de 2020;2;2;2;0
1327;1862;miércoles, 21 de noviembre de 1990;NO;VIAJA RARAMENTE;VENTAS;2;MAESTRIA;MARKETING;MEDIA;EJECUTIVO DE VENTAS;MEDIA;9907;7;NO;EXCELENTE;7;3;BUENO;jueves, 27 de agosto de 2020;2;2;2;2
1336;1871;lunes, 18 de abril de 1983;NO;VIAJA RARAMENTE;INVESTIGACIOÓN Y DESARROLLO;19;MAESTRIA;OTRO;ALTA;CIENTIFICO DE INVESTIGACION;MUY ALTA;3902;8;SI;EXCELENTE;7;2;MUY BUENO;miércoles, 18 de marzo de 2020;2;2;2;2
1361;1916;sábado, 12 de enero de 1991;SI;VIAJA RARAMENTE;INVESTIGACIOÓN Y DESARROLLO;4;LICENCIATURA;MEDICO;MUY ALTA;TECNICO DE LABORATORIO;ALTA;3978;8;SI;EXCELENTE;4;0;BUENO;lunes, 13 de enero de 2020;2;2;2;2
1397;1968;miércoles, 10 de septiembre de 1969;NO;VIAJA RARAMENTE;VENTAS;24;MAESTRIA;CIENCIAS DE LA VIDA;ALTA;EJECUTIVO DE VENTAS;BAJA;10448;6;NO;EXCELENTE;15;2;BUENO;miércoles, 22 de enero de 2020;2;2;2;2
1423;2003;jueves, 30 de abril de 1987;SI;VIAJA RARAMENTE;INVESTIGACIOÓN Y DESARROLLO;11;MAESTRIA;MEDICO;ALTA;TECNICO DE LABORATORIO;ALTA;2660;7;NO;EXCELENTE;5;3;MUY BUENO;jueves, 9 de enero de 2020;2;2;2;2
1429;2013;lunes, 22 de octubre de 1990;SI;VIAJA RARAMENTE;VENTAS;1;MAESTRIA;MEDICO;MEDIA;REPRESENTATE DE VENTAS;MEDIA;2269;0;SI;EXCELENTE;3;2;MUY BUENO;viernes, 3 de enero de 2020;2;2;2;2
1443;2027;martes, 7 de diciembre de 1993;NO;VIAJA RARAMENTE;INVESTIGACIOÓN Y DESARROLLO;1;MAESTRIA;MEDICO;ALTA;CIENTIFICO DE INVESTIGACION;MUY ALTA;4787;9;NO;EXCELENTE;4;3;EXCELENTE;martes, 17 de marzo de 2020;2;2;2;2
1456;2048;lunes, 10 de mayo de 1982;SI;VIAJA RARAMENTE;INVESTIGACIOÓN Y DESARROLLO;2;MAESTRIA;CIENCIAS DE LA VIDA;MEDIA;CIENTIFICO DE INVESTIGACION;ALTA;2809;2;SI;EXCELENTE;8;2;MUY BUENO;martes, 17 de marzo de 2020;2;2;2;2
1462;2055;lunes, 14 de agosto de 1972;NO;VIAJA RARAMENTE;VENTAS;28;LICENCIATURA;MARKETING;MEDIA;EJECUTIVO DE VENTAS;BAJA;10854;4;NO;EXCELENTE;20;3;MUY BUENO;martes, 2 de abril de 2019;3;2;2;0
38;49;sábado, 18 de abril de 1987;SI;VIAJA RARAMENTE;VENTAS;2;LICENCIATURA;MARKETING;ALTA;REPRESENTATE DE VENTAS;MUY ALTA;2014;1;SI;EXCELENTE;2;3;MUY BUENO;viernes, 13 de noviembre de 2020;2;2;2;2
90;118;miércoles, 2 de junio de 1976;NO;VIAJA RARAMENTE;VENTAS;9;UNIVERSITARIO;MEDICO;MEDIA;EJECUTIVO DE VENTAS;MUY ALTA;9619;1;SI;EXCELENTE;9;3;MUY BUENO;domingo, 11 de agosto de 2013;9;8;4;7
93;121;viernes, 24 de abril de 1992;SI;VIAJA RARAMENTE;VENTAS;4;UNIVERSITARIO;MEDICO;MEDIA;EJECUTIVO DE VENTAS;MEDIA;5209;1;NO;EXCELENTE;11;4;BUENO;domingo, 9 de enero de 2011;11;8;2;7
95;125;domingo, 7 de octubre de 1990;SI;VIAJA RARAMENTE;VENTAS;6;MAESTRIA;MEDICO;ALTA;EJECUTIVO DE VENTAS;ALTA;5010;1;SI;EXCELENTE;12;0;MUY BUENO;miércoles, 5 de enero de 2011;11;8;5;7
120;158;lunes, 26 de febrero de 1979;SI;VIAJA FRECUENTEMENTE;VENTAS;26;UNIVERSITARIO;CIENCIAS DE LA VIDA;ALTA;GERENTE DE EJECUTIVO DE VENTAS;MUY ALTA;16959;1;NO;EXCELENTE;25;3;EXCELENTE;viernes, 2 de mayo de 1997;25;12;4;12
135;177;jueves, 28 de marzo de 1996;SI;VIAJA RARAMENTE;RRHH;25;POR DEBAJO DE LA UNIVERSIDAD;CIENCIAS DE LA VIDA;ALTA;RRHH;ALTA;2942;1;SI;SOBRESALIENTE;8;3;MUY BUENO;martes, 20 de mayo de 2014;8;7;5;7
155;207;jueves, 19 de julio de 1990;SI;VIAJA FRECUENTEMENTE;VENTAS;8;LICENCIATURA;MARKETING;ALTA;EJECUTIVO DE VENTAS;MUY ALTA;8998;1;SI;EXCELENTE;9;2;MUY BUENO;martes, 29 de enero de 2013;9;8;3;7
179;244;jueves, 25 de marzo de 1976;SI;VIAJA RARAMENTE;VENTAS;1;UNIVERSITARIO;MARKETING;ALTA;EJECUTIVO DE VENTAS;BAJA;10453;1;SI;SOBRESALIENTE;24;2;MUY BUENO;viernes, 20 de marzo de 1998;24;13;15;7
211;291;domingo, 6 de mayo de 1990;NO;VIAJA RARAMENTE;VENTAS;4;MAESTRIA;MEDICO;BAJA;EJECUTIVO DE VENTAS;MUY ALTA;10400;1;SI;EXCELENTE;14;2;BUENO;lunes, 24 de marzo de 2008;14;8;9;8
228;312;martes, 8 de junio de 1993;SI;VIAJA FRECUENTEMENTE;VENTAS;1;POR DEBAJO DE LA UNIVERSIDAD;MEDICO;ALTA;EJECUTIVO DE VENTAS;MUY ALTA;7918;1;SI;EXCELENTE;11;5;MUY BUENO;martes, 28 de junio de 2011;11;10;4;1
238;329;miércoles, 29 de julio de 1970;SI;NO VIAJA;VENTAS;2;MAESTRIA;CIENCIAS DE LA VIDA;MEDIA;GERENTE DE EJECUTIVO DE VENTAS;ALTA;19068;1;NO;EXCELENTE;33;2;EXCELENTE;martes, 31 de enero de 1989;33;7;15;12
278;382;martes, 30 de octubre de 1984;SI;VIAJA RARAMENTE;VENTAS;7;UNIVERSITARIO;MEDICO;MUY ALTA;EJECUTIVO DE VENTAS;BAJA;5605;1;NO;SOBRESALIENTE;8;3;MUY BUENO;martes, 8 de julio de 2014;8;0;7;7
282;387;domingo, 1 de junio de 1980;SI;VIAJA RARAMENTE;VENTAS;1;POR DEBAJO DE LA UNIVERSIDAD;CIENCIAS DE LA VIDA;ALTA;EJECUTIVO DE VENTAS;ALTA;4907;1;SI;SOBRESALIENTE;20;3;MUY BUENO;jueves, 2 de mayo de 2002;20;16;11;6
293;399;martes, 2 de julio de 1991;SI;VIAJA FRECUENTEMENTE;VENTAS;5;LICENCIATURA;MARKETING;ALTA;REPRESENTATE DE VENTAS;MEDIA;2789;1;SI;EXCELENTE;2;5;BUENO;viernes, 13 de noviembre de 2020;2;2;2;2
294;401;martes, 15 de octubre de 1996;NO;VIAJA RARAMENTE;VENTAS;4;MAESTRIA;MARKETING;MEDIA;EJECUTIVO DE VENTAS;MUY ALTA;5828;1;NO;EXCELENTE;8;0;MUY BUENO;martes, 8 de julio de 2014;8;7;7;4
307;420;domingo, 7 de octubre de 1990;SI;VIAJA RARAMENTE;VENTAS;7;LICENCIATURA;CIENCIAS DE LA VIDA;MEDIA;EJECUTIVO DE VENTAS;ALTA;5484;1;SI;EXCELENTE;13;3;BUENO;lunes, 30 de noviembre de 2009;13;8;4;8
320;436;sábado, 23 de junio de 1990;SI;VIAJA RARAMENTE;VENTAS;8;UNIVERSITARIO;TITULO TECNICO;MEDIA;EJECUTIVO DE VENTAS;MEDIA;5228;1;NO;EXCELENTE;13;2;MUY BUENO;domingo, 29 de noviembre de 2009;13;12;11;9
356;476;jueves, 5 de diciembre de 1996;SI;VIAJA RARAMENTE;VENTAS;1;LICENCIATURA;CIENCIAS DE LA VIDA;ALTA;EJECUTIVO DE VENTAS;ALTA;5296;1;SI;EXCELENTE;8;3;MUY BUENO;sábado, 10 de mayo de 2014;8;7;7;7
363;484;miércoles, 21 de febrero de 2001;SI;NO VIAJA;VENTAS;9;UNIVERSITARIO;MEDICO;ALTA;REPRESENTATE DE VENTAS;MUY ALTA;2610;1;SI;SOBRESALIENTE;3;3;BUENO;jueves, 7 de febrero de 2019;3;2;2;2
367;488;viernes, 14 de agosto de 1981;NO;VIAJA FRECUENTEMENTE;VENTAS;4;LICENCIATURA;MARKETING;ALTA;EJECUTIVO DE VENTAS;MEDIA;9355;1;SI;EXCELENTE;8;5;MUY BUENO;viernes, 9 de mayo de 2014;8;7;7;7
385;513;domingo, 5 de enero de 1986;SI;VIAJA RARAMENTE;VENTAS;2;UNIVERSITARIO;MEDICO;MEDIA;EJECUTIVO DE VENTAS;ALTA;7596;1;SI;EXCELENTE;10;2;MUY BUENO;sábado, 24 de noviembre de 2012;10;9;9;0
443;592;sábado, 26 de julio de 1986;SI;NO VIAJA;VENTAS;10;MAESTRIA;MEDICO;ALTA;EJECUTIVO DE VENTAS;MUY ALTA;9980;1;SI;EXCELENTE;10;3;BUENO;domingo, 25 de noviembre de 2012;10;3;9;7
463;621;sábado, 26 de noviembre de 1988;NO;VIAJA RARAMENTE;VENTAS;21;MAESTRIA;CIENCIAS DE LA VIDA;MUY ALTA;EJECUTIVO DE VENTAS;MUY ALTA;5337;1;SI;EXCELENTE;10;3;MUY BUENO;domingo, 25 de noviembre de 2012;10;7;5;7
468;626;jueves, 24 de enero de 1985;SI;NO VIAJA;VENTAS;9;MAESTRIA;MEDICO;ALTA;EJECUTIVO DE VENTAS;MEDIA;8834;1;SI;EXCELENTE;9;6;MUY BUENO;lunes, 28 de enero de 2013;9;5;7;7
478;644;sábado, 27 de mayo de 1972;SI;VIAJA FRECUENTEMENTE;RRHH;3;LICENCIATURA;MEDICO;ALTA;GERENTE RRHH;MEDIA;18200;1;SI;EXCELENTE;32;2;MUY BUENO;sábado, 4 de agosto de 1990;32;5;10;7
539;734;sábado, 27 de junio de 1981;SI;VIAJA RARAMENTE;RRHH;1;LICENCIATURA;RRHH;MEDIA;GERENTE RRHH;ALTA;19189;1;SI;EXCELENTE;22;3;MUY BUENO;lunes, 10 de julio de 2000;22;7;2;10
556;766;jueves, 25 de febrero de 1993;SI;VIAJA RARAMENTE;VENTAS;10;LICENCIATURA;MARKETING;ALTA;REPRESENTATE DE VENTAS;MEDIA;2297;1;SI;EXCELENTE;2;2;MUY BUENO;domingo, 12 de julio de 2020;2;2;2;2
608;840;jueves, 15 de noviembre de 1973;NO;VIAJA RARAMENTE;VENTAS;11;LICENCIATURA;MARKETING;ALTA;EJECUTIVO DE VENTAS;MUY ALTA;7654;1;SI;EXCELENTE;9;3;EXCELENTE;martes, 29 de enero de 2013;9;8;7;7
613;846;sábado, 23 de julio de 1994;SI;VIAJA RARAMENTE;VENTAS;2;MAESTRIA;MARKETING;ALTA;EJECUTIVO DE VENTAS;MEDIA;4779;1;NO;SOBRESALIENTE;8;2;MUY BUENO;martes, 8 de julio de 2014;8;7;7;5
622;857;miércoles, 11 de junio de 1986;SI;VIAJA RARAMENTE;VENTAS;1;UNIVERSITARIO;CIENCIAS DE LA VIDA;ALTA;EJECUTIVO DE VENTAS;MUY ALTA;6201;1;NO;EXCELENTE;18;1;BUENO;domingo, 30 de mayo de 2004;18;14;4;11
642;889;martes, 11 de diciembre de 1990;SI;VIAJA FRECUENTEMENTE;VENTAS;5;UNIVERSITARIO;CIENCIAS DE LA VIDA;ALTA;EJECUTIVO DE VENTAS;MEDIA;6524;1;SI;EXCELENTE;10;3;MUY BUENO;lunes, 26 de noviembre de 2012;10;8;5;3
694;967;jueves, 16 de octubre de 1986;NO;VIAJA RARAMENTE;VENTAS;3;POR DEBAJO DE LA UNIVERSIDAD;CIENCIAS DE LA VIDA;MEDIA;EJECUTIVO DE VENTAS;MUY ALTA;10325;1;NO;EXCELENTE;16;6;MUY BUENO;martes, 21 de marzo de 2006;16;7;3;7
711;992;lunes, 26 de junio de 1989;SI;NO VIAJA;VENTAS;17;LICENCIATURA;CIENCIAS DE LA VIDA;ALTA;GERENTE DE EJECUTIVO DE VENTAS;ALTA;17444;1;SI;EXCELENTE;10;2;MUY BUENO;viernes, 19 de octubre de 2012;10;8;6;0
750;1038;miércoles, 4 de marzo de 1970;NO;VIAJA RARAMENTE;VENTAS;2;POR DEBAJO DE LA UNIVERSIDAD;MARKETING;BAJA;GERENTE DE EJECUTIVO DE VENTAS;MUY ALTA;19845;1;SI;EXCELENTE;33;3;MUY BUENO;miércoles, 11 de julio de 1990;32;14;6;9
769;1066;miércoles, 16 de junio de 1982;SI;VIAJA RARAMENTE;VENTAS;26;LICENCIATURA;MARKETING;ALTA;EJECUTIVO DE VENTAS;BAJA;8396;1;SI;EXCELENTE;8;3;BUENO;sábado, 31 de octubre de 2015;7;7;7;5
806;1117;jueves, 30 de junio de 1977;SI;NO VIAJA;VENTAS;9;MAESTRIA;CIENCIAS DE LA VIDA;MEDIA;EJECUTIVO DE VENTAS;ALTA;5593;1;SI;EXCELENTE;15;2;MUY BUENO;lunes, 10 de septiembre de 2007;15;10;4;12
827;1152;jueves, 11 de octubre de 1984;SI;VIAJA RARAMENTE;RRHH;1;LICENCIATURA;RRHH;MUY ALTA;RRHH;ALTA;2844;1;SI;EXCELENTE;7;2;EXCELENTE;jueves, 17 de septiembre de 2015;7;6;5;0
837;1165;jueves, 26 de agosto de 1993;NO;VIAJA RARAMENTE;VENTAS;23;POR DEBAJO DE LA UNIVERSIDAD;CIENCIAS DE LA VIDA;MEDIA;EJECUTIVO DE VENTAS;BAJA;7336;1;SI;EXCELENTE;11;3;MALO;miércoles, 4 de mayo de 2011;11;8;3;10
877;1226;viernes, 21 de junio de 2002;NO;VIAJA RARAMENTE;VENTAS;21;LICENCIATURA;MARKETING;MUY ALTA;REPRESENTATE DE VENTAS;MUY ALTA;2678;1;SI;EXCELENTE;2;2;MUY BUENO;viernes, 3 de enero de 2020;2;1;2;2
951;1324;viernes, 22 de marzo de 1991;SI;NO VIAJA;VENTAS;2;MAESTRIA;CIENCIAS DE LA VIDA;ALTA;EJECUTIVO DE VENTAS;ALTA;9852;1;NO;EXCELENTE;10;5;BUENO;martes, 28 de agosto de 2012;10;8;9;6
952;1329;lunes, 2 de noviembre de 1981;SI;NO VIAJA;VENTAS;10;UNIVERSITARIO;MEDICO;BAJA;EJECUTIVO DE VENTAS;MEDIA;6151;1;SI;EXCELENTE;19;4;MUY BUENO;martes, 11 de febrero de 2003;19;2;11;9
953;1331;miércoles, 18 de septiembre de 1991;NO;VIAJA FRECUENTEMENTE;VENTAS;1;LICENCIATURA;CIENCIAS DE LA VIDA;ALTA;REPRESENTATE DE VENTAS;MEDIA;2302;1;NO;EXCELENTE;3;2;EXCELENTE;domingo, 3 de noviembre de 2019;3;2;2;2
965;1356;sábado, 9 de enero de 1988;SI;VIAJA RARAMENTE;VENTAS;15;UNIVERSITARIO;MEDICO;ALTA;EJECUTIVO DE VENTAS;BAJA;6125;1;SI;EXCELENTE;10;6;EXCELENTE;domingo, 3 de junio de 2012;10;8;9;6
997;1403;miércoles, 11 de octubre de 1995;SI;VIAJA RARAMENTE;VENTAS;10;LICENCIATURA;MARKETING;MEDIA;EJECUTIVO DE VENTAS;MUY ALTA;5769;1;NO;EXCELENTE;6;3;MUY BUENO;sábado, 17 de diciembre de 2016;6;2;4;4
1031;1453;sábado, 28 de septiembre de 1991;SI;VIAJA RARAMENTE;VENTAS;8;UNIVERSITARIO;CIENCIAS DE LA VIDA;ALTA;EJECUTIVO DE VENTAS;MUY ALTA;10793;1;SI;EXCELENTE;13;5;MUY BUENO;jueves, 12 de febrero de 2009;13;7;9;9
1040;1467;domingo, 10 de abril de 1988;NO;VIAJA RARAMENTE;RRHH;9;MAESTRIA;TITULO TECNICO;ALTA;RRHH;ALTA;2742;1;SI;EXCELENTE;2;0;MUY BUENO;miércoles, 6 de mayo de 2020;2;2;2;2
1085;1535;lunes, 12 de diciembre de 1988;SI;VIAJA RARAMENTE;VENTAS;1;LICENCIATURA;TITULO TECNICO;MEDIA;EJECUTIVO DE VENTAS;ALTA;7083;1;NO;EXCELENTE;10;3;MUY BUENO;miércoles, 12 de diciembre de 2012;10;9;8;6
1097;1550;miércoles, 2 de junio de 1982;SI;VIAJA RARAMENTE;RRHH;6;UNIVERSITARIO;MEDICO;ALTA;GERENTE RRHH;MUY ALTA;16437;1;NO;SOBRESALIENTE;21;2;MUY BUENO;miércoles, 5 de diciembre de 2001;21;7;7;7
1107;1562;viernes, 31 de enero de 1992;NO;VIAJA RARAMENTE;VENTAS;1;LICENCIATURA;CIENCIAS DE LA VIDA;MEDIA;EJECUTIVO DE VENTAS;BAJA;9714;1;SI;EXCELENTE;10;4;MUY BUENO;jueves, 3 de mayo de 2012;10;8;6;7
1117;1578;sábado, 22 de abril de 1967;SI;VIAJA RARAMENTE;VENTAS;26;DOCTORADO;MARKETING;MEDIA;GERENTE DE EJECUTIVO DE VENTAS;MUY ALTA;19586;1;SI;SOBRESALIENTE;36;3;MUY BUENO;sábado, 3 de mayo de 1986;36;6;2;13
1144;1612;lunes, 7 de febrero de 1977;SI;NO VIAJA;VENTAS;26;LICENCIATURA;MARKETING;MEDIA;EJECUTIVO DE VENTAS;BAJA;4385;1;SI;EXCELENTE;10;2;MUY BUENO;jueves, 3 de mayo de 2012;10;7;4;5
1179;1657;martes, 8 de octubre de 2002;SI;VIAJA RARAMENTE;VENTAS;2;LICENCIATURA;MEDICO;ALTA;REPRESENTATE DE VENTAS;ALTA;2783;1;SI;EXCELENTE;2;3;MUY BUENO;viernes, 3 de enero de 2020;2;2;2;2
1217;1706;miércoles, 30 de mayo de 1979;SI;VIAJA RARAMENTE;VENTAS;2;LICENCIATURA;MEDICO;ALTA;EJECUTIVO DE VENTAS;MUY ALTA;7847;1;NO;EXCELENTE;10;3;MUY BUENO;viernes, 4 de mayo de 2012;10;9;8;8
1219;1708;martes, 19 de mayo de 1981;SI;VIAJA RARAMENTE;VENTAS;6;LICENCIATURA;MARKETING;ALTA;EJECUTIVO DE VENTAS;ALTA;9241;1;SI;EXCELENTE;10;3;MUY BUENO;jueves, 3 de mayo de 2012;10;8;8;7
1243;1740;sábado, 12 de junio de 1982;SI;VIAJA RARAMENTE;VENTAS;7;MAESTRIA;MEDICO;ALTA;GERENTE DE EJECUTIVO DE VENTAS;MEDIA;19833;1;SI;EXCELENTE;21;3;BUENO;miércoles, 11 de julio de 2001;21;8;12;8
1250;1752;lunes, 8 de noviembre de 1993;NO;VIAJA RARAMENTE;VENTAS;9;LICENCIATURA;MARKETING;BAJA;REPRESENTATE DE VENTAS;MEDIA;2760;1;SI;EXCELENTE;2;3;MUY BUENO;miércoles, 15 de julio de 2020;2;2;2;2
1275;1784;lunes, 8 de julio de 1991;SI;VIAJA RARAMENTE;VENTAS;29;MAESTRIA;MARKETING;MEDIA;EJECUTIVO DE VENTAS;MUY ALTA;5468;1;SI;EXCELENTE;13;3;MUY BUENO;martes, 21 de diciembre de 2010;12;7;5;7
1282;1797;miércoles, 20 de mayo de 1987;NO;VIAJA RARAMENTE;VENTAS;27;LICENCIATURA;CIENCIAS DE LA VIDA;ALTA;EJECUTIVO DE VENTAS;MUY ALTA;5813;1;NO;EXCELENTE;10;2;MUY BUENO;sábado, 1 de diciembre de 2012;10;7;7;7
1301;1823;domingo, 24 de enero de 1988;SI;VIAJA RARAMENTE;VENTAS;8;UNIVERSITARIO;TITULO TECNICO;MUY ALTA;EJECUTIVO DE VENTAS;ALTA;6799;1;SI;SOBRESALIENTE;10;5;MUY BUENO;sábado, 1 de diciembre de 2012;10;8;4;8
1317;1849;martes, 17 de julio de 1979;SI;VIAJA FRECUENTEMENTE;VENTAS;2;MAESTRIA;CIENCIAS DE LA VIDA;ALTA;EJECUTIVO DE VENTAS;MUY ALTA;5675;1;SI;SOBRESALIENTE;7;5;MUY BUENO;domingo, 24 de mayo de 2015;7;7;7;7
1324;1858;martes, 18 de octubre de 1994;SI;NO VIAJA;RRHH;1;UNIVERSITARIO;CIENCIAS DE LA VIDA;ALTA;RRHH;MUY ALTA;2706;1;SI;EXCELENTE;3;2;MUY BUENO;viernes, 5 de abril de 2019;3;2;2;2
1329;1864;jueves, 19 de octubre de 1995;NO;VIAJA RARAMENTE;VENTAS;23;POR DEBAJO DE LA UNIVERSIDAD;MEDICO;MEDIA;REPRESENTATE DE VENTAS;ALTA;3540;1;SI;SOBRESALIENTE;9;5;MUY BUENO;miércoles, 4 de diciembre de 2013;9;8;5;8
1385;1950;jueves, 17 de marzo de 1988;SI;VIAJA RARAMENTE;VENTAS;1;LICENCIATURA;MARKETING;ALTA;EJECUTIVO DE VENTAS;MUY ALTA;9888;1;SI;SOBRESALIENTE;14;3;BUENO;jueves, 20 de marzo de 2008;14;8;2;1
1432;2016;lunes, 12 de febrero de 1990;SI;VIAJA RARAMENTE;VENTAS;1;MAESTRIA;MARKETING;ALTA;EJECUTIVO DE VENTAS;MUY ALTA;10422;1;SI;EXCELENTE;14;3;MUY BUENO;domingo, 28 de septiembre de 2008;14;10;5;7
1448;2036;martes, 25 de marzo de 1986;SI;NO VIAJA;VENTAS;15;MAESTRIA;MARKETING;BAJA;EJECUTIVO DE VENTAS;MUY ALTA;5406;1;SI;SOBRESALIENTE;15;4;BUENO;sábado, 8 de septiembre de 2007;15;12;11;11
27;33;domingo, 23 de diciembre de 1990;NO;VIAJA FRECUENTEMENTE;INVESTIGACIOÓN Y DESARROLLO;16;POR DEBAJO DE LA UNIVERSIDAD;CIENCIAS DE LA VIDA;BAJA;CIENTIFICO DE INVESTIGACION;BAJA;3919;1;NO;SOBRESALIENTE;10;5;MUY BUENO;miércoles, 12 de septiembre de 2012;10;2;6;7
45;57;lunes, 13 de julio de 1992;SI;VIAJA FRECUENTEMENTE;INVESTIGACIOÓN Y DESARROLLO;1;UNIVERSITARIO;MEDICO;ALTA;TECNICO DE LABORATORIO;MUY ALTA;4011;1;SI;SOBRESALIENTE;12;2;MUY BUENO;viernes, 20 de agosto de 2010;12;8;3;7
61;78;miércoles, 7 de febrero de 1990;SI;VIAJA RARAMENTE;INVESTIGACIOÓN Y DESARROLLO;1;LICENCIATURA;MEDICO;ALTA;DIRECTOR DE MANUFACTURA;MUY ALTA;6162;1;NO;SOBRESALIENTE;9;3;MUY BUENO;martes, 30 de abril de 2013;9;8;7;8
91;119;viernes, 22 de octubre de 1982;SI;VIAJA FRECUENTEMENTE;INVESTIGACIOÓN Y DESARROLLO;1;MAESTRIA;CIENCIAS DE LA VIDA;MEDIA;REPRESENTANTE DE ATENCION MEDICA;MEDIA;13503;1;SI;SOBRESALIENTE;22;3;BUENO;miércoles, 20 de diciembre de 2000;22;3;11;11
161;217;martes, 25 de julio de 2000;SI;VIAJA RARAMENTE;INVESTIGACIOÓN Y DESARROLLO;19;POR DEBAJO DE LA UNIVERSIDAD;MEDICO;ALTA;CIENTIFICO DE INVESTIGACION;MUY ALTA;2323;1;SI;SOBRESALIENTE;2;6;MUY BUENO;miércoles, 18 de marzo de 2020;2;2;2;2
212;292;jueves, 23 de abril de 1992;SI;NO VIAJA;INVESTIGACIOÓN Y DESARROLLO;1;POR DEBAJO DE LA UNIVERSIDAD;CIENCIAS DE LA VIDA;MEDIA;DIRECTOR DE MANUFACTURA;ALTA;8474;1;SI;SOBRESALIENTE;12;2;MUY BUENO;martes, 25 de octubre de 2011;11;8;5;8
326;442;jueves, 11 de julio de 1991;SI;VIAJA FRECUENTEMENTE;INVESTIGACIOÓN Y DESARROLLO;7;UNIVERSITARIO;CIENCIAS DE LA VIDA;MEDIA;DIRECTOR DE MANUFACTURA;ALTA;8943;1;SI;SOBRESALIENTE;10;2;MUY BUENO;sábado, 25 de agosto de 2012;10;9;8;9
452;605;lunes, 3 de noviembre de 1980;SI;VIAJA RARAMENTE;INVESTIGACIOÓN Y DESARROLLO;24;LICENCIATURA;MEDICO;ALTA;DIRECTOR DE MANUFACTURA;BAJA;7406;1;NO;SOBRESALIENTE;10;5;BUENO;domingo, 18 de marzo de 2012;10;9;5;8
583;807;lunes, 15 de febrero de 1982;SI;VIAJA FRECUENTEMENTE;INVESTIGACIOÓN Y DESARROLLO;2;UNIVERSITARIO;MEDICO;MUY ALTA;REPRESENTANTE DE ATENCION MEDICA;MEDIA;4244;1;SI;SOBRESALIENTE;8;2;MUY BUENO;domingo, 12 de octubre de 2014;8;7;3;7
636;880;martes, 5 de mayo de 1987;SI;VIAJA RARAMENTE;INVESTIGACIOÓN Y DESARROLLO;9;LICENCIATURA;CIENCIAS DE LA VIDA;MEDIA;DIRECTOR DE MANUFACTURA;ALTA;10685;1;NO;SOBRESALIENTE;17;2;MUY BUENO;martes, 23 de agosto de 2005;17;14;5;15
747;1035;sábado, 12 de diciembre de 1981;SI;NO VIAJA;INVESTIGACIOÓN Y DESARROLLO;7;POR DEBAJO DE LA UNIVERSIDAD;CIENCIAS DE LA VIDA;BAJA;DIRECTOR INVESTIGACION Y DESARROLLO;ALTA;19973;1;SI;SOBRESALIENTE;21;3;MUY BUENO;viernes, 25 de mayo de 2001;21;16;5;10
793;1101;domingo, 30 de abril de 1989;NO;VIAJA FRECUENTEMENTE;INVESTIGACIOÓN Y DESARROLLO;29;MAESTRIA;MEDICO;MEDIA;CIENTIFICO DE INVESTIGACION;ALTA;4508;1;SI;SOBRESALIENTE;14;4;MUY BUENO;jueves, 15 de enero de 2009;13;7;3;8
876;1225;jueves, 14 de septiembre de 1978;SI;VIAJA RARAMENTE;INVESTIGACIOÓN Y DESARROLLO;29;MAESTRIA;OTRO;ALTA;CIENTIFICO DE INVESTIGACION;MUY ALTA;4541;1;SI;SOBRESALIENTE;20;3;MUY BUENO;jueves, 21 de marzo de 2002;20;11;13;17
881;1234;viernes, 16 de febrero de 1990;SI;VIAJA FRECUENTEMENTE;INVESTIGACIOÓN Y DESARROLLO;13;LICENCIATURA;OTRO;MEDIA;TECNICO DE LABORATORIO;MEDIA;2743;1;SI;SOBRESALIENTE;2;2;MUY BUENO;domingo, 17 de mayo de 2020;2;2;2;2
913;1275;martes, 28 de mayo de 1996;SI;VIAJA RARAMENTE;INVESTIGACIOÓN Y DESARROLLO;4;UNIVERSITARIO;CIENCIAS DE LA VIDA;ALTA;CIENTIFICO DE INVESTIGACION;MUY ALTA;2875;1;NO;SOBRESALIENTE;8;2;BUENO;domingo, 18 de mayo de 2014;8;5;2;2
916;1279;viernes, 7 de diciembre de 2001;NO;VIAJA FRECUENTEMENTE;INVESTIGACIOÓN Y DESARROLLO;10;UNIVERSITARIO;CIENCIAS DE LA VIDA;MEDIA;TECNICO DE LABORATORIO;ALTA;2625;1;SI;SOBRESALIENTE;2;2;MALO;lunes, 18 de mayo de 2020;2;2;2;2
1186;1666;sábado, 1 de septiembre de 1979;SI;VIAJA RARAMENTE;INVESTIGACIOÓN Y DESARROLLO;15;UNIVERSITARIO;CIENCIAS DE LA VIDA;MEDIA;DIRECTOR INVESTIGACION Y DESARROLLO;ALTA;17603;1;SI;SOBRESALIENTE;14;3;MUY BUENO;lunes, 28 de julio de 2008;14;10;6;11
1194;1675;martes, 7 de febrero de 1984;SI;VIAJA FRECUENTEMENTE;INVESTIGACIOÓN Y DESARROLLO;2;LICENCIATURA;MEDICO;MEDIA;TECNICO DE LABORATORIO;MEDIA;2440;1;SI;SOBRESALIENTE;4;3;MUY BUENO;lunes, 19 de marzo de 2018;4;3;3;3
1207;1693;domingo, 28 de julio de 1996;SI;NO VIAJA;INVESTIGACIOÓN Y DESARROLLO;7;LICENCIATURA;MEDICO;ALTA;TECNICO DE LABORATORIO;MUY ALTA;2570;1;SI;SOBRESALIENTE;7;5;MUY BUENO;domingo, 26 de julio de 2015;7;7;5;7
1354;1905;viernes, 16 de diciembre de 1988;NO;NO VIAJA;INVESTIGACIOÓN Y DESARROLLO;16;MAESTRIA;TITULO TECNICO;BAJA;CIENTIFICO DE INVESTIGACION;BAJA;2307;1;NO;SOBRESALIENTE;5;2;MUY BUENO;domingo, 19 de febrero de 2017;5;2;3;0
1373;1936;martes, 17 de mayo de 1983;SI;VIAJA RARAMENTE;INVESTIGACIOÓN Y DESARROLLO;9;UNIVERSITARIO;MEDICO;ALTA;DIRECTOR DE MANUFACTURA;BAJA;5151;1;SI;SOBRESALIENTE;10;3;MUY BUENO;viernes, 3 de febrero de 2012;10;0;7;9
1390;1956;domingo, 3 de marzo de 1991;SI;VIAJA FRECUENTEMENTE;INVESTIGACIOÓN Y DESARROLLO;1;LICENCIATURA;CIENCIAS DE LA VIDA;BAJA;CIENTIFICO DE INVESTIGACION;BAJA;5003;1;SI;SOBRESALIENTE;10;6;MUY BUENO;domingo, 1 de abril de 2012;10;8;8;7
1399;1970;viernes, 21 de abril de 1989;SI;VIAJA FRECUENTEMENTE;INVESTIGACIOÓN Y DESARROLLO;7;UNIVERSITARIO;CIENCIAS DE LA VIDA;ALTA;REPRESENTANTE DE ATENCION MEDICA;ALTA;5968;1;SI;SOBRESALIENTE;9;2;MUY BUENO;lunes, 11 de noviembre de 2013;9;7;2;8
1433;2017;miércoles, 6 de noviembre de 1985;SI;VIAJA RARAMENTE;INVESTIGACIOÓN Y DESARROLLO;10;LICENCIATURA;CIENCIAS DE LA VIDA;MUY ALTA;DIRECTOR INVESTIGACION Y DESARROLLO;MUY ALTA;13744;1;NO;SOBRESALIENTE;16;2;MUY BUENO;lunes, 18 de septiembre de 2006;16;11;6;8
13;16;martes, 19 de marzo de 1991;NO;VIAJA RARAMENTE;INVESTIGACIOÓN Y DESARROLLO;26;POR DEBAJO DE LA UNIVERSIDAD;CIENCIAS DE LA VIDA;ALTA;CIENTIFICO DE INVESTIGACION;ALTA;2911;1;SI;EXCELENTE;5;1;BUENO;miércoles, 20 de diciembre de 2017;5;2;4;3
46;58;domingo, 2 de agosto de 1981;NO;VIAJA RARAMENTE;INVESTIGACIOÓN Y DESARROLLO;12;LICENCIATURA;TITULO TECNICO;ALTA;DIRECTOR INVESTIGACION Y DESARROLLO;ALTA;19545;1;SI;EXCELENTE;23;0;MUY BUENO;lunes, 10 de enero de 2000;22;15;15;8
52;65;martes, 22 de febrero de 1994;NO;VIAJA RARAMENTE;INVESTIGACIOÓN Y DESARROLLO;5;MAESTRIA;TITULO TECNICO;ALTA;TECNICO DE LABORATORIO;ALTA;3441;1;NO;EXCELENTE;2;3;BUENO;domingo, 25 de octubre de 2020;2;2;2;2
62;79;viernes, 16 de noviembre de 1984;NO;VIAJA FRECUENTEMENTE;INVESTIGACIOÓN Y DESARROLLO;29;DOCTORADO;CIENCIAS DE LA VIDA;ALTA;TECNICO DE LABORATORIO;MUY ALTA;2406;1;SI;EXCELENTE;10;2;MUY BUENO;viernes, 11 de mayo de 2012;10;3;9;9
127;165;jueves, 16 de julio de 1964;NO;VIAJA RARAMENTE;INVESTIGACIOÓN Y DESARROLLO;23;MAESTRIA;MEDICO;ALTA;REPRESENTANTE DE ATENCION MEDICA;MUY ALTA;10312;1;SI;EXCELENTE;40;3;BUENO;lunes, 10 de mayo de 1982;40;10;15;6
130;170;lunes, 29 de enero de 1973;NO;VIAJA RARAMENTE;INVESTIGACIOÓN Y DESARROLLO;20;MAESTRIA;MEDICO;ALTA;DIRECTOR DE MANUFACTURA;BAJA;6567;1;SI;EXCELENTE;16;2;BUENO;jueves, 15 de noviembre de 2007;15;11;5;11
151;202;martes, 9 de noviembre de 1982;NO;VIAJA FRECUENTEMENTE;INVESTIGACIOÓN Y DESARROLLO;26;LICENCIATURA;MEDICO;ALTA;CIENTIFICO DE INVESTIGACION;MEDIA;5605;1;SI;EXCELENTE;20;2;MUY BUENO;viernes, 22 de marzo de 2002;20;7;2;13
272;376;jueves, 20 de marzo de 1975;NO;NO VIAJA;INVESTIGACIOÓN Y DESARROLLO;29;MAESTRIA;CIENCIAS DE LA VIDA;ALTA;GERENTE INVESTIGACION Y DESARROLLO;MEDIA;11849;1;NO;EXCELENTE;10;2;BUENO;viernes, 22 de junio de 2012;10;7;9;9
515;702;miércoles, 11 de enero de 1989;NO;VIAJA FRECUENTEMENTE;INVESTIGACIOÓN Y DESARROLLO;3;LICENCIATURA;CIENCIAS DE LA VIDA;ALTA;CIENTIFICO DE INVESTIGACION;BAJA;3348;1;NO;EXCELENTE;10;3;MUY BUENO;miércoles, 12 de septiembre de 2012;10;8;9;7
563;780;lunes, 12 de junio de 1989;NO;VIAJA RARAMENTE;INVESTIGACIOÓN Y DESARROLLO;1;MAESTRIA;OTRO;ALTA;CIENTIFICO DE INVESTIGACION;MUY ALTA;2686;1;NO;EXCELENTE;10;2;BUENO;miércoles, 12 de septiembre de 2012;10;9;7;8
637;881;domingo, 28 de junio de 1987;NO;VIAJA FRECUENTEMENTE;INVESTIGACIOÓN Y DESARROLLO;25;MAESTRIA;CIENCIAS DE LA VIDA;ALTA;CIENTIFICO DE INVESTIGACION;MEDIA;2022;1;NO;EXCELENTE;10;3;BUENO;jueves, 3 de mayo de 2012;10;2;7;8
730;1014;lunes, 18 de mayo de 1987;NO;VIAJA RARAMENTE;INVESTIGACIOÓN Y DESARROLLO;25;MAESTRIA;MEDICO;ALTA;REPRESENTANTE DE ATENCION MEDICA;ALTA;10388;1;NO;EXCELENTE;16;3;BUENO;miércoles, 1 de febrero de 2006;16;10;10;1
753;1042;miércoles, 5 de marzo de 1986;NO;VIAJA RARAMENTE;INVESTIGACIOÓN Y DESARROLLO;16;MAESTRIA;CIENCIAS DE LA VIDA;MUY ALTA;TECNICO DE LABORATORIO;BAJA;2743;1;SI;EXCELENTE;18;1;MUY BUENO;jueves, 13 de enero de 2005;17;13;15;14
797;1106;viernes, 12 de septiembre de 1997;NO;VIAJA RARAMENTE;INVESTIGACIOÓN Y DESARROLLO;4;POR DEBAJO DE LA UNIVERSIDAD;TITULO TECNICO;ALTA;TECNICO DE LABORATORIO;MUY ALTA;3691;1;NO;EXCELENTE;7;3;EXCELENTE;domingo, 26 de julio de 2015;7;7;5;6
832;1160;lunes, 15 de julio de 1991;NO;VIAJA FRECUENTEMENTE;INVESTIGACIOÓN Y DESARROLLO;15;LICENCIATURA;MEDICO;ALTA;TECNICO DE LABORATORIO;ALTA;2610;1;SI;EXCELENTE;2;5;BUENO;lunes, 18 de mayo de 2020;2;2;2;2
986;1389;martes, 12 de febrero de 1991;NO;VIAJA RARAMENTE;INVESTIGACIOÓN Y DESARROLLO;22;MAESTRIA;MEDICO;ALTA;DIRECTOR DE MANUFACTURA;ALTA;6179;1;NO;EXCELENTE;10;3;BUENO;jueves, 5 de julio de 2012;10;2;6;7
998;1405;viernes, 1 de diciembre de 1995;NO;VIAJA RARAMENTE;INVESTIGACIOÓN Y DESARROLLO;17;MAESTRIA;CIENCIAS DE LA VIDA;ALTA;CIENTIFICO DE INVESTIGACION;ALTA;2394;1;NO;EXCELENTE;8;2;MUY BUENO;jueves, 20 de noviembre de 2014;8;2;7;7
1034;1459;miércoles, 4 de diciembre de 1991;NO;VIAJA FRECUENTEMENTE;INVESTIGACIOÓN Y DESARROLLO;1;DOCTORADO;CIENCIAS DE LA VIDA;MUY ALTA;DIRECTOR DE MANUFACTURA;MEDIA;7446;1;SI;EXCELENTE;10;2;MUY BUENO;jueves, 8 de noviembre de 2012;10;8;4;7
1086;1537;viernes, 8 de febrero de 1991;NO;VIAJA FRECUENTEMENTE;INVESTIGACIOÓN Y DESARROLLO;3;LICENCIATURA;CIENCIAS DE LA VIDA;ALTA;CIENTIFICO DE INVESTIGACION;ALTA;4084;1;SI;EXCELENTE;7;2;MALO;martes, 10 de marzo de 2015;7;2;7;7
1087;1539;lunes, 17 de julio de 1972;NO;VIAJA FRECUENTEMENTE;INVESTIGACIOÓN Y DESARROLLO;22;DOCTORADO;MEDICO;BAJA;DIRECTOR INVESTIGACION Y DESARROLLO;MUY ALTA;14411;1;NO;EXCELENTE;32;2;MUY BUENO;viernes, 19 de octubre de 1990;32;6;13;9
1211;1698;sábado, 13 de mayo de 1989;NO;VIAJA RARAMENTE;INVESTIGACIOÓN Y DESARROLLO;21;LICENCIATURA;MEDICO;MUY ALTA;TECNICO DE LABORATORIO;MEDIA;2028;1;SI;EXCELENTE;14;6;MUY BUENO;jueves, 10 de enero de 2008;14;11;2;13
1280;1792;miércoles, 8 de febrero de 1978;NO;VIAJA FRECUENTEMENTE;INVESTIGACIOÓN Y DESARROLLO;1;UNIVERSITARIO;MEDICO;ALTA;CIENTIFICO DE INVESTIGACION;MEDIA;2342;1;NO;EXCELENTE;6;2;BUENO;sábado, 26 de agosto de 2017;5;3;2;3
1319;1852;domingo, 18 de julio de 1993;NO;VIAJA FRECUENTEMENTE;INVESTIGACIOÓN Y DESARROLLO;20;POR DEBAJO DE LA UNIVERSIDAD;MEDICO;ALTA;TECNICO DE LABORATORIO;MUY ALTA;3812;1;SI;EXCELENTE;11;3;EXCELENTE;miércoles, 12 de enero de 2011;11;8;3;10
1369;1932;domingo, 25 de septiembre de 1988;NO;VIAJA FRECUENTEMENTE;INVESTIGACIOÓN Y DESARROLLO;22;MAESTRIA;OTRO;MEDIA;CIENTIFICO DE INVESTIGACION;MUY ALTA;5747;1;NO;EXCELENTE;16;3;MUY BUENO;miércoles, 7 de marzo de 2007;15;10;6;11
4;5;domingo, 29 de enero de 1989;SI;VIAJA FRECUENTEMENTE;INVESTIGACIOÓN Y DESARROLLO;3;MAESTRIA;CIENCIAS DE LA VIDA;ALTA;CIENTIFICO DE INVESTIGACION;ALTA;2909;1;NO;EXCELENTE;8;3;MUY BUENO;viernes, 21 de marzo de 2014;8;7;3;0
16;20;sábado, 25 de diciembre de 1993;SI;VIAJA RARAMENTE;INVESTIGACIOÓN Y DESARROLLO;21;MAESTRIA;CIENCIAS DE LA VIDA;MUY ALTA;DIRECTOR DE MANUFACTURA;BAJA;9980;1;SI;EXCELENTE;10;1;MUY BUENO;martes, 20 de marzo de 2012;10;9;8;8
56;73;miércoles, 21 de junio de 1989;SI;VIAJA FRECUENTEMENTE;INVESTIGACIOÓN Y DESARROLLO;1;UNIVERSITARIO;CIENCIAS DE LA VIDA;ALTA;DIRECTOR INVESTIGACION Y DESARROLLO;MUY ALTA;13458;1;NO;EXCELENTE;15;1;MUY BUENO;martes, 23 de octubre de 2007;15;14;8;12
65;83;sábado, 14 de junio de 1986;SI;VIAJA RARAMENTE;INVESTIGACIOÓN Y DESARROLLO;8;LICENCIATURA;TITULO TECNICO;ALTA;REPRESENTANTE DE ATENCION MEDICA;ALTA;10096;1;SI;EXCELENTE;17;2;MUY BUENO;martes, 1 de marzo de 2005;17;14;12;8
81;104;sábado, 25 de abril de 1992;SI;VIAJA RARAMENTE;INVESTIGACIOÓN Y DESARROLLO;1;POR DEBAJO DE LA UNIVERSIDAD;CIENCIAS DE LA VIDA;MEDIA;TECNICO DE LABORATORIO;MUY ALTA;5126;1;NO;EXCELENTE;10;1;BUENO;jueves, 10 de mayo de 2012;10;8;3;0
89;117;sábado, 4 de enero de 1992;SI;VIAJA RARAMENTE;INVESTIGACIOÓN Y DESARROLLO;2;LICENCIATURA;CIENCIAS DE LA VIDA;MEDIA;REPRESENTANTE DE ATENCION MEDICA;MUY ALTA;4152;1;SI;EXCELENTE;11;3;MUY BUENO;domingo, 9 de octubre de 2011;11;10;10;8
104;138;miércoles, 24 de agosto de 1988;SI;VIAJA RARAMENTE;INVESTIGACIOÓN Y DESARROLLO;6;MAESTRIA;OTRO;ALTA;CIENTIFICO DE INVESTIGACION;ALTA;4809;1;SI;EXCELENTE;16;3;MUY BUENO;miércoles, 10 de mayo de 2006;16;13;2;10
109;143;sábado, 2 de agosto de 1997;SI;VIAJA RARAMENTE;INVESTIGACIOÓN Y DESARROLLO;7;POR DEBAJO DE LA UNIVERSIDAD;MEDICO;MEDIA;CIENTIFICO DE INVESTIGACION;MUY ALTA;2889;1;SI;EXCELENTE;2;2;MUY BUENO;jueves, 19 de marzo de 2020;2;2;2;1
126;164;lunes, 29 de julio de 1996;SI;VIAJA RARAMENTE;INVESTIGACIOÓN Y DESARROLLO;6;LICENCIATURA;OTRO;MEDIA;CIENTIFICO DE INVESTIGACION;MEDIA;2368;1;SI;EXCELENTE;5;3;BUENO;miércoles, 20 de diciembre de 2017;5;4;4;3
174;239;viernes, 11 de septiembre de 1992;SI;NO VIAJA;INVESTIGACIOÓN Y DESARROLLO;9;LICENCIATURA;MEDICO;ALTA;TECNICO DE LABORATORIO;BAJA;3072;1;SI;EXCELENTE;12;4;MUY BUENO;viernes, 20 de agosto de 2010;12;9;6;10
180;245;sábado, 17 de noviembre de 1984;SI;VIAJA RARAMENTE;INVESTIGACIOÓN Y DESARROLLO;9;UNIVERSITARIO;CIENCIAS DE LA VIDA;ALTA;TECNICO DE LABORATORIO;MUY ALTA;2288;1;SI;EXCELENTE;2;3;MUY BUENO;jueves, 4 de junio de 2020;2;2;2;1
187;253;lunes, 22 de noviembre de 1982;SI;VIAJA RARAMENTE;INVESTIGACIOÓN Y DESARROLLO;4;POR DEBAJO DE LA UNIVERSIDAD;MEDICO;ALTA;GERENTE INVESTIGACION Y DESARROLLO;ALTA;19033;1;SI;EXCELENTE;21;2;MUY BUENO;sábado, 1 de junio de 2002;20;8;9;9
203;277;miércoles, 18 de mayo de 1988;SI;VIAJA FRECUENTEMENTE;INVESTIGACIOÓN Y DESARROLLO;10;MAESTRIA;MEDICO;ALTA;CIENTIFICO DE INVESTIGACION;ALTA;3815;1;NO;EXCELENTE;5;4;EXCELENTE;lunes, 18 de diciembre de 2017;5;3;2;0
207;284;sábado, 24 de junio de 2000;SI;VIAJA RARAMENTE;INVESTIGACIOÓN Y DESARROLLO;5;LICENCIATURA;CIENCIAS DE LA VIDA;MUY ALTA;CIENTIFICO DE INVESTIGACION;MEDIA;2328;1;NO;EXCELENTE;4;2;BUENO;lunes, 5 de noviembre de 2018;4;2;2;2
232;319;sábado, 5 de enero de 1980;SI;VIAJA RARAMENTE;INVESTIGACIOÓN Y DESARROLLO;4;UNIVERSITARIO;TITULO TECNICO;ALTA;GERENTE INVESTIGACION Y DESARROLLO;MUY ALTA;19232;1;SI;EXCELENTE;22;3;MUY BUENO;viernes, 20 de octubre de 2000;22;17;11;15
244;335;domingo, 8 de agosto de 1982;SI;VIAJA RARAMENTE;INVESTIGACIOÓN Y DESARROLLO;24;UNIVERSITARIO;TITULO TECNICO;ALTA;CIENTIFICO DE INVESTIGACION;MUY ALTA;3319;1;SI;EXCELENTE;9;3;MUY BUENO;jueves, 10 de octubre de 2013;9;8;4;7
285;390;lunes, 25 de marzo de 1996;SI;VIAJA FRECUENTEMENTE;INVESTIGACIOÓN Y DESARROLLO;11;UNIVERSITARIO;MEDICO;ALTA;REPRESENTANTE DE ATENCION MEDICA;BAJA;4741;1;NO;EXCELENTE;5;3;MUY BUENO;martes, 17 de octubre de 2017;5;3;3;3
286;391;domingo, 29 de diciembre de 1985;SI;VIAJA RARAMENTE;INVESTIGACIOÓN Y DESARROLLO;1;LICENCIATURA;CIENCIAS DE LA VIDA;ALTA;CIENTIFICO DE INVESTIGACION;MUY ALTA;2115;1;SI;EXCELENTE;17;3;MUY BUENO;martes, 12 de julio de 2005;17;12;5;7
312;425;martes, 4 de enero de 1977;SI;VIAJA FRECUENTEMENTE;INVESTIGACIOÓN Y DESARROLLO;7;LICENCIATURA;CIENCIAS DE LA VIDA;ALTA;TECNICO DE LABORATORIO;BAJA;5210;1;SI;EXCELENTE;24;2;MUY BUENO;martes, 7 de abril de 1998;24;9;9;11
315;429;jueves, 10 de marzo de 1983;SI;VIAJA RARAMENTE;INVESTIGACIOÓN Y DESARROLLO;10;POR DEBAJO DE LA UNIVERSIDAD;MEDICO;ALTA;GERENTE INVESTIGACION Y DESARROLLO;BAJA;17068;1;NO;EXCELENTE;21;3;MUY BUENO;domingo, 18 de marzo de 2001;21;9;11;10
327;444;jueves, 27 de octubre de 1983;SI;VIAJA FRECUENTEMENTE;INVESTIGACIOÓN Y DESARROLLO;7;UNIVERSITARIO;MEDICO;MEDIA;GERENTE INVESTIGACION Y DESARROLLO;MUY ALTA;19272;1;SI;EXCELENTE;21;2;MUY BUENO;domingo, 18 de marzo de 2001;21;9;13;3
343;462;sábado, 23 de febrero de 1991;SI;VIAJA RARAMENTE;INVESTIGACIOÓN Y DESARROLLO;7;MAESTRIA;MEDICO;ALTA;DIRECTOR DE MANUFACTURA;MUY ALTA;7143;1;NO;EXCELENTE;11;2;BUENO;jueves, 16 de junio de 2011;11;9;4;10
387;515;lunes, 11 de marzo de 1985;SI;VIAJA RARAMENTE;INVESTIGACIOÓN Y DESARROLLO;14;LICENCIATURA;CIENCIAS DE LA VIDA;ALTA;TECNICO DE LABORATORIO;BAJA;3034;1;SI;EXCELENTE;18;2;BUENO;viernes, 6 de agosto de 2004;18;7;12;17
391;520;jueves, 21 de junio de 1979;SI;VIAJA RARAMENTE;INVESTIGACIOÓN Y DESARROLLO;12;LICENCIATURA;CIENCIAS DE LA VIDA;MEDIA;DIRECTOR INVESTIGACION Y DESARROLLO;MEDIA;14336;1;SI;EXCELENTE;25;3;MUY BUENO;sábado, 4 de enero de 1997;25;10;3;9
395;524;lunes, 15 de abril de 1991;SI;VIAJA RARAMENTE;INVESTIGACIOÓN Y DESARROLLO;7;UNIVERSITARIO;MEDICO;ALTA;DIRECTOR DE MANUFACTURA;BAJA;4306;1;SI;EXCELENTE;13;5;MALO;martes, 1 de diciembre de 2009;13;10;3;12
400;530;sábado, 2 de noviembre de 1991;SI;VIAJA RARAMENTE;INVESTIGACIOÓN Y DESARROLLO;1;UNIVERSITARIO;CIENCIAS DE LA VIDA;MEDIA;TECNICO DE LABORATORIO;BAJA;2218;1;SI;EXCELENTE;4;3;MUY BUENO;domingo, 4 de noviembre de 2018;4;2;3;2
489;659;sábado, 30 de agosto de 1980;SI;VIAJA RARAMENTE;INVESTIGACIOÓN Y DESARROLLO;2;MAESTRIA;CIENCIAS DE LA VIDA;ALTA;REPRESENTANTE DE ATENCION MEDICA;MUY ALTA;4089;1;SI;EXCELENTE;10;4;MUY BUENO;jueves, 8 de marzo de 2012;10;2;2;2
504;683;martes, 30 de agosto de 1988;SI;VIAJA RARAMENTE;INVESTIGACIOÓN Y DESARROLLO;1;DOCTORADO;CIENCIAS DE LA VIDA;ALTA;CIENTIFICO DE INVESTIGACION;MUY ALTA;2691;1;SI;EXCELENTE;10;4;BUENO;sábado, 5 de mayo de 2012;10;9;8;8
507;689;domingo, 2 de junio de 1985;SI;VIAJA RARAMENTE;INVESTIGACIOÓN Y DESARROLLO;3;LICENCIATURA;OTRO;ALTA;DIRECTOR DE MANUFACTURA;ALTA;9434;1;SI;EXCELENTE;10;2;MUY BUENO;viernes, 24 de agosto de 2012;10;7;7;8
509;691;miércoles, 10 de junio de 1987;SI;VIAJA RARAMENTE;INVESTIGACIOÓN Y DESARROLLO;6;MAESTRIA;CIENCIAS DE LA VIDA;BAJA;CIENTIFICO DE INVESTIGACION;MUY ALTA;6646;1;SI;EXCELENTE;17;3;MUY BUENO;martes, 12 de julio de 2005;17;11;11;8
520;710;sábado, 7 de agosto de 1993;SI;VIAJA FRECUENTEMENTE;INVESTIGACIOÓN Y DESARROLLO;1;MAESTRIA;CIENCIAS DE LA VIDA;BAJA;CIENTIFICO DE INVESTIGACION;MUY ALTA;2720;1;SI;EXCELENTE;10;5;MUY BUENO;viernes, 4 de mayo de 2012;10;7;2;8
524;716;sábado, 30 de diciembre de 1972;SI;VIAJA RARAMENTE;INVESTIGACIOÓN Y DESARROLLO;28;POR DEBAJO DE LA UNIVERSIDAD;MEDICO;MUY ALTA;TECNICO DE LABORATORIO;ALTA;3221;1;NO;EXCELENTE;20;3;MUY BUENO;lunes, 8 de julio de 2002;20;8;3;8
525;717;jueves, 14 de julio de 1988;SI;VIAJA RARAMENTE;INVESTIGACIOÓN Y DESARROLLO;9;LICENCIATURA;MEDICO;MEDIA;REPRESENTANTE DE ATENCION MEDICA;MEDIA;8621;1;SI;EXCELENTE;9;3;EXCELENTE;martes, 18 de marzo de 2014;8;7;7;7
527;721;sábado, 25 de junio de 1983;SI;VIAJA RARAMENTE;INVESTIGACIOÓN Y DESARROLLO;2;MAESTRIA;TITULO TECNICO;MEDIA;REPRESENTANTE DE ATENCION MEDICA;ALTA;4553;1;SI;EXCELENTE;20;4;MUY BUENO;lunes, 21 de octubre de 2002;20;7;11;10
559;772;viernes, 11 de mayo de 1990;SI;VIAJA FRECUENTEMENTE;INVESTIGACIOÓN Y DESARROLLO;24;MAESTRIA;CIENCIAS DE LA VIDA;ALTA;TECNICO DE LABORATORIO;MUY ALTA;5309;1;SI;EXCELENTE;10;2;MUY BUENO;martes, 2 de octubre de 2012;10;8;4;7
585;809;lunes, 7 de abril de 1980;SI;VIAJA FRECUENTEMENTE;INVESTIGACIOÓN Y DESARROLLO;8;LICENCIATURA;CIENCIAS DE LA VIDA;ALTA;GERENTE INVESTIGACION Y DESARROLLO;MUY ALTA;18430;1;SI;EXCELENTE;24;4;BUENO;miércoles, 11 de noviembre de 1998;24;7;14;9
593;820;viernes, 11 de abril de 1975;SI;VIAJA RARAMENTE;INVESTIGACIOÓN Y DESARROLLO;2;UNIVERSITARIO;OTRO;ALTA;GERENTE INVESTIGACION Y DESARROLLO;MUY ALTA;16752;1;NO;EXCELENTE;26;3;BUENO;sábado, 23 de noviembre de 1996;26;14;3;0
601;830;domingo, 20 de mayo de 1990;SI;VIAJA RARAMENTE;INVESTIGACIOÓN Y DESARROLLO;4;LICENCIATURA;CIENCIAS DE LA VIDA;MEDIA;DIRECTOR DE MANUFACTURA;ALTA;6162;1;SI;EXCELENTE;14;3;MUY BUENO;miércoles, 5 de noviembre de 2008;14;13;6;8
605;836;domingo, 2 de marzo de 1980;SI;VIAJA RARAMENTE;INVESTIGACIOÓN Y DESARROLLO;29;LICENCIATURA;CIENCIAS DE LA VIDA;ALTA;DIRECTOR DE MANUFACTURA;MEDIA;4434;1;SI;EXCELENTE;10;3;BUENO;viernes, 28 de junio de 2013;9;8;7;8
654;905;lunes, 25 de septiembre de 1972;SI;NO VIAJA;INVESTIGACIOÓN Y DESARROLLO;2;MAESTRIA;CIENCIAS DE LA VIDA;ALTA;GERENTE INVESTIGACION Y DESARROLLO;BAJA;17924;1;SI;EXCELENTE;31;3;MUY BUENO;jueves, 13 de junio de 1991;31;6;14;7
659;913;miércoles, 24 de mayo de 1978;SI;VIAJA RARAMENTE;INVESTIGACIOÓN Y DESARROLLO;9;UNIVERSITARIO;CIENCIAS DE LA VIDA;ALTA;CIENTIFICO DE INVESTIGACION;BAJA;2559;1;NO;EXCELENTE;8;0;MUY BUENO;lunes, 19 de mayo de 2014;8;7;7;1
682;950;martes, 25 de septiembre de 1984;SI;VIAJA RARAMENTE;INVESTIGACIOÓN Y DESARROLLO;1;LICENCIATURA;TITULO TECNICO;ALTA;DIRECTOR INVESTIGACION Y DESARROLLO;BAJA;13582;1;SI;EXCELENTE;15;3;MUY BUENO;sábado, 19 de mayo de 2007;15;12;5;11
693;966;viernes, 9 de marzo de 1990;SI;VIAJA RARAMENTE;INVESTIGACIOÓN Y DESARROLLO;3;MAESTRIA;MEDICO;ALTA;DIRECTOR DE MANUFACTURA;BAJA;6725;1;SI;EXCELENTE;8;2;EXCELENTE;jueves, 25 de septiembre de 2014;8;7;6;3
708;987;domingo, 28 de diciembre de 1975;SI;VIAJA FRECUENTEMENTE;INVESTIGACIOÓN Y DESARROLLO;16;MAESTRIA;MEDICO;MUY ALTA;DIRECTOR DE MANUFACTURA;ALTA;5067;1;NO;EXCELENTE;20;3;EXCELENTE;martes, 25 de noviembre de 2003;19;10;2;7
725;1009;miércoles, 22 de julio de 1998;SI;VIAJA RARAMENTE;INVESTIGACIOÓN Y DESARROLLO;17;POR DEBAJO DE LA UNIVERSIDAD;MEDICO;MEDIA;DIRECTOR DE MANUFACTURA;ALTA;4377;1;SI;EXCELENTE;5;6;MUY BUENO;lunes, 3 de septiembre de 2018;4;2;3;2
739;1026;jueves, 4 de agosto de 1983;SI;VIAJA RARAMENTE;INVESTIGACIOÓN Y DESARROLLO;1;POR DEBAJO DE LA UNIVERSIDAD;CIENCIAS DE LA VIDA;MEDIA;DIRECTOR DE MANUFACTURA;MUY ALTA;12742;1;SI;EXCELENTE;21;3;MUY BUENO;martes, 24 de julio de 2001;21;6;11;8
754;1043;lunes, 18 de abril de 1983;SI;VIAJA FRECUENTEMENTE;INVESTIGACIOÓN Y DESARROLLO;22;LICENCIATURA;MEDICO;ALTA;DIRECTOR DE MANUFACTURA;BAJA;10880;1;NO;EXCELENTE;21;2;MUY BUENO;martes, 11 de septiembre de 2001;21;6;2;8
794;1102;martes, 22 de noviembre de 1994;SI;VIAJA RARAMENTE;INVESTIGACIOÓN Y DESARROLLO;15;UNIVERSITARIO;CIENCIAS DE LA VIDA;ALTA;TECNICO DE LABORATORIO;ALTA;2207;1;SI;EXCELENTE;4;5;BUENO;lunes, 26 de marzo de 2018;4;2;2;2
815;1128;sábado, 18 de septiembre de 1982;SI;VIAJA RARAMENTE;INVESTIGACIOÓN Y DESARROLLO;14;LICENCIATURA;MEDICO;MEDIA;DIRECTOR INVESTIGACION Y DESARROLLO;ALTA;19626;1;SI;EXCELENTE;21;2;EXCELENTE;viernes, 14 de junio de 2002;20;7;4;9
816;1131;miércoles, 3 de enero de 2001;SI;VIAJA RARAMENTE;INVESTIGACIOÓN Y DESARROLLO;1;POR DEBAJO DE LA UNIVERSIDAD;TITULO TECNICO;MEDIA;CIENTIFICO DE INVESTIGACION;MEDIA;2070;1;NO;EXCELENTE;2;6;EXCELENTE;viernes, 20 de marzo de 2020;2;2;2;2
834;1162;miércoles, 26 de julio de 1995;SI;VIAJA RARAMENTE;INVESTIGACIOÓN Y DESARROLLO;6;LICENCIATURA;CIENCIAS DE LA VIDA;MEDIA;CIENTIFICO DE INVESTIGACION;ALTA;2539;1;SI;EXCELENTE;4;0;MUY BUENO;sábado, 1 de diciembre de 2018;4;2;2;2
849;1185;lunes, 24 de agosto de 1987;SI;VIAJA FRECUENTEMENTE;INVESTIGACIOÓN Y DESARROLLO;4;MAESTRIA;OTRO;MEDIA;TECNICO DE LABORATORIO;MUY ALTA;2376;1;SI;EXCELENTE;2;2;EXCELENTE;sábado, 24 de octubre de 2020;2;2;2;2
856;1196;martes, 14 de mayo de 1985;SI;VIAJA RARAMENTE;INVESTIGACIOÓN Y DESARROLLO;1;LICENCIATURA;CIENCIAS DE LA VIDA;MEDIA;DIRECTOR DE MANUFACTURA;MUY ALTA;6474;1;SI;EXCELENTE;14;2;BUENO;jueves, 7 de agosto de 2008;14;8;3;11
869;1216;viernes, 8 de abril de 1994;SI;VIAJA RARAMENTE;INVESTIGACIOÓN Y DESARROLLO;19;MAESTRIA;MEDICO;MEDIA;TECNICO DE LABORATORIO;BAJA;3196;1;SI;EXCELENTE;6;2;MUY BUENO;lunes, 4 de julio de 2016;6;5;3;3
875;1224;jueves, 6 de febrero de 1992;SI;VIAJA RARAMENTE;INVESTIGACIOÓN Y DESARROLLO;7;MAESTRIA;CIENCIAS DE LA VIDA;ALTA;TECNICO DE LABORATORIO;ALTA;3491;1;SI;EXCELENTE;10;4;BUENO;viernes, 5 de octubre de 2012;10;7;8;9
890;1244;viernes, 9 de junio de 1995;SI;VIAJA RARAMENTE;INVESTIGACIOÓN Y DESARROLLO;14;LICENCIATURA;CIENCIAS DE LA VIDA;ALTA;CIENTIFICO DE INVESTIGACION;BAJA;2235;1;NO;EXCELENTE;9;3;BUENO;sábado, 16 de febrero de 2013;9;7;6;8
892;1246;sábado, 25 de febrero de 1978;SI;VIAJA RARAMENTE;INVESTIGACIOÓN Y DESARROLLO;2;POR DEBAJO DE LA UNIVERSIDAD;CIENCIAS DE LA VIDA;MUY ALTA;CIENTIFICO DE INVESTIGACION;MUY ALTA;2011;1;SI;EXCELENTE;10;5;MUY BUENO;martes, 3 de abril de 2012;10;5;7;7
915;1278;domingo, 5 de marzo de 1967;SI;NO VIAJA;INVESTIGACIOÓN Y DESARROLLO;8;POR DEBAJO DE LA UNIVERSIDAD;MEDICO;MEDIA;REPRESENTANTE DE ATENCION MEDICA;MEDIA;13577;1;NO;EXCELENTE;34;3;MUY BUENO;viernes, 28 de julio de 1989;33;9;15;0
923;1288;lunes, 27 de noviembre de 1978;SI;VIAJA RARAMENTE;INVESTIGACIOÓN Y DESARROLLO;4;UNIVERSITARIO;CIENCIAS DE LA VIDA;MUY ALTA;GERENTE INVESTIGACION Y DESARROLLO;BAJA;19190;1;SI;EXCELENTE;26;4;BUENO;jueves, 28 de agosto de 1997;25;9;14;13
930;1296;martes, 1 de noviembre de 1994;SI;VIAJA FRECUENTEMENTE;INVESTIGACIOÓN Y DESARROLLO;2;LICENCIATURA;CIENCIAS DE LA VIDA;MEDIA;TECNICO DE LABORATORIO;MUY ALTA;3867;1;NO;EXCELENTE;2;2;MUY BUENO;domingo, 5 de julio de 2020;2;2;2;2
935;1303;jueves, 23 de enero de 1997;SI;VIAJA RARAMENTE;INVESTIGACIOÓN Y DESARROLLO;1;LICENCIATURA;MEDICO;ALTA;CIENTIFICO DE INVESTIGACION;MEDIA;2096;1;SI;EXCELENTE;2;3;BUENO;sábado, 21 de marzo de 2020;2;2;2;1
939;1308;sábado, 14 de marzo de 1964;SI;VIAJA RARAMENTE;INVESTIGACIOÓN Y DESARROLLO;23;MAESTRIA;CIENCIAS DE LA VIDA;ALTA;CIENTIFICO DE INVESTIGACION;ALTA;2372;1;SI;EXCELENTE;2;3;MUY BUENO;viernes, 20 de marzo de 2020;2;2;2;2
960;1346;sábado, 6 de marzo de 1982;SI;VIAJA RARAMENTE;INVESTIGACIOÓN Y DESARROLLO;2;LICENCIATURA;CIENCIAS DE LA VIDA;ALTA;CIENTIFICO DE INVESTIGACION;MUY ALTA;4661;1;SI;EXCELENTE;9;4;MUY BUENO;domingo, 17 de febrero de 2013;9;8;8;8
984;1383;lunes, 22 de febrero de 1988;SI;VIAJA RARAMENTE;INVESTIGACIOÓN Y DESARROLLO;2;MAESTRIA;TITULO TECNICO;ALTA;REPRESENTANTE DE ATENCION MEDICA;MUY ALTA;6687;1;SI;EXCELENTE;14;2;EXCELENTE;jueves, 31 de julio de 2008;14;11;4;11
1051;1480;martes, 29 de julio de 1980;SI;VIAJA FRECUENTEMENTE;INVESTIGACIOÓN Y DESARROLLO;9;UNIVERSITARIO;MEDICO;ALTA;TECNICO DE LABORATORIO;MUY ALTA;3673;1;SI;EXCELENTE;12;3;MUY BUENO;viernes, 20 de agosto de 2010;12;9;5;8
1082;1529;sábado, 26 de diciembre de 1987;SI;VIAJA RARAMENTE;INVESTIGACIOÓN Y DESARROLLO;16;LICENCIATURA;CIENCIAS DE LA VIDA;MEDIA;REPRESENTANTE DE ATENCION MEDICA;MEDIA;8606;1;SI;EXCELENTE;11;3;MALO;jueves, 27 de enero de 2011;11;8;3;3
1090;1543;lunes, 18 de noviembre de 1985;SI;VIAJA RARAMENTE;INVESTIGACIOÓN Y DESARROLLO;13;LICENCIATURA;MEDICO;ALTA;CIENTIFICO DE INVESTIGACION;MUY ALTA;4285;1;SI;EXCELENTE;10;2;MUY BUENO;martes, 3 de abril de 2012;10;8;3;7
1096;1549;lunes, 6 de febrero de 1989;SI;VIAJA RARAMENTE;INVESTIGACIOÓN Y DESARROLLO;28;MAESTRIA;CIENCIAS DE LA VIDA;ALTA;TECNICO DE LABORATORIO;ALTA;5207;1;NO;EXCELENTE;15;3;MUY BUENO;viernes, 7 de septiembre de 2007;15;14;5;7
1100;1553;sábado, 3 de diciembre de 1977;SI;VIAJA RARAMENTE;INVESTIGACIOÓN Y DESARROLLO;1;MAESTRIA;TITULO TECNICO;ALTA;REPRESENTANTE DE ATENCION MEDICA;MEDIA;7441;1;SI;EXCELENTE;10;4;MUY BUENO;martes, 21 de febrero de 2012;10;8;7;7
1131;1596;viernes, 9 de enero de 1987;SI;VIAJA RARAMENTE;INVESTIGACIOÓN Y DESARROLLO;28;LICENCIATURA;CIENCIAS DE LA VIDA;MUY ALTA;TECNICO DE LABORATORIO;ALTA;3407;1;SI;EXCELENTE;10;3;BUENO;martes, 2 de octubre de 2012;10;9;6;8
1132;1597;domingo, 31 de enero de 1988;SI;VIAJA FRECUENTEMENTE;INVESTIGACIOÓN Y DESARROLLO;10;MAESTRIA;TITULO TECNICO;MEDIA;REPRESENTANTE DE ATENCION MEDICA;ALTA;5063;1;SI;EXCELENTE;8;3;BUENO;miércoles, 30 de abril de 2014;8;2;7;7
1147;1615;viernes, 8 de julio de 1988;SI;VIAJA FRECUENTEMENTE;INVESTIGACIOÓN Y DESARROLLO;10;MAESTRIA;CIENCIAS DE LA VIDA;MUY ALTA;DIRECTOR DE MANUFACTURA;MUY ALTA;4724;1;SI;EXCELENTE;9;3;MUY BUENO;domingo, 8 de diciembre de 2013;9;7;7;2
1153;1623;martes, 16 de octubre de 2001;SI;VIAJA RARAMENTE;INVESTIGACIOÓN Y DESARROLLO;5;POR DEBAJO DE LA UNIVERSIDAD;MEDICO;ALTA;CIENTIFICO DE INVESTIGACION;MUY ALTA;3117;1;SI;EXCELENTE;3;2;MUY BUENO;miércoles, 18 de marzo de 2020;2;2;2;2
1157;1628;sábado, 10 de abril de 1982;SI;VIAJA RARAMENTE;INVESTIGACIOÓN Y DESARROLLO;15;LICENCIATURA;CIENCIAS DE LA VIDA;MEDIA;DIRECTOR DE MANUFACTURA;ALTA;10435;1;SI;EXCELENTE;18;2;MUY BUENO;domingo, 28 de noviembre de 2004;18;15;14;12
1158;1630;sábado, 15 de agosto de 1987;SI;NO VIAJA;INVESTIGACIOÓN Y DESARROLLO;8;MAESTRIA;CIENCIAS DE LA VIDA;ALTA;REPRESENTANTE DE ATENCION MEDICA;ALTA;4148;1;SI;EXCELENTE;15;5;MUY BUENO;martes, 18 de marzo de 2008;14;11;2;9
1161;1635;sábado, 8 de enero de 1977;SI;VIAJA RARAMENTE;INVESTIGACIOÓN Y DESARROLLO;2;UNIVERSITARIO;OTRO;MEDIA;DIRECTOR DE MANUFACTURA;MUY ALTA;5770;1;SI;EXCELENTE;10;3;MUY BUENO;viernes, 28 de septiembre de 2012;10;7;3;9
1164;1640;lunes, 4 de febrero de 1985;SI;VIAJA RARAMENTE;INVESTIGACIOÓN Y DESARROLLO;10;LICENCIATURA;MEDICO;ALTA;CIENTIFICO DE INVESTIGACION;MEDIA;3936;1;SI;EXCELENTE;8;2;MALO;miércoles, 19 de noviembre de 2014;8;4;7;7
1180;1658;sábado, 12 de noviembre de 1988;SI;VIAJA RARAMENTE;INVESTIGACIOÓN Y DESARROLLO;3;LICENCIATURA;CIENCIAS DE LA VIDA;ALTA;CIENTIFICO DE INVESTIGACION;MEDIA;5433;1;SI;EXCELENTE;11;2;MUY BUENO;lunes, 6 de junio de 2011;11;8;7;9
1209;1696;miércoles, 6 de abril de 1988;SI;VIAJA RARAMENTE;INVESTIGACIOÓN Y DESARROLLO;5;UNIVERSITARIO;MEDICO;MEDIA;TECNICO DE LABORATORIO;MUY ALTA;3986;1;SI;EXCELENTE;15;3;EXCELENTE;jueves, 6 de septiembre de 2007;15;10;4;13
1213;1701;lunes, 4 de julio de 1988;SI;VIAJA RARAMENTE;INVESTIGACIOÓN Y DESARROLLO;19;LICENCIATURA;CIENCIAS DE LA VIDA;MEDIA;CIENTIFICO DE INVESTIGACION;MUY ALTA;2929;1;SI;EXCELENTE;10;3;MUY BUENO;miércoles, 4 de abril de 2012;10;9;8;7
1215;1703;domingo, 10 de septiembre de 1978;SI;VIAJA RARAMENTE;INVESTIGACIOÓN Y DESARROLLO;2;LICENCIATURA;CIENCIAS DE LA VIDA;MUY ALTA;REPRESENTANTE DE ATENCION MEDICA;MUY ALTA;7879;1;NO;EXCELENTE;9;2;MUY BUENO;miércoles, 18 de junio de 2014;8;7;6;7
1226;1719;sábado, 5 de febrero de 1977;SI;VIAJA RARAMENTE;INVESTIGACIOÓN Y DESARROLLO;28;UNIVERSITARIO;TITULO TECNICO;MEDIA;DIRECTOR INVESTIGACION Y DESARROLLO;MEDIA;16704;1;SI;EXCELENTE;21;2;MUY BUENO;martes, 22 de mayo de 2001;21;6;8;6
1241;1737;jueves, 15 de septiembre de 1983;SI;NO VIAJA;INVESTIGACIOÓN Y DESARROLLO;1;LICENCIATURA;CIENCIAS DE LA VIDA;ALTA;TECNICO DE LABORATORIO;MUY ALTA;6472;1;NO;EXCELENTE;9;2;MUY BUENO;lunes, 16 de septiembre de 2013;9;8;5;8
1383;1948;sábado, 2 de marzo de 1991;SI;NO VIAJA;INVESTIGACIOÓN Y DESARROLLO;3;UNIVERSITARIO;MEDICO;ALTA;CIENTIFICO DE INVESTIGACION;BAJA;3065;1;NO;EXCELENTE;4;3;EXCELENTE;sábado, 10 de noviembre de 2018;4;2;2;3
1405;1976;jueves, 10 de enero de 1980;SI;NO VIAJA;INVESTIGACIOÓN Y DESARROLLO;23;UNIVERSITARIO;CIENCIAS DE LA VIDA;MEDIA;CIENTIFICO DE INVESTIGACION;ALTA;4332;1;SI;EXCELENTE;20;2;MUY BUENO;jueves, 21 de marzo de 2002;20;9;3;7
1410;1985;miércoles, 24 de marzo de 1982;SI;VIAJA FRECUENTEMENTE;INVESTIGACIOÓN Y DESARROLLO;11;LICENCIATURA;TITULO TECNICO;ALTA;TECNICO DE LABORATORIO;ALTA;6323;1;SI;EXCELENTE;10;2;EXCELENTE;viernes, 11 de mayo de 2012;10;9;9;4
1427;2010;miércoles, 24 de enero de 1990;SI;VIAJA RARAMENTE;INVESTIGACIOÓN Y DESARROLLO;29;MAESTRIA;CIENCIAS DE LA VIDA;MEDIA;TECNICO DE LABORATORIO;MEDIA;2837;1;SI;EXCELENTE;6;3;MUY BUENO;lunes, 4 de enero de 2016;6;2;4;1
